TotalCharges,tenure,MonthlyCharges,InternetService_Fiber optic,PaperlessBilling_Yes,PaymentMethod_Electronic check,Partner_Yes,SeniorCitizen,Dependents_Yes,OnlineSecurity_Yes,TechSupport_Yes,PaymentMethod_Mailed check,Contract_One year,StreamingMovies_No internet service,StreamingMovies_Yes
-0.8362552972334064,-1.1145631287986442,0.5131066631323666,1,0,1,0,0,0,0,0,0,0,0,0
-0.9083004678430808,-1.1960038562387048,0.7341256641544608,1,1,1,0,1,0,0,0,0,0,0,0
-0.9101534361012598,-1.1960038562387048,0.3452651661155883,1,1,0,1,0,0,0,0,0,0,0,0
1.1326558319573743,1.125056875803025,0.5247392421335293,0,0,0,0,0,0,0,1,0,1,0,1
-0.5112358410904361,-0.8295205827584317,1.1346187411944968,1,1,0,0,0,0,1,1,0,0,0,1
-0.4234404402862401,1.3286586944031769,-1.5093002860698053,0,0,0,1,0,0,0,0,0,0,1,0
-0.8518952316982745,-0.5851984004382496,-1.520932865070968,0,0,1,0,0,0,0,0,0,0,1,0
-0.7834015835834434,-0.9924020376385532,-0.0219919709211252,0,0,0,0,0,0,0,1,1,0,0,1
-0.7240624810298536,-0.055833672077855,-1.4727407520661506,0,0,0,0,0,0,0,0,1,0,1,0
-0.263004271932241,1.369379058123207,-1.3165318340505352,0,1,0,0,0,0,0,0,0,0,1,0
-0.9967576430251978,-1.2774445836787656,-1.4727407520661506,0,1,0,0,0,0,0,0,1,0,1,0
-0.819380050596419,-0.4223169455581282,-1.5009913010689746,0,0,0,0,0,0,0,0,1,1,1,0
-0.3771382929776956,1.4508197855632678,-1.4710789550659844,0,0,0,0,0,0,0,0,0,0,1,0
-0.5809648013773866,-0.5444780367182193,-0.5039131009693008,0,1,0,1,0,1,0,0,0,0,0,0
-0.9790220896969128,-1.1960038562387048,-1.4993295040688086,0,0,0,1,0,1,0,0,1,0,1,0
1.6779799785102707,1.6137012404433893,0.6809481601491449,0,1,1,1,0,0,1,0,0,0,0,1
-0.9816691872085972,-1.2774445836787656,-0.3360716039525224,0,1,1,0,0,0,0,0,0,0,0,0
-0.9970444119222968,-1.2774445836787656,-1.4943441130683104,0,0,0,0,0,0,0,0,0,0,1,0
2.3813579056566496,1.6137012404433893,1.39884446422091,1,1,0,1,1,0,1,0,0,1,0,1
-0.2116285210596349,-0.2594354906780068,0.1574821050968162,0,1,0,0,0,0,1,0,0,0,0,0
-0.9390288581245492,-1.1960038562387048,-0.4690153639658123,0,1,0,0,0,0,0,0,1,0,0,0
1.7925110641824775,1.5729808767233588,0.8354952811645946,0,0,0,1,0,1,1,1,0,0,0,1
-0.0897958580843651,0.4328106925625091,-0.5221928679711283,0,1,0,0,0,0,0,0,0,0,0,1
-0.8713955167010156,-0.7073594915983407,-1.4943441130683104,0,0,0,0,0,0,0,0,1,1,1,0
-0.7342979247416996,-0.3815965818380978,-1.328164413051698,0,0,0,0,0,0,0,0,0,1,1,0
-0.983455978028984,-1.2774445836787656,-0.4706771609659783,0,0,0,0,0,1,1,0,1,0,0,0
1.7543487417223624,1.0843365120829946,1.3755793062185846,1,1,1,1,0,1,0,0,0,1,0,1
2.374475452126271,1.5729808767233588,1.4703017352280534,1,1,0,1,0,1,1,0,0,0,0,1
0.5582356719218818,0.6364125111626608,0.1957034361006372,1,1,0,1,1,0,0,0,0,0,0,0
0.1265161269121034,-0.3001558543980371,1.3356961782145975,1,1,0,1,0,0,0,1,0,0,0,1
-0.2075255199165243,1.6137012404433893,-1.3082228490497043,0,0,0,0,1,0,0,0,0,0,1,0
2.401872911372203,1.5322605130033284,1.6431286232453304,1,1,0,1,0,1,1,1,0,0,0,1
-0.990426668143086,-1.2367242199587352,-1.4727407520661506,0,0,0,0,0,0,0,0,1,1,1,0
-0.5830604202408033,0.5549717837226001,-1.5076384890696393,0,0,0,1,0,1,0,0,0,0,1,0
-0.3701455437176629,-0.3408762181180675,-0.143303151933252,0,0,0,0,0,0,1,1,0,0,0,0
0.921020385898215,0.7178532386027215,0.7740087921584478,1,1,1,1,1,0,0,0,0,0,0,0
0.9944994009933846,0.4328106925625091,1.422109622223236,1,1,1,1,1,0,0,1,0,1,0,1
1.5222644673854415,1.6137012404433893,0.4715617381282135,0,1,1,1,0,1,0,1,0,0,0,1
-0.7164079573918998,-0.9516816739185228,0.3652067301175816,1,1,0,1,0,0,0,0,0,0,0,0
0.6670093205061757,1.0436161483629645,0.0162293600826957,0,1,0,1,0,0,1,0,0,0,0,0
-0.2936885439218482,-0.3408762181180675,0.1558203080966501,0,1,0,1,0,0,0,0,0,0,0,1
0.863335719289428,0.5549717837226001,0.8703930181680831,1,0,0,1,0,1,0,1,0,1,0,1
-1.005779833710855,-1.318164947398796,0.2854404741096075,0,0,0,1,0,1,0,1,1,0,0,0
-0.915315276249044,-1.1960038562387048,0.4865179111297087,1,1,1,0,1,0,0,0,0,0,0,0
-0.8756749910115718,-0.6666391278783103,-1.4960059100684764,0,0,0,0,0,0,0,0,0,0,1,0
1.568743087861432,0.8400143297628127,1.5201556452330371,1,0,1,1,0,0,1,1,0,1,0,1
1.6969729031566052,1.3286586944031769,0.9850570111795456,1,0,1,1,1,0,1,0,0,0,0,1
-0.6253036846980985,0.5549717837226001,-1.4893587220678115,0,0,0,1,0,1,0,0,0,0,1,0
-0.2810265941576249,-0.3815965818380978,0.2954112561106046,0,1,0,1,0,0,0,1,0,0,0,1
-0.913175539093766,-1.1960038562387048,0.0162293600826957,0,1,0,0,0,0,0,1,1,0,0,0
-0.8576967870780492,-1.0738427650786138,-0.3011738669490337,0,1,0,0,0,0,1,0,0,0,0,0
0.3934759109654648,1.002895784642934,-0.3011738669490337,0,0,1,1,0,0,1,1,0,0,0,0
0.8437251385570331,0.5142514200025698,0.8155537171626008,1,1,0,0,0,0,0,0,0,0,0,1
0.2294220426788305,1.5322605130033284,-0.8213163280010305,0,1,0,0,0,0,0,1,1,0,0,1
-0.9809191762469534,-1.2367242199587352,-1.3198554280508674,0,1,1,0,0,0,0,0,0,0,0,0
0.64170748012366,0.2292088739623573,1.156222102196656,1,1,1,0,1,0,0,1,0,0,0,1
-0.8138652641137434,-1.0738427650786138,0.144187729095487,1,1,1,0,0,0,0,0,0,0,0,0
-0.4932355780109828,-0.7888002190384014,0.8039211381614382,0,0,0,0,0,1,1,1,0,0,0,1
-0.8422553849265575,-1.1552834925186746,0.787303168159777,1,1,1,0,0,0,0,0,0,0,0,1
0.9678298935631654,0.6364125111626608,1.068146861187852,1,1,0,1,0,0,1,0,0,0,0,0
0.4673519906873876,0.3513699651224484,0.7125223031523015,1,1,0,1,0,0,0,1,0,1,0,0
1.9596752720453408,1.2879383306831464,1.3174164112127704,1,1,0,1,0,1,1,1,0,1,0,1
1.5280660227652163,1.5322605130033284,0.4964886931307054,0,0,0,1,0,1,1,1,0,0,0,0
-0.9728675879822468,-1.2774445836787656,0.3269853991137605,1,0,0,1,0,1,0,0,0,0,0,0
0.3235263592192074,0.2292088739623573,0.4881797081298748,1,1,1,1,0,0,1,0,0,0,0,0
-0.7796956470670853,-1.1145631287986442,1.0465435001856922,1,1,1,0,0,0,0,0,0,0,0,1
1.3021362501429614,1.125056875803025,0.8238627021634315,1,1,1,0,0,0,0,0,0,0,0,0
-0.0938547409356143,-0.2594354906780068,0.6959043331506402,1,1,0,1,1,0,0,0,0,0,0,0
-0.5394715478817352,-0.8702409464784621,1.15456030519649,1,1,1,1,0,0,0,0,0,0,0,1
1.9469030265514644,1.2879383306831464,1.3174164112127704,1,1,0,0,0,0,0,0,0,0,0,1
2.531007151650536,1.5729808767233588,1.6713791722481544,1,1,0,1,1,0,1,1,0,0,0,1
1.0306764003197366,1.4100994218432374,0.1707764810981453,0,1,0,1,0,1,0,1,0,0,0,1
-0.7019592168072897,-0.9109613101984924,0.2688225041079463,1,1,1,0,1,0,0,0,0,0,0,0
0.3022392833960795,-0.1372743995179157,1.302460238211275,1,1,1,1,1,1,0,0,0,0,0,1
0.5965965266953733,1.369379058123207,-0.3360716039525224,0,0,0,1,0,1,0,1,0,0,0,1
-0.1233257598990328,-0.0965540357978854,0.0943338190905033,0,0,1,1,0,1,1,1,0,0,0,0
-0.5350156004037333,-0.6666391278783103,-0.0568897079246137,0,1,0,0,0,0,0,0,0,0,0,1
0.7086790471692728,0.880734693482843,0.2438955491054544,0,0,0,0,1,0,0,1,1,1,0,0
2.1768034454412457,1.5729808767233588,1.1445895231954937,1,1,1,1,1,0,0,0,0,0,0,1
-0.9256389565446128,-1.2367242199587352,0.7141841001524675,1,1,1,0,0,0,1,1,0,0,0,0
-0.9838089243638752,-1.2774445836787656,-0.4972659129686364,0,1,0,0,0,0,0,0,0,0,0,0
0.1737006400578759,-0.2187151269579764,1.1877962451998123,1,1,0,0,0,0,0,0,0,1,0,1
-0.7721734783047157,-1.0331224013585834,0.1724382780983114,1,1,0,1,0,1,0,0,0,0,0,0
-0.8237698206366288,-0.4223169455581282,-1.5126238800701377,0,1,0,0,0,0,0,0,1,1,1,0
-0.276129463761009,-0.0965540357978854,-0.3028356639492,0,1,0,0,0,0,1,0,1,0,0,0
-0.8040268850286502,-0.2594354906780068,-1.4943441130683104,0,0,0,0,0,0,0,0,0,1,1,0
-0.8073578160641862,-0.9516816739185228,-0.3128064459501966,0,0,1,0,0,1,0,0,0,0,0,0
-0.5190447787499047,1.125056875803025,-1.5126238800701377,0,1,0,1,0,1,0,0,0,0,1,0
-0.8904987370770039,-0.7888002190384014,-1.4744025490663168,0,1,0,0,0,0,0,0,1,0,1,0
-0.1899443806097543,1.6137012404433893,-1.3215172250510334,0,0,0,1,0,0,0,0,0,0,1,0
0.2695255699808477,-0.1779947632379461,1.2808568772091151,1,1,1,0,1,0,0,1,0,0,0,1
-0.5829280653652191,0.2699292376823877,-1.3065610520495383,0,0,0,0,0,1,0,0,0,1,1,0
-0.8150785171399321,-0.8295205827584317,-0.9725398550161476,0,0,0,1,0,1,0,1,1,0,0,0
-0.8027474545646693,-0.3001558543980371,-1.461108173064988,0,0,0,0,0,1,0,0,1,0,1,0
0.049441471030229,-0.3408762181180675,1.2060760122016398,1,1,1,1,0,0,0,0,0,0,0,1
-0.9108372696251116,-0.9924020376385532,-1.304899255049372,0,0,0,0,0,1,0,0,1,0,0,0
1.51028635114507,1.1657772395230557,0.9833952141793793,1,1,0,1,0,0,0,1,0,0,0,1
-0.954183491378942,-1.1552834925186746,-1.3115464430500368,0,1,0,0,0,0,0,0,0,0,1,0
-0.1349950480963745,-0.4630373092781585,0.9800716201790473,1,1,1,0,1,0,0,0,0,0,0,1
-0.9634924509616984,-1.2774445836787656,1.0332491241843629,1,1,1,0,0,0,0,1,0,0,0,1
-0.4977356437808461,-0.7073594915983407,0.3436033691154218,1,0,0,1,0,1,1,0,1,0,0,0
-0.9049033593697524,-0.748079855318371,-1.4993295040688086,0,0,0,1,1,0,0,0,1,1,1,0
-0.5194197842307267,0.880734693482843,-1.4860351280674795,0,0,0,1,0,0,0,0,0,0,1,0
-0.9904707864349476,-1.2774445836787656,-0.9991286070188056,0,1,1,0,0,0,0,0,0,0,0,0
0.9217262785679972,1.002895784642934,0.3269853991137605,0,0,0,1,0,0,0,1,0,1,0,0
-0.6614365657325892,-0.9924020376385532,1.2160467942026365,1,0,1,0,1,0,0,0,0,0,0,1
0.1024495987017069,0.1477681465222966,0.1973652331008032,0,1,0,0,0,0,0,1,1,1,0,1
-0.9690292965903046,-1.1552834925186746,-1.4860351280674795,0,0,0,0,0,0,0,0,1,0,1,0
-0.5091843405188807,1.002895784642934,-1.4660935640654862,0,0,0,0,0,0,0,0,0,0,1,0
-0.6819736305940732,-0.8702409464784621,-0.0236537679212913,0,0,0,0,0,0,1,0,0,0,0,1
0.8795933098403554,0.3920903288424788,1.2293411702039656,1,1,1,0,0,0,0,0,0,0,0,1
-0.7375406191935128,-0.8702409464784621,-0.3659839499555126,0,0,1,0,0,0,0,0,0,0,0,0
-0.8868148597065765,-0.8295205827584317,-1.3547531650543558,0,1,0,1,0,1,0,0,0,0,1,0
0.3131806197777078,0.0256070553622056,0.8604222361670865,1,1,1,0,0,0,1,0,0,0,0,1
-0.8281595906768386,-0.9109613101984924,-0.6385186579827569,0,1,1,0,0,0,0,0,0,0,0,0
-0.317865367861898,-0.7073594915983407,1.3489905542159264,1,1,0,1,0,1,0,0,0,0,0,1
0.8733505715419668,0.3513699651224484,1.1645310871974868,1,1,1,1,1,0,0,0,0,0,0,1
-0.4208374610664173,0.0663274190822359,-0.8046983579993692,0,1,1,1,0,1,0,1,0,0,0,0
-0.6328699717523295,0.4735310562825394,-1.4860351280674795,0,0,0,0,0,0,0,0,1,0,1,0
-0.4000356864537648,-0.3001558543980371,-0.3543513709543497,0,0,1,1,0,0,0,0,0,0,0,0
-0.6385612314024508,-0.9924020376385532,1.181149057199148,1,0,0,0,1,0,1,1,0,0,0,1
-0.974786733678218,-1.2774445836787656,0.182409060099308,1,1,1,0,0,0,0,0,0,0,0,0
1.77404755903848,1.5729808767233588,0.6875953481498096,0,0,1,1,0,1,1,1,0,1,0,1
-0.656936499962726,-0.1779947632379461,-1.1636465100352518,0,1,0,0,0,0,0,0,1,0,0,0
-0.5893693359769843,-0.8295205827584317,0.4798707231290441,0,1,1,1,1,0,1,1,0,1,0,1
0.079684560101222,0.3106496014024181,-0.0219919709211252,0,1,0,0,0,1,1,1,0,0,0,0
-0.3177771312781752,-0.3408762181180675,0.0511270970861842,0,0,0,1,0,0,1,0,1,0,0,0
-0.910285790976844,-0.9924020376385532,-1.1769408860365806,0,0,0,0,0,0,1,0,1,0,0,0
1.0565517784964509,1.247217966963116,0.3236618051134285,0,0,0,1,0,1,1,1,0,0,0,0
1.1139937945,1.6137012404433893,-0.0003886099189655,0,0,0,1,0,0,1,1,0,0,0,0
-0.5992077150620776,0.5956921474426305,-1.4993295040688086,0,0,0,1,0,0,0,0,0,0,1,0
-0.5075299045740781,-0.6666391278783103,0.3319707901142591,1,1,0,0,0,0,0,0,0,0,0,0
-0.6616130389000349,0.3106496014024181,-1.517609271070636,0,0,0,1,0,0,0,0,1,0,1,0
-0.7987547491512123,-0.9924020376385532,-0.2180840169407275,0,0,0,0,0,0,1,1,0,1,0,0
-0.0406701400966905,-0.3001558543980371,0.82884809316393,1,1,1,0,1,0,0,0,0,0,0,1
0.358247454914133,0.0663274190822359,0.8338334841644282,1,1,1,1,0,1,0,0,0,0,0,0
0.4756682887032624,0.8400143297628127,-0.1216997909310924,0,1,1,0,0,0,0,0,0,1,0,1
0.51076438987901,1.002895784642934,-0.1998042499389002,0,1,0,1,0,0,1,0,0,0,0,1
-0.7077166538952031,0.0663274190822359,-1.4976677070686424,0,0,0,0,0,0,0,0,1,0,1,0
1.1926567088888853,1.2064976032430856,0.5546515881365197,1,1,0,1,0,1,1,0,0,1,0,0
-0.6219948128084932,0.3920903288424788,-1.4760643460664828,0,0,0,1,0,0,0,0,0,0,1,0
-0.8574761956187422,-1.1552834925186746,0.5097830691320341,1,1,1,0,0,0,1,0,0,0,0,0
1.705090668859104,1.0436161483629645,1.4852579082295487,1,1,0,1,0,0,1,0,0,0,0,1
-0.1867678635957332,1.5322605130033284,-1.286619488047545,0,0,0,0,0,0,0,0,0,1,1,0
-0.5921708475101835,-0.62591876415828,-0.2961884759485353,0,1,0,0,0,1,0,0,1,1,0,0
0.7762903294468759,1.5322605130033284,-0.2313783929420567,0,0,0,1,0,0,0,1,0,0,0,1
-0.9859707206650842,-1.2774445836787656,-0.6601220189849164,0,1,0,0,0,0,0,0,1,0,0,0
0.777613878202718,0.5956921474426305,0.6892571451499756,1,0,0,0,1,0,1,0,1,0,0,1
1.0011833222103876,1.6137012404433893,-0.1266851819315907,0,0,0,1,0,1,1,1,0,0,0,1
-0.5280890285814928,-0.1372743995179157,-0.8395960950028577,0,0,0,0,0,0,1,1,0,1,0,0
-0.2088490686723664,-0.5851984004382496,1.290827659210112,1,1,0,0,1,0,0,1,0,0,0,1
-0.994441432702474,-1.2774445836787656,-1.2982520670487077,0,1,1,0,0,0,0,0,0,0,1,0
0.5786183227618509,0.2292088739623573,1.0049985751815391,1,0,0,1,1,0,1,0,0,1,0,1
1.60355242014008,0.9621754209229036,1.397182667220744,1,1,1,0,0,0,0,0,0,1,0,1
-0.8878295804193889,-1.0738427650786138,-0.5022513039691348,0,1,0,0,0,0,0,1,0,0,0,0
-0.985683951767985,-1.2774445836787656,-0.6385186579827569,0,1,0,0,0,0,0,0,1,0,0,0
-0.7963061839529043,-1.1145631287986442,0.6792863631489789,1,1,1,0,0,0,0,0,0,0,0,0
-0.368138161437969,0.3920903288424788,-1.0373499380226263,0,0,0,1,0,0,0,1,1,1,0,0
1.7204438344268729,1.5729808767233588,0.7291402731539627,1,1,0,1,1,1,1,0,0,1,0,0
1.5704195829521652,0.7992939660427822,1.440389389225063,1,0,0,0,1,0,1,0,0,0,0,1
0.6629504376549264,0.1070477828022663,1.5018758782312098,1,1,1,1,0,1,0,1,0,0,0,1
-0.5055225222943841,-0.7073594915983407,0.3136910231124318,1,1,0,0,1,0,0,0,0,0,0,0
-0.1072887608074121,0.3106496014024181,-0.4623681759651477,0,1,1,1,0,1,0,0,0,0,0,1
1.889659542861292,1.6137012404433893,0.8338334841644282,0,0,0,1,0,1,1,1,0,0,0,1
0.1525679782562631,-0.1779947632379461,0.8371570781647607,1,1,1,0,0,0,0,0,0,0,0,1
-0.8930575980049653,-0.8295205827584317,-1.4710789550659844,0,0,0,1,0,1,0,0,1,0,1,0
-0.9746984970944952,-1.2774445836787656,0.1890562480999726,0,1,0,0,0,1,1,1,0,0,0,1
0.1015672328644788,-0.0965540357978854,0.6875953481498096,1,0,1,1,0,1,0,0,0,0,0,0
-0.6786426995585372,0.2292088739623573,-1.4860351280674795,0,0,0,0,0,0,0,0,1,0,1,0
-0.5392068381305668,-0.8295205827584317,0.8105683261621028,1,1,1,0,0,0,0,0,0,0,0,1
1.5418529889719057,1.125056875803025,0.9468356801757248,1,1,1,1,1,1,1,0,0,0,0,1
-0.5166844501353196,-0.7073594915983407,0.1275697590938257,1,1,0,1,0,0,0,0,0,0,0,0
0.3953509383695746,0.9214550572028734,-0.184848076937405,0,1,1,0,0,0,1,1,0,0,0,0
1.958042895246469,1.4100994218432374,1.3589613362169235,1,1,0,1,0,1,0,1,0,0,0,1
0.9573738583920124,0.8400143297628127,0.6593447991469852,0,1,1,0,0,1,0,1,0,1,0,1
-0.6351420637831919,-0.4630373092781585,-0.7598298389948839,0,1,1,0,1,0,1,0,0,0,0,0
-0.9089401830750712,-0.9109613101984924,-1.4893587220678115,0,1,0,0,0,1,0,0,0,1,1,0
-0.9660292527437292,-1.2774445836787656,0.8421424691652587,1,1,1,1,0,1,0,0,0,0,0,1
1.9229467940707217,1.2064976032430856,1.2093996062019725,1,1,0,1,0,1,1,0,0,0,0,1
-0.9742131958840196,-1.2774445836787656,0.2256157821036271,1,1,0,0,0,0,0,0,1,0,0,0
1.723002695354834,1.6137012404433893,0.6626683931473177,1,1,0,0,0,0,1,1,0,0,0,0
-0.4492937593170235,-0.6666391278783103,0.3220000081132624,1,1,0,0,1,0,0,0,0,0,0,0
-0.3155932758310357,-0.5444780367182193,0.7341256641544608,1,1,1,1,0,0,0,0,0,0,0,0
0.8377691691557435,0.3106496014024181,1.3705939152180862,1,1,0,1,0,0,0,0,0,1,0,1
-0.8803515299488808,-0.7073594915983407,-1.4860351280674795,0,0,0,1,0,1,0,0,1,0,1,0
0.0050584694176554,-0.3001558543980371,0.8039211381614382,1,1,1,0,1,0,0,0,0,0,0,0
-0.3655793005100076,-0.7073594915983407,1.0282637331838649,1,0,1,0,0,0,0,1,0,0,0,1
-0.3817486544772124,1.3286586944031769,-1.4744025490663168,0,1,0,1,0,0,0,0,0,0,1,0
-0.7930193712092296,-0.9924020376385532,-0.3360716039525224,0,0,0,1,0,1,1,0,1,0,0,0
-0.8388362173072986,-1.1145631287986442,0.4715617381282135,1,0,1,0,1,0,0,0,0,0,0,1
0.4786021551120458,1.369379058123207,-0.4723389579661445,0,0,0,1,0,1,0,1,0,0,0,1
1.243878045739976,0.9214550572028734,0.8521132511662559,1,1,0,1,0,1,0,0,0,0,0,0
1.8314895750420288,0.880734693482843,1.6896589392499817,1,1,0,1,1,0,1,1,0,1,0,1
1.6227438770997913,1.3286586944031769,0.8537750481664219,0,1,0,1,0,1,1,1,1,0,0,1
-0.9948384973292264,-1.2774445836787656,-1.328164413051698,0,0,0,0,0,0,0,0,0,0,0,0
-0.6295831590086548,0.0663274190822359,-1.3198554280508674,0,1,0,0,0,0,0,0,0,0,0,0
-0.9750735025753172,-1.2774445836787656,0.1608056990971482,1,1,1,0,0,0,0,0,0,0,0,0
-0.8735352538562936,-1.1552834925186746,0.4698999411280475,1,1,0,1,0,1,0,0,1,0,0,0
-0.3553217976522309,1.0436161483629645,-1.3115464430500368,0,1,0,0,0,0,0,0,0,0,1,0
-0.878697094004078,-1.0738427650786138,-0.4640299729653139,0,1,0,0,0,0,0,1,0,0,0,0
-0.9610218266174596,-1.2774445836787656,1.219370388202969,1,1,1,0,0,0,0,0,0,0,0,1
-0.4201536275425654,1.4100994218432374,-1.4594463760648215,0,1,0,1,0,0,0,0,0,1,1,0
-0.6118034873885086,-0.8295205827584317,0.3934572791204055,1,1,1,0,0,1,0,0,0,0,0,0
-0.9069989782331692,-0.9109613101984924,-1.328164413051698,0,0,0,0,0,1,0,0,0,0,1,0
0.6563326938757157,0.2699292376823877,1.1695164781979852,1,1,0,1,0,1,0,1,0,0,0,1
-0.3374538894483619,1.2879383306831464,-1.328164413051698,0,1,0,1,0,1,0,0,1,0,1,0
-0.2769677113063756,-0.5444780367182193,0.6643301901474837,1,1,1,0,0,0,1,0,0,0,0,0
-0.8969841259806304,-1.0331224013585834,-1.0007904040189717,0,0,0,1,0,1,1,1,1,0,0,0
-0.1953709305087071,1.5729808767233588,-1.329826210051864,0,0,0,1,0,0,0,0,0,0,1,0
-0.9868530865023124,-1.2774445836787656,-0.7265938989915613,0,1,1,0,0,0,0,0,0,0,0,0
-0.994573787578058,-1.2774445836787656,-1.3082228490497043,0,0,0,0,0,1,0,0,1,0,1,0
1.816224646057983,1.125056875803025,1.3672703212177542,1,1,1,0,0,0,0,0,0,0,0,1
-0.9085210593023878,-1.1145631287986442,-0.6634456129852487,0,0,0,1,0,1,0,0,1,0,0,0
-0.3029313260668125,0.188488510242327,-0.6435040489832552,0,0,1,1,0,0,1,1,0,0,0,0
-0.9964708741280986,-1.2774445836787656,-1.451137391063991,0,0,0,0,0,0,0,0,1,0,1,0
-0.904440117305208,-1.1960038562387048,0.182409060099308,1,1,1,0,0,0,0,0,0,0,0,0
0.1560312641673834,-0.055833672077855,0.6676537841478158,1,1,1,1,1,0,0,0,0,0,0,1
-0.8467113324045594,-1.1552834925186746,1.001674981181207,1,1,0,0,0,0,1,1,1,0,0,1
-0.1265243360589847,-0.3001558543980371,0.3785011061189107,0,1,0,0,0,0,1,1,0,0,0,1
-0.3773588844370026,-0.4630373092781585,0.0195529540830277,0,0,0,0,0,0,1,0,0,0,0,0
0.8304455327067505,0.3513699651224484,1.3190782082129364,1,1,0,1,0,0,1,0,0,1,0,1
-0.5954576602538582,-0.7888002190384014,0.2671607071077802,0,1,1,1,0,1,0,1,0,0,0,0
0.7666504826751588,1.369379058123207,-0.1200379939309264,0,1,0,0,0,0,1,0,0,0,0,0
-0.9682792856286608,-1.2774445836787656,0.6726391751483144,1,1,1,0,0,0,0,0,0,0,0,1
-0.864976305235181,-1.1552834925186746,0.5264010391336954,1,1,0,1,0,0,0,1,1,0,0,0
-0.0350671170302922,-0.4630373092781585,1.3174164112127704,1,1,0,1,0,0,1,0,0,0,0,1
0.5346323857760302,0.8400143297628127,-0.0203301739209587,0,0,0,1,0,1,1,1,0,1,0,0
-0.9685439953798292,-1.2367242199587352,-0.6385186579827569,0,0,1,0,0,0,0,0,0,0,0,0
-0.0388392309844424,0.2699292376823877,-0.3294244159518578,0,0,0,0,0,1,0,1,0,1,0,1
-0.9486025274584742,-1.1552834925186746,-1.1869116680375775,0,1,1,1,0,0,1,0,0,0,0,0
-0.4494481733385383,-0.7888002190384014,0.965115447177552,1,0,0,1,1,0,1,0,0,0,0,1
-0.9405729983396984,-1.2367242199587352,0.1408641350951549,0,0,0,1,0,0,0,0,0,0,0,1
-0.9508746194893366,-1.0738427650786138,-1.502653098069141,0,0,0,0,0,0,0,0,1,0,1,0
-0.483507494655543,-0.2594354906780068,-0.6750781919864114,0,1,0,0,0,0,0,1,0,0,0,0
1.332974936154084,0.7992939660427822,1.2127232002023045,1,0,0,1,0,1,0,0,0,1,0,1
-0.7092166758184908,-0.1779947632379461,-1.303237458049206,0,0,0,1,0,0,0,0,1,1,1,0
1.5913978307322634,1.6137012404433893,0.5214156481331973,0,1,0,1,0,1,1,1,0,0,0,1
0.9288293235576836,0.5142514200025698,1.07313225218835,1,1,1,0,1,0,1,1,0,0,0,0
-0.6691131485164737,0.2292088739623573,-1.5009913010689746,0,0,0,1,0,1,0,0,0,1,1,0
-0.0867516959459282,-0.2594354906780068,0.572931355138347,0,1,0,1,0,1,0,1,0,1,0,1
1.2270027991029888,0.880734693482843,0.9750862291785486,1,1,0,0,0,0,0,0,0,1,0,1
2.082037354522948,1.4915401492832985,1.3506523512160928,1,0,0,1,1,0,0,1,0,0,0,1
-0.7331949674451644,-0.8702409464784621,-0.3377334009526884,0,1,0,0,0,0,1,1,1,1,0,0
-0.7513717036920632,-0.0965540357978854,-1.4943441130683104,0,0,0,1,0,0,0,0,0,1,1,0
-0.9974635356949804,-1.2774445836787656,-1.5259182560714666,0,1,0,0,0,0,0,0,1,0,1,0
1.604456845123239,0.7992939660427822,1.5450826002355291,1,1,0,0,0,0,1,1,0,1,0,1
-0.5153388422335466,-0.7888002190384014,0.4815325201292102,1,1,1,0,0,0,0,0,0,0,0,0
1.3037906860877642,1.369379058123207,0.5014740841312035,0,0,0,1,0,1,0,0,0,0,0,1
-0.8524025920546806,-1.1552834925186746,1.157883899196822,1,1,1,1,1,0,1,0,0,0,0,1
-0.2615704274467453,-0.5444780367182193,0.8172155141627669,1,1,0,1,0,1,0,1,0,1,0,1
-0.9128446519048056,-0.9516816739185228,-1.4960059100684764,0,0,0,1,0,1,0,0,1,0,1,0
-0.8551820444419492,-0.6666391278783103,-1.4827115340671475,0,0,1,1,0,1,0,0,0,0,1,0
-0.1183845112105554,0.2699292376823877,-0.46569176996548,0,1,1,0,0,0,0,0,0,0,0,1
-0.5442583825486977,-0.8295205827584317,0.9784098231788813,1,1,1,0,0,0,0,0,0,0,0,1
-0.4583600682945422,1.369379058123207,-1.5093002860698053,0,0,0,0,0,0,0,0,0,0,1,0
2.579978455616695,1.5322605130033284,1.6879971422498157,1,0,0,0,0,0,1,1,0,1,0,1
0.1281485037109753,-0.0965540357978854,0.6244470621434968,1,1,0,1,0,1,0,1,0,0,0,0
-0.9968458796089206,-1.2774445836787656,-1.479387940066815,0,0,0,0,0,0,0,0,1,0,1,0
2.025014462292082,1.6137012404433893,1.0947356131905095,1,1,0,1,0,0,0,0,0,0,0,1
-0.9728675879822468,-1.2774445836787656,0.3269853991137605,1,1,0,1,0,0,0,0,0,0,0,0
-0.4267493121758455,-0.3815965818380978,-0.3526895739541836,0,0,1,0,0,1,0,1,0,0,0,0
-0.3779544813771316,0.6364125111626608,-1.1719554950360824,0,1,0,1,0,1,0,1,0,0,0,0
0.4147188684967314,0.2699292376823877,0.5696077611380149,1,0,1,0,0,0,0,1,0,1,0,0
-0.3815942404556975,1.6137012404433893,-1.5109620830699717,0,0,0,0,0,0,0,0,0,0,1,0
0.1517297307108964,-0.1372743995179157,0.827186296163764,1,0,0,0,0,0,0,1,1,0,0,0
-0.8371597222165652,-0.5444780367182193,-1.481049737066981,0,0,0,1,0,1,0,0,1,0,1,0
-0.5595233115327438,-0.4630373092781585,-0.7049905379894018,0,1,0,0,0,0,1,1,1,0,0,0
0.6934141181852265,0.3513699651224484,0.9900424021800438,1,1,1,1,1,0,0,0,0,0,0,1
0.1472076057951024,-0.055833672077855,0.6643301901474837,1,1,0,0,0,0,1,0,0,0,0,0
-0.985397182870886,-1.2774445836787656,-0.6169152969805971,0,0,0,0,0,0,0,0,0,0,0,0
-0.0810163180039455,0.1070477828022663,-0.0884638509277699,0,1,1,0,0,0,0,0,0,0,0,1
1.5225071179906793,1.6137012404433893,0.4748853321285456,1,0,0,1,0,1,1,0,0,0,0,0
-0.0215669197207023,0.7178532386027215,-0.6634456129852487,0,1,0,1,0,1,0,0,0,1,0,0
1.8788726205011776,1.2879383306831464,1.2409737492051285,1,0,1,1,1,0,0,1,0,0,0,1
2.186090345878072,1.4915401492832985,1.3406815692150955,1,1,0,1,0,1,1,1,0,1,0,0
-0.5947958858759371,-0.7888002190384014,0.2854404741096075,0,0,0,0,0,0,0,1,1,0,0,1
0.8958729595372141,1.5729808767233588,-0.1117290089300958,0,1,0,1,0,0,0,1,0,0,0,1
-0.8262404449808675,-0.5037576729981889,-1.4976677070686424,0,0,0,0,0,0,0,0,1,0,1,0
-0.9343302600413098,-0.9924020376385532,-1.5142856770703037,0,1,0,0,0,0,0,0,1,1,1,0
2.734436595423474,1.6137012404433893,1.7312038642541347,1,1,0,1,0,1,1,1,0,0,0,1
1.0139114494124029,1.4915401492832985,0.0710686610881779,0,1,0,0,0,0,1,1,1,0,0,0
-0.965808661284422,-1.2774445836787656,0.85876043916692,1,0,1,0,0,0,0,0,0,0,0,1
0.1699726443955873,-0.0151133083578247,0.4898415051300408,1,1,1,0,1,0,0,0,0,0,0,1
-0.9377053093687072,-1.2367242199587352,0.2605135191071156,1,1,0,0,1,0,0,0,1,0,0,0
-0.3150197380368374,-0.4630373092781585,0.3087056321119333,1,1,0,1,0,1,0,0,0,0,0,0
0.1307956012226596,0.1070477828022663,0.3469269631157543,1,1,1,1,0,0,0,0,0,0,0,0
1.3295778276807553,1.4100994218432374,0.4964886931307054,0,1,1,1,0,1,1,0,0,0,0,1
-0.084236953309828,-0.2594354906780068,0.5230774451333633,1,1,1,0,0,0,0,1,0,0,0,0
0.3339823943903603,0.0256070553622056,1.0315873271841969,1,1,1,1,0,0,0,0,0,1,0,1
-0.3836016227353915,-0.62591876415828,0.7308020701541287,1,0,1,0,0,0,0,1,0,1,0,0
-0.5540305841959988,0.7178532386027215,-1.5076384890696393,0,0,0,0,0,0,0,0,0,0,1,0
1.9366675828396185,1.5729808767233588,0.9468356801757248,1,1,0,1,0,0,0,0,0,0,0,1
-0.1035828242910541,-0.3815965818380978,0.8438042661654253,1,0,0,1,0,0,0,0,1,0,0,1
-0.3884105165482847,1.4915401492832985,-1.4893587220678115,0,0,0,0,0,0,0,0,0,0,1,0
-0.8215859651894892,-0.5037576729981889,-1.4660935640654862,0,0,0,1,0,0,0,0,1,1,1,0
0.1178468825613373,0.8400143297628127,-0.613591702980265,0,1,0,0,0,0,1,0,0,0,0,1
2.337526382692344,1.6137012404433893,1.3373579752147635,1,0,0,1,1,0,0,0,0,1,0,1
1.1522664126897688,1.5322605130033284,0.0411563150851875,0,0,1,0,0,1,1,1,0,0,0,0
-0.8639836436682994,-0.6666391278783103,-1.4744025490663168,0,0,1,1,0,1,0,0,0,0,1,0
-0.9796397457829724,-1.1552834925186746,-1.4893587220678115,0,1,0,0,0,0,0,0,1,0,1,0
0.2266867085834235,-0.2187151269579764,1.1961052302006432,1,0,1,1,0,1,1,1,0,0,0,0
0.990925819352611,0.5142514200025698,1.127971553193832,1,1,0,1,1,0,0,1,0,1,0,0
-0.8329684844897317,-0.5851984004382496,-1.4993295040688086,0,0,0,0,0,0,0,0,1,0,1,0
-0.8703366776963418,-0.62591876415828,-1.5093002860698053,0,0,0,1,0,0,0,0,1,1,1,0
-0.5711925997300854,-0.4630373092781585,-0.6351950639824246,0,0,0,0,0,1,0,0,1,0,0,0
-0.9861913121243912,-1.2774445836787656,-0.6767399889865777,0,0,0,0,0,0,0,0,1,0,0,0
2.187766840968805,1.369379058123207,1.440389389225063,1,0,0,0,1,0,0,0,0,1,0,1
-0.2757323991342563,1.3286586944031769,-1.2965902700485417,0,0,0,0,0,0,0,0,1,0,1,0
-0.0437584205269889,-0.2187151269579764,0.4898415051300408,1,1,1,0,0,1,0,1,0,0,0,0
-0.8387479807235758,-0.7073594915983407,-1.276648706046548,0,1,1,0,0,0,0,0,0,0,1,0
-0.9229477407410672,-0.9109613101984924,-1.4893587220678115,0,1,0,1,0,0,0,0,0,0,1,0
-0.894932625409075,-0.7888002190384014,-1.5275800530716328,0,0,0,1,0,1,0,0,1,0,1,0
1.0467795768491497,0.7992939660427822,0.8138919201624348,0,1,0,0,0,0,1,1,1,0,0,1
-0.4666322480185556,-0.8702409464784621,1.044881703185526,1,1,0,1,0,0,1,1,0,0,0,0
1.1209644846141025,1.1657772395230557,0.4865179111297087,0,1,1,1,0,1,1,1,0,1,0,1
-0.7215036201018922,-1.0331224013585834,1.0249401391835322,1,1,0,1,1,0,0,0,0,0,0,1
-0.7419965666715147,-0.9516816739185228,0.1907180451001386,1,1,1,0,0,0,0,0,0,0,0,0
-0.7099005093423426,-0.7888002190384014,-0.4208232509609946,0,1,0,0,0,1,1,0,0,0,0,0
-0.5056328180240376,-0.8702409464784621,1.305783832211607,1,1,0,1,1,0,0,1,0,0,0,1
0.8088496288405929,0.3106496014024181,1.2143849972024705,1,1,1,1,0,0,0,0,0,0,0,1
-0.9701322538868398,-1.2774445836787656,0.53304822713436,1,1,1,0,0,0,0,0,0,0,0,1
-0.9749190885538024,-1.2774445836787656,0.1724382780983114,1,0,1,0,0,0,0,0,0,0,0,0
0.2813713313456348,0.1070477828022663,0.682609957149311,1,0,0,0,0,0,0,1,0,0,0,0
0.9480428396633256,0.2292088739623573,1.5268028332337018,1,1,1,1,0,0,1,1,0,1,0,1
-0.9973091216734652,-1.2774445836787656,-1.5142856770703037,0,0,0,0,0,0,0,0,1,0,1,0
0.7805477446115013,1.0436161483629645,0.1774236690988095,0,0,0,0,0,0,0,1,0,0,0,0
-0.6175168061845606,-0.8702409464784621,0.6028437011413373,1,1,1,1,1,0,0,1,0,0,0,0
1.2138114298364289,1.4915401492832985,0.3103674291120993,0,0,0,0,1,0,1,1,0,0,0,1
2.1313616048239985,1.4508197855632678,1.2160467942026365,1,0,0,0,0,0,1,0,0,1,0,0
1.6937963861425842,0.880734693482843,1.4885815022298807,1,0,1,1,0,0,1,0,0,0,0,1
0.8183791798826561,1.4915401492832985,-0.1881716709377373,0,0,0,1,0,1,0,1,0,1,0,0
0.0144777247300656,-0.2594354906780068,0.8421424691652587,0,1,0,1,0,0,1,1,0,1,0,1
-0.2220404379389264,1.6137012404433893,-1.3497677740538576,0,1,0,1,0,0,0,0,0,0,1,0
-0.293401775024749,-0.62591876415828,0.9235705221733987,1,1,1,1,1,0,0,0,0,0,0,1
-0.8419244977375969,-0.9924020376385532,-0.7116377259900661,0,1,0,1,1,0,0,0,1,0,0,1
-0.4971841651325785,-0.748079855318371,0.5363718211346925,1,1,0,1,0,1,0,0,0,0,0,1
-0.410844667959809,-0.3408762181180675,-0.3261008219515255,0,0,1,0,0,0,1,1,0,0,0,0
-0.5235227853738373,-0.62591876415828,-0.0020504069191315,0,1,0,0,0,1,0,0,1,0,0,1
-0.9950149704966722,-1.2774445836787656,-1.341458789053027,0,0,0,0,0,0,0,0,1,0,0,0
2.578478433693407,1.6137012404433893,1.624848856243503,1,1,0,1,0,0,1,1,0,0,0,1
-0.2068637455386032,-0.3815965818380978,0.5679459641378485,1,0,0,1,0,1,1,0,0,1,0,0
-0.2512908654430379,1.5729808767233588,-1.3331498040521963,0,1,0,1,0,0,0,0,0,0,1,0
0.661053351104886,0.5142514200025698,0.6959043331506402,1,1,0,0,1,0,1,1,0,0,0,0
2.458564916414109,1.6137012404433893,1.5018758782312098,1,1,0,1,0,0,1,1,0,0,0,1
0.6046922332519411,0.5956921474426305,0.4698999411280475,1,1,1,1,0,0,0,0,0,1,0,0
-0.5514717232680374,-0.8295205827584317,0.6327560471443273,1,1,0,0,1,0,0,1,1,0,0,0
0.2588489433503875,-0.0965540357978854,0.9734244321783826,1,1,0,1,0,0,0,0,0,0,0,1
2.098206708490153,1.4100994218432374,1.3506523512160928,1,1,0,1,1,0,1,1,0,1,0,1
-0.9541393730870804,-1.2367242199587352,-0.346042385953519,0,1,0,0,0,0,0,1,1,0,0,0
2.229877750550516,1.2879383306831464,1.6730409692483204,1,1,0,0,0,0,1,1,0,0,0,1
-0.8598365242333275,-0.7073594915983407,-1.4727407520661506,0,0,0,1,0,0,0,0,0,0,1,0
0.6026627918263165,0.3513699651224484,0.8122301231622688,1,1,1,0,0,0,0,0,0,0,0,0
-0.4435142630831794,-0.5037576729981889,-0.0203301739209587,0,1,0,1,0,0,1,1,1,1,0,1
-0.967816043564116,-1.2774445836787656,0.7075369121518029,1,1,1,1,1,0,0,0,0,0,0,0
-0.8361450015037529,-1.1552834925186746,1.1030445981913404,1,1,1,1,0,1,0,0,0,0,0,1
-0.997176766797881,-1.2774445836787656,-1.504314895069307,0,1,0,0,0,0,0,0,1,0,1,0
0.8758653141780668,1.6137012404433893,-0.1665683099355778,0,0,0,0,0,0,1,0,0,0,0,0
-0.5389641875253292,-0.748079855318371,0.5180920541328647,1,1,0,0,1,0,0,0,0,0,0,0
-0.8542555603128597,-0.62591876415828,-1.51594747407047,0,0,0,0,0,0,0,0,1,0,1,0
0.2610769170893885,-0.0151133083578247,0.8737166121684152,1,0,1,0,0,0,0,0,0,0,0,1
0.8909537699946672,1.0436161483629645,0.2106596091021319,0,1,0,0,0,0,1,1,0,1,0,0
2.372534247284369,1.6137012404433893,1.3739175092184182,1,0,0,1,0,1,1,1,0,0,0,0
0.3586445195408857,0.880734693482843,-0.3244390249513595,0,1,0,0,0,1,0,0,0,0,0,0
0.1459943527689138,0.7992939660427822,-0.4590445819648154,0,1,0,1,0,1,0,0,0,1,0,0
-0.7825633360380766,-0.5037576729981889,-1.3248408190513656,0,0,0,0,0,0,0,0,0,0,0,0
0.0438384479638305,0.3106496014024181,-0.2712615209460435,0,0,0,1,0,0,0,0,0,0,0,0
-0.7378494472365427,-0.5851984004382496,-0.9825106370171444,0,1,1,0,0,0,0,1,0,0,0,0
-0.7533349676798958,-0.1372743995179157,-1.4943441130683104,0,1,0,0,0,0,0,0,1,1,1,0
-0.1268552232479452,-0.1779947632379461,0.1873944510998066,1,1,0,1,0,1,0,0,0,1,0,0
-0.5196624348359644,-0.748079855318371,0.4715617381282135,1,1,1,0,1,0,0,0,0,0,0,0
-0.611560836783271,-0.5444780367182193,-0.6617838159850825,0,1,0,0,0,0,0,0,0,1,0,1
-0.9617718375791036,-1.2774445836787656,1.1628692901973208,1,1,1,0,0,1,0,0,0,0,0,1
0.0700888316213664,-0.0965540357978854,0.6493740171459885,1,1,0,0,0,0,1,0,0,0,0,0
-0.3202256964764832,-0.5851984004382496,0.6792863631489789,1,1,1,0,0,0,0,0,0,0,0,0
-0.1743044461448862,0.0256070553622056,-0.1765390919365744,0,1,0,0,1,0,1,0,0,0,0,1
-0.4172418202797127,0.9621754209229036,-1.3248408190513656,0,0,1,0,0,0,0,0,0,1,1,0
-0.7501584506658746,0.0256070553622056,-1.4843733310673135,0,0,0,1,0,1,0,0,1,1,1,0
-0.0263096360958033,-0.2187151269579764,0.7025515211513048,1,1,1,1,1,0,1,0,0,1,0,0
-0.5540747024878603,-0.5037576729981889,-0.4307940329619915,0,1,0,0,0,0,0,0,1,0,0,0
-0.9614850686820045,-1.1145631287986442,-1.3231790220511994,0,1,1,1,0,0,0,0,0,0,0,0
-0.5325670352054254,-0.1372743995179157,-0.9692162610158152,0,0,0,0,0,0,1,1,1,1,0,0
1.4258659996682717,1.0436161483629645,0.8903345821700764,1,1,1,1,0,1,0,0,0,0,0,0
-0.0539276868010428,0.0663274190822359,0.0079203750818651,0,0,0,0,0,0,0,1,1,0,0,0
-0.8142623287404961,-1.0738427650786138,0.3203382111130964,1,0,1,0,1,0,0,0,0,0,0,0
0.7070246112244701,0.4328106925625091,0.8604222361670865,1,1,0,0,0,0,1,1,0,1,0,0
0.8066657733934529,0.3106496014024181,1.259253516206956,1,1,0,0,0,0,0,0,1,0,0,1
2.049808942318192,1.125056875803025,1.7046151122514768,1,1,0,1,1,0,1,1,0,0,0,1
-0.9476981024753154,-1.2367242199587352,0.1608056990971482,1,1,1,0,1,0,0,0,0,0,0,0
2.362563513323692,1.6137012404433893,1.2924894562102784,1,1,1,0,0,0,0,0,0,0,0,1
-0.5429568929387862,-0.4223169455581282,-0.4972659129686364,0,1,1,0,0,0,1,0,0,0,0,0
-0.8805941805541184,-0.748079855318371,-1.491020519067978,0,0,0,0,0,0,0,0,1,0,1,0
-0.9863236669999754,-1.2774445836787656,-0.6867107709875744,0,1,1,0,0,0,0,0,0,0,0,0
-0.6360906070582121,-0.8702409464784621,0.3901336851200734,1,1,1,0,0,0,0,0,0,0,0,0
-0.9586614980028744,-1.0738427650786138,-1.504314895069307,0,0,0,0,1,0,0,0,0,0,1,0
-0.9886619364686298,-1.2367242199587352,-1.4993295040688086,0,1,0,0,0,0,0,0,1,0,1,0
-0.7036357118980231,-0.9516816739185228,0.3818247001192428,1,1,1,0,0,0,0,0,0,0,0,0
-0.0845678404987885,-0.3001558543980371,0.6593447991469852,1,1,0,0,0,0,0,0,1,0,0,0
-0.6509584714155056,0.3513699651224484,-1.4976677070686424,0,0,0,1,0,1,0,0,0,0,1,0
-0.9240727571835332,-0.9109613101984924,-1.5109620830699717,0,1,0,0,0,0,0,0,1,1,1,0
1.3403426908949383,0.5956921474426305,1.6182016682428386,1,1,0,1,0,1,1,1,0,1,0,1
1.5341984653339515,1.2064976032430856,0.9717626351782166,1,1,0,0,0,0,0,0,0,1,0,1
-0.7652689656284059,-1.0331224013585834,0.2987348501109366,1,0,0,0,1,0,0,0,1,0,0,0
1.4505281248187971,1.2879383306831464,0.5480044001358552,0,0,1,0,0,0,1,1,0,1,0,0
1.2130173005829237,0.8400143297628127,0.9684390411778844,1,0,1,1,0,0,1,0,0,0,0,1
-0.5347508906525649,0.7178532386027215,-1.4694171580658184,0,0,0,1,0,0,0,0,1,0,1,0
0.4220425049457246,0.1070477828022663,0.8886727851699104,1,1,0,1,0,0,0,1,0,0,0,0
1.3279895691737449,1.5322605130033284,0.4050898581215686,0,1,0,1,0,0,1,1,0,0,0,1
-0.9725367007932864,-1.2774445836787656,0.3519123541162524,1,0,0,1,0,0,0,0,0,0,0,0
-0.9846251127633114,-1.2774445836787656,-0.5587524019747828,0,0,1,0,0,0,1,0,0,0,0,0
-0.8423215623643496,-0.5851984004382496,-1.4843733310673135,0,0,0,1,0,0,0,0,1,0,1,0
2.192862503678797,1.5322605130033284,1.304122035211441,1,1,0,0,0,0,1,1,0,0,0,1
-0.6022739363464452,0.2699292376823877,-1.3481059770536914,0,1,0,1,0,1,0,0,1,1,1,0
1.9038215145488024,1.369379058123207,1.274209689208451,1,1,0,0,0,0,1,1,0,0,0,1
-0.9861913121243912,-1.2774445836787656,-0.6767399889865777,0,0,0,0,0,0,0,0,1,0,0,0
-0.5489349214860066,1.0436161483629645,-1.51594747407047,0,1,0,0,0,0,0,0,0,0,1,0
-0.8427186269911023,-0.5851984004382496,-1.4760643460664828,0,0,0,0,1,0,0,0,0,1,1,0
-0.7974312003953701,-0.8702409464784621,-0.6684310039857471,0,1,0,0,0,0,0,0,1,0,0,0
-0.9433745098728976,-1.2367242199587352,0.1973652331008032,1,1,1,1,0,0,0,0,0,0,0,0
-0.9269404461545244,-1.2367242199587352,0.7125223031523015,1,1,0,0,0,0,0,0,1,0,0,1
0.1070599602012239,0.2292088739623573,0.0461417060856861,0,1,0,0,0,0,1,0,0,0,0,0
2.4383587387415853,1.6137012404433893,1.438727592224897,1,1,0,0,0,0,0,1,0,0,0,1
0.6610974693967474,1.5729808767233588,-0.3410569949530208,0,0,0,1,0,0,1,1,0,0,0,0
2.360379657876552,1.6137012404433893,1.3622849302172555,1,1,0,1,1,0,0,0,0,1,0,1
-0.0931709074117625,-0.1779947632379461,0.3369561811147576,1,1,0,0,0,1,1,0,0,0,0,0
0.5582577310678124,0.5956921474426305,0.3552359481165849,1,0,0,0,0,0,1,0,0,0,0,0
-0.996889997900782,-1.2774445836787656,-1.4827115340671475,0,1,0,0,0,0,0,0,1,0,1,0
0.3219601598581274,0.5549717837226001,-0.0186683769207927,0,1,0,1,0,0,0,1,0,0,0,0
0.7517164408800732,1.6137012404433893,-0.3144682429503628,0,0,0,1,0,1,1,0,0,0,0,0
-0.9723602276258408,-1.2774445836787656,0.3652067301175816,1,1,1,0,1,0,0,0,0,0,0,0
-0.9458892525089978,-1.1552834925186746,-0.9891578250178088,0,0,0,0,0,0,1,0,1,0,0,0
-0.9355435130674984,-0.9924020376385532,-1.505976692069473,0,0,0,0,0,1,0,0,0,0,1,0
1.1795094579141865,1.4508197855632678,0.2721460981082788,0,1,0,1,0,1,0,1,0,0,0,1
-0.9706616733891767,-1.2774445836787656,0.4931650991303729,1,1,1,0,0,1,0,0,0,0,0,1
0.7475472622991705,0.4735310562825394,0.8604222361670865,1,1,0,1,0,0,0,0,0,1,0,1
1.964704757317541,1.6137012404433893,0.9268941161737314,0,0,0,1,0,1,1,1,0,0,0,1
1.485403634535238,1.4508197855632678,0.5878875281398422,0,1,0,0,0,0,1,1,0,0,0,1
0.1838919654778606,1.1657772395230557,-0.7000051469889033,0,0,0,0,0,0,1,1,0,1,0,0
-0.216216823413221,1.5729808767233588,-1.3065610520495383,0,0,0,1,1,0,0,0,0,0,1,0
-0.0411775004530967,-0.3815965818380978,1.1462513201956597,1,1,1,1,0,0,1,0,0,0,0,0
-0.9702425496164933,-1.2367242199587352,-0.6700928009859131,0,1,0,1,0,0,0,0,0,0,0,0
-0.4756323795582822,1.2064976032430856,-1.4860351280674795,0,1,0,0,0,0,0,0,0,0,1,0
-0.9672645649158484,-1.2367242199587352,-0.3427187919531868,0,1,0,0,0,0,1,1,1,0,0,0
2.3873138750579392,1.5729808767233588,1.4570073592267243,1,1,0,1,0,0,0,1,0,0,0,1
0.5659343138516969,0.758573602322752,0.1657910900976468,0,1,0,1,0,1,1,1,0,1,0,1
0.4937567883664384,0.4328106925625091,0.5214156481331973,1,0,1,1,0,0,0,0,0,0,0,0
-0.6892310896052743,0.188488510242327,-1.4926823160681442,0,1,0,1,0,0,0,0,0,1,1,0
0.5747138539321165,1.125056875803025,-0.1516121369340826,0,1,0,1,0,0,0,1,0,0,0,1
-0.3922708670861576,-0.7073594915983407,0.7773323861587803,1,0,1,1,0,0,0,0,0,0,0,1
0.1976789316845497,0.3920903288424788,0.0544506910865167,0,1,0,1,0,0,1,1,0,0,0,0
2.5795593318440115,1.6137012404433893,1.5899511192400142,1,1,0,1,0,1,1,1,0,0,0,1
0.0238749208965447,0.5142514200025698,-0.4607063789649817,0,1,0,1,0,1,1,0,0,0,0,1
-0.9856398334761236,-1.2774445836787656,-0.6351950639824246,0,1,1,0,0,0,0,0,0,0,0,0
0.1218395879747945,-0.0965540357978854,0.677624566148813,1,0,1,0,0,0,0,1,0,0,0,0
1.332335220922093,0.880734693482843,1.1728400721983174,1,1,0,0,0,0,1,0,0,1,0,1
1.1291704869003232,0.758573602322752,0.9601300561770538,1,1,0,1,1,0,1,0,0,1,0,1
-0.8789838629011771,-1.1960038562387048,1.1379423351948288,1,1,0,0,0,0,1,0,0,0,0,1
1.1634945179684963,0.9214550572028734,0.8438042661654253,0,1,1,1,0,0,1,1,0,1,0,1
-0.9711690337455828,-1.2774445836787656,0.4549437681265523,1,0,1,0,1,0,0,0,0,0,0,0
-0.5911561267973712,-0.5037576729981889,-0.5039131009693008,0,1,1,1,0,1,0,0,0,0,0,0
-0.7712690533215569,-0.3408762181180675,-1.4527991880641573,0,0,0,0,0,1,0,0,0,1,1,0
-0.586567824443785,-0.8295205827584317,0.5214156481331973,1,1,1,1,1,0,0,0,0,0,0,1
2.193634573786372,1.4915401492832985,1.3838882912194153,1,1,0,1,0,0,1,1,0,1,0,1
1.1793771030386022,0.9621754209229036,0.82884809316393,1,0,0,1,0,0,0,0,1,0,0,1
-0.4712205503721417,0.6771328748826912,-1.3132082400502028,0,0,0,1,0,1,0,0,1,0,1,0
0.724142508466695,1.3286586944031769,-0.1599211219349132,0,0,0,0,0,0,1,1,0,0,0,1
-0.807071047167087,-0.7888002190384014,-0.9758634490164798,0,0,0,0,0,0,0,1,1,0,0,0
-0.974566142218911,-1.2774445836787656,0.1990270301009692,1,0,0,0,0,0,0,0,1,0,0,0
-0.114193273483722,0.7992939660427822,-0.8263017190015288,0,1,1,1,0,0,1,0,0,0,0,1
-0.963602746691352,-1.2774445836787656,1.0249401391835322,1,1,1,0,0,0,1,0,0,0,0,1
2.2067377064692093,1.4100994218432374,1.4835961112293827,1,1,1,1,0,1,1,1,0,1,0,1
-0.4838383818445035,0.6364125111626608,-1.3547531650543558,0,0,0,0,0,0,0,0,0,0,1,0
-0.2791515667535152,-0.055833672077855,-0.346042385953519,0,0,0,1,0,1,0,1,1,0,0,0
-0.4527570452281437,-0.4223169455581282,-0.1898334679379036,0,1,0,0,0,0,1,1,1,0,0,0
-0.9971326485060196,-1.2774445836787656,-1.5009913010689746,0,1,0,0,0,0,0,0,1,0,1,0
-0.8338949686188213,-1.1145631287986442,0.5396954151350245,1,1,0,0,0,0,0,0,0,0,0,0
-0.9256389565446128,-1.2367242199587352,1.0216165451832002,1,1,0,1,1,0,0,0,0,0,0,1
-0.6920326011384735,-0.7073594915983407,-0.454059190964317,0,1,1,1,0,0,0,0,0,0,0,0
0.6963259254480794,0.5142514200025698,0.6510358141461546,0,1,0,1,0,1,1,1,1,0,0,1
1.3817477078068667,1.2064976032430856,0.8089065291619363,1,1,0,1,0,1,0,0,0,0,0,0
-0.7126579025836803,-0.6666391278783103,-0.8595376590048512,0,1,1,0,0,0,1,0,0,0,0,0
-0.8659689668020626,-1.1145631287986442,-0.0120211889201281,0,0,0,1,0,1,1,1,0,0,0,0
-0.6273331261237233,-0.6666391278783103,-0.2961884759485353,0,1,0,1,0,1,1,0,1,1,0,0
-0.274563264399929,1.4508197855632678,-1.3364733980525287,0,0,0,0,0,0,0,0,1,0,1,0
-0.8923958236270443,-0.7888002190384014,-1.4893587220678115,0,1,0,0,0,0,0,0,1,1,1,0
-0.2057607882420681,1.5729808767233588,-1.3065610520495383,0,0,0,1,0,1,0,0,0,0,1,0
1.79195958553421,1.4100994218432374,0.9833952141793793,1,1,0,1,0,1,1,1,0,1,0,1
-0.8885134139432407,-1.0331224013585834,-0.6767399889865777,0,1,1,0,1,0,0,1,0,0,0,1
-0.5209859835918066,-0.4223169455581282,-0.4789861459668089,0,1,1,0,0,0,0,0,0,0,0,1
1.2887242894170945,0.8400143297628127,1.181149057199148,1,1,0,0,0,0,0,0,1,1,0,1
1.6108760565890736,1.3286586944031769,0.8604222361670865,1,1,1,1,0,0,0,0,0,0,0,1
-0.4546320726322534,-0.3815965818380978,-0.344380588953353,0,0,1,0,0,0,1,0,0,0,0,0
2.312776020958096,1.5729808767233588,1.3672703212177542,1,1,1,0,1,0,0,0,0,1,0,1
-0.6898487456913341,-0.8702409464784621,0.004596781081533,0,1,1,0,0,0,0,0,0,0,0,1
-0.4932355780109828,1.125056875803025,-1.4993295040688086,0,0,0,1,0,1,0,0,0,0,1,0
0.6581415438420333,0.6364125111626608,0.4698999411280475,0,0,0,0,0,0,0,1,0,0,0,1
1.550632529052325,0.9621754209229036,1.3489905542159264,1,1,0,0,0,0,1,1,1,0,0,1
-0.7108931709092242,-0.9924020376385532,0.6709773781481484,1,0,1,0,0,0,1,0,0,0,0,0
-0.0475084753352083,-0.5037576729981889,1.4054916522215746,1,0,1,1,1,0,0,1,0,0,0,1
-0.6960473656978615,-0.055833672077855,-1.4660935640654862,0,1,1,1,0,1,0,0,0,0,1,0
-0.1611351360242569,1.6137012404433893,-1.2733251120462157,0,0,0,1,0,0,0,0,0,0,1,0
0.1572003989017107,0.1070477828022663,0.3519123541162524,1,0,0,0,0,0,0,0,0,0,0,0
-0.3128138234437672,-0.4630373092781585,0.3502505571160864,1,0,0,0,0,0,0,0,1,0,0,0
-0.7712469941756263,-0.2187151269579764,-1.4760643460664828,0,0,0,0,0,0,0,0,0,0,1,0
-0.3351376791256382,-0.055833672077855,-0.4956041159684701,0,1,0,0,0,0,1,1,0,0,0,1
1.9014391267882869,1.5729808767233588,0.8803638001690798,0,1,0,1,0,1,1,1,1,0,0,1
-0.9362714648832114,-1.1960038562387048,-0.2945266789483693,0,0,0,0,0,1,1,0,1,0,0,0
0.0601622159525503,0.0663274190822359,0.1741000750984774,1,1,0,0,0,0,0,0,0,0,0,0
1.9796829174044883,1.5729808767233588,1.0498670941860242,1,1,0,1,1,0,1,1,0,0,0,0
-0.5549791274710191,0.8400143297628127,-1.461108173064988,0,0,0,1,0,0,0,0,0,1,1,0
-0.9836545103423604,-1.2774445836787656,-0.4856333339674735,0,1,0,0,1,1,0,0,1,0,0,0
-0.9713455069130283,-1.2774445836787656,0.4416493921252231,1,0,1,0,0,0,0,0,0,0,0,0
-0.5611115700397543,0.8400143297628127,-1.502653098069141,0,0,0,1,0,1,0,0,0,1,1,0
2.0320954481358373,1.4100994218432374,1.3240635992134344,1,0,0,1,0,1,1,1,0,0,0,1
-0.2550409202512573,0.1070477828022663,-0.5172074769706297,0,0,1,0,0,0,0,0,0,0,0,1
0.4251749036678843,-0.055833672077855,1.3107692232121058,1,1,1,1,0,1,0,1,0,0,0,1
-0.8239683529500051,-1.1145631287986442,0.464914550127549,1,1,1,1,0,0,0,0,0,0,0,0
-0.3768956423724579,-0.5851984004382496,0.572931355138347,0,1,0,0,0,0,0,1,0,1,0,1
-0.97516173915904,-1.2774445836787656,0.1541585110964841,1,0,0,0,0,0,0,0,1,0,0,0
-0.9746543788026336,-1.2774445836787656,0.1923798421003046,1,1,1,0,1,0,0,0,0,0,0,0
-0.0819869204248963,-0.0965540357978854,0.144187729095487,0,1,0,0,1,0,0,1,0,0,0,0
1.7577017319038293,1.5729808767233588,0.7341256641544608,0,0,0,1,0,1,1,1,0,0,0,1
-0.182333975263662,1.6137012404433893,-1.3065610520495383,0,0,0,0,0,0,0,0,0,0,1,0
0.935755895379924,0.3920903288424788,1.3440051632154282,1,1,1,0,0,0,1,0,0,0,0,1
0.9843080755734004,0.4735310562825394,1.3722557122182522,1,1,1,0,0,0,1,0,0,1,0,1
-0.5763544398778698,0.6771328748826912,-1.4827115340671475,0,1,0,1,0,0,0,0,0,0,1,0
-0.3926017542751181,-0.2187151269579764,-0.3643221529553466,0,1,1,1,0,0,0,1,0,0,0,0
-0.3927120500047716,1.5729808767233588,-1.4843733310673135,0,0,0,1,0,1,0,0,0,0,1,0
-0.520655096402846,1.0843365120829946,-1.5093002860698053,0,0,0,0,0,0,0,0,1,0,1,0
-0.9214918371096408,-1.1552834925186746,-0.6351950639824246,0,0,0,0,0,0,0,0,1,0,0,0
2.0761696217053807,1.3286586944031769,1.3539759452164248,1,1,1,1,0,1,0,0,0,0,0,1
0.8605342077562286,1.0436161483629645,0.2272775791037931,0,0,0,1,0,1,1,1,0,0,0,0
1.9647709347553333,1.4100994218432374,1.2010906212011416,1,1,0,1,0,0,1,0,0,1,0,1
0.8764829702641264,0.9214550572028734,0.4316786101242265,1,1,0,1,0,0,0,0,0,0,0,0
1.0823830383813036,0.6771328748826912,0.966777244177718,1,1,0,1,0,0,1,0,0,0,0,0
0.5528532403147903,0.188488510242327,1.0099839661820376,1,1,1,1,0,1,0,0,0,0,0,1
1.4275424947590052,0.9621754209229036,1.1645310871974868,1,1,0,1,0,1,0,0,0,1,0,1
1.0326617234534998,0.9621754209229036,0.5480044001358552,0,0,0,1,0,1,1,1,0,0,0,0
-0.2692690693765605,-0.7073594915983407,1.2293411702039656,1,0,1,1,0,0,1,0,0,0,0,1
0.4388074558530584,1.002895784642934,-0.181524482937073,0,1,0,1,0,1,1,1,1,1,0,0
-0.5615527529583684,0.3106496014024181,-1.3132082400502028,0,0,0,1,0,1,0,0,0,0,1,0
1.141876554956408,0.8400143297628127,0.9800716201790473,1,1,0,1,0,0,0,0,0,1,0,1
-0.2022975023309477,-0.3408762181180675,0.3336325871144251,0,0,0,1,0,1,1,0,1,1,0,1
-0.1568997800055621,0.1070477828022663,-0.3161300399505289,0,0,0,0,0,0,1,0,1,0,0,0
1.77091516031632,1.5729808767233588,0.8737166121684152,0,0,0,1,0,1,1,1,1,0,0,1
-0.0243684312539015,0.2699292376823877,-0.2047896409393986,0,1,0,0,0,0,0,0,0,1,0,0
-0.339373035144333,1.0843365120829946,-1.3215172250510334,0,0,0,0,0,0,0,0,1,0,1,0
-0.9684557587961063,-1.2774445836787656,0.6593447991469852,1,1,0,0,0,0,1,0,1,0,0,1
1.807445105977564,1.6137012404433893,0.8188773111629334,0,1,0,1,0,1,1,1,1,0,0,1
-0.9704190227839388,-1.2774445836787656,0.5114448661322006,1,0,0,0,0,0,0,0,0,0,0,1
-0.7353567637463733,-0.9109613101984924,-0.0834784599272716,0,0,0,0,0,0,1,1,0,0,0,0
-0.1732676662861433,1.6137012404433893,-1.299913864048874,0,0,0,1,0,0,0,0,0,0,1,0
-0.9860589572488072,-1.2774445836787656,-0.6667692069855808,0,0,0,1,0,0,0,0,0,0,0,0
-0.4520511525583613,0.7992939660427822,-1.3863273080575125,0,0,0,1,0,1,0,0,1,0,1,0
-0.8906752102444494,-0.8295205827584317,-1.4976677070686424,0,0,0,0,0,0,0,0,1,1,1,0
-0.2638866377694691,1.5729808767233588,-1.3397969920528607,0,1,0,1,0,0,0,0,0,0,1,0
1.165898964874943,0.9621754209229036,0.719169491152966,1,1,1,0,0,0,1,0,0,0,0,0
2.397791969375023,1.5322605130033284,1.624848856243503,1,1,1,1,1,0,1,1,0,0,0,1
-0.9181609060741048,-0.9109613101984924,-1.4876969250676455,0,1,0,0,0,0,0,0,0,0,1,0
-0.9950149704966722,-1.2774445836787656,-1.341458789053027,0,1,1,0,0,0,0,0,0,0,0,0
-0.5084122704113062,-0.4223169455581282,-0.3427187919531868,0,1,1,0,0,0,1,0,0,0,0,0
-0.3688661132536822,0.9214550572028734,-1.2982520670487077,0,0,0,1,0,0,0,0,0,0,1,0
0.6539503061151998,0.188488510242327,1.15456030519649,1,1,1,1,0,0,0,0,0,0,0,1
-0.693929687688514,-0.7888002190384014,-0.3427187919531868,0,1,1,1,0,0,1,1,0,0,0,1
-0.9833236231533998,-1.2774445836787656,-0.4607063789649817,0,0,0,0,0,0,0,0,1,0,0,0
-0.9256610156905436,-1.1552834925186746,-0.6235624849812617,0,0,1,1,1,1,0,0,0,0,0,0
-0.8852486603454967,-1.1960038562387048,1.001674981181207,1,0,1,1,0,0,0,0,0,0,0,1
-0.544081909381252,-0.748079855318371,0.180747263099142,1,0,1,1,0,1,0,0,0,0,0,0
-0.9640659887558966,-1.2367242199587352,0.0544506910865167,0,0,0,0,1,0,1,0,0,0,0,0
-0.5330964547077621,-0.7073594915983407,0.1574821050968162,0,1,0,1,0,1,0,1,1,0,0,1
-0.1863707989689806,0.0256070553622056,-0.3659839499555126,0,1,0,1,0,0,0,1,0,1,0,0
-0.218885980070836,-0.4223169455581282,0.3735157151184122,1,1,0,0,0,0,0,0,0,1,0,0
-0.9466392634706416,-1.2367242199587352,0.641065032145158,1,1,1,1,0,0,0,0,0,0,0,0
0.0826625448018668,-0.1372743995179157,0.6543594081464871,1,1,1,1,0,0,1,0,0,0,0,0
-0.4910517225638433,-0.5851984004382496,0.0012731870812005,0,0,1,0,0,1,1,0,0,0,0,1
-0.7106284611580558,-1.0331224013585834,0.9800716201790473,1,1,1,0,0,0,0,0,0,0,0,1
-0.9970002936304354,-1.2774445836787656,-1.491020519067978,0,0,0,0,0,0,0,0,0,0,1,0
0.1921641452018741,-0.2594354906780068,1.3523141482162588,1,1,1,0,0,1,0,1,0,0,0,1
-0.1084799546876701,0.0256070553622056,-0.128346978931757,0,1,0,0,0,0,1,0,1,0,0,0
-0.5916634871537773,0.0663274190822359,-1.1420431490330922,0,0,0,1,0,1,1,0,0,1,0,0
1.5255512801291164,1.6137012404433893,0.5214156481331973,1,0,0,1,0,0,1,0,0,0,0,0
-0.8669836875148751,-1.0738427650786138,-0.5088984919697991,0,1,1,0,0,0,1,0,0,0,0,0
1.772635773698915,1.4508197855632678,0.8454660631655913,1,0,0,1,0,0,0,1,0,0,0,0
-0.6226124688945529,-0.8702409464784621,0.4898415051300408,1,1,0,1,0,1,0,0,0,0,0,0
0.574074138700126,1.6137012404433893,-0.5172074769706297,0,1,1,1,0,0,1,0,0,0,0,1
-0.212135881416041,1.6137012404433893,-1.3148700370503688,0,1,0,1,0,1,0,0,0,0,1,0
-0.7140476287773146,-0.9516816739185228,0.4848561141295422,1,1,0,1,0,1,0,0,0,0,0,0
2.012484867403443,1.6137012404433893,1.099721004191008,1,1,1,1,0,0,0,0,0,0,0,1
1.1900757888149929,0.6364125111626608,1.1612074931971548,1,1,0,1,0,1,1,0,0,1,0,1
0.809114338591761,0.7178532386027215,0.6194616711429987,1,1,1,0,1,0,1,0,0,0,0,0
-0.492110561568517,-0.8295205827584317,1.17616366619865,1,1,0,0,0,0,0,0,0,0,0,1
-0.6648116150599868,-0.748079855318371,-0.1881716709377373,0,0,0,0,0,0,0,1,0,1,0,1
-0.7854530841549986,-0.3001558543980371,-1.462769970065154,0,1,0,0,0,0,0,0,1,0,1,0
-0.9675733929588785,-1.2774445836787656,0.7258166791536301,1,1,1,0,0,0,0,0,0,0,0,1
-0.955882045615606,-1.2367242199587352,-0.0868020539276039,0,1,0,1,0,0,1,0,1,0,0,1
2.165663576746241,1.5322605130033284,1.3140928172124378,1,1,0,1,0,0,0,1,0,0,0,1
2.4209981908941223,1.6137012404433893,1.4503601712260603,1,1,0,1,0,1,1,0,0,0,0,1
-0.8820721433314754,-0.8295205827584317,-1.3231790220511994,0,0,0,0,0,0,0,0,0,1,1,0
0.7761579745712915,0.4328106925625091,0.9235705221733987,1,1,0,1,0,1,0,0,0,0,0,1
1.0388162251681663,0.5142514200025698,1.1612074931971548,1,0,0,0,0,1,0,0,0,0,0,1
-0.9189109170357486,-1.2367242199587352,1.0099839661820376,1,1,1,0,0,0,0,0,0,0,0,1
-0.971830808123504,-1.1960038562387048,-1.4710789550659844,0,1,1,0,0,0,0,0,0,0,1,0
-0.9219330200282548,-1.2367242199587352,0.8388188751649267,1,0,0,1,0,1,0,1,0,0,0,1
0.7482310958230222,1.4508197855632678,-0.2164222199405615,0,0,0,1,0,0,1,1,0,1,0,0
-0.8479466445766788,-1.1145631287986442,0.3701921211180801,1,1,0,0,0,0,0,0,0,0,0,0
-0.6321861382284778,-0.62591876415828,-0.4806479429669752,0,1,0,0,0,1,1,0,1,0,0,0
0.8434163105140033,0.880734693482843,0.3253236021135945,0,1,0,1,0,0,1,0,0,0,0,1
-0.9971105893600888,-1.2774445836787656,-1.4993295040688086,0,0,0,0,0,0,0,0,1,0,1,0
1.8995640993841767,1.5729808767233588,0.96179185317722,1,1,0,1,0,0,0,0,0,0,0,1
1.9613076488442127,1.3286586944031769,1.3140928172124378,1,1,0,1,0,1,1,0,0,0,0,1
-0.0420819254362556,0.2699292376823877,-0.2945266789483693,0,0,1,1,0,0,1,0,0,0,0,1
-0.9000944655568595,-1.1552834925186746,-0.4623681759651477,0,0,0,1,0,1,0,0,1,0,0,0
-0.3763221045782596,-0.7073594915983407,1.0482052971858582,1,1,0,0,1,0,1,1,1,0,0,1
0.6610092328130246,0.188488510242327,1.3207400052131024,1,1,0,0,0,0,0,1,0,1,0,1
2.328195363963657,1.6137012404433893,1.302460238211275,1,1,0,1,0,0,1,1,0,0,0,0
-1.005779833710855,-1.318164947398796,-1.3098846460498703,0,0,0,1,0,1,0,0,1,0,1,0
-0.0485231960480207,-0.2594354906780068,0.6709773781481484,1,0,1,1,1,0,0,0,0,0,0,1
-0.5260154688640067,-0.5851984004382496,-0.1084054149297635,0,1,0,1,0,1,1,1,1,1,0,0
-0.6145829397757772,-0.7888002190384014,0.179085466098976,1,1,0,0,0,0,0,0,1,0,0,0
-0.9755808629317234,-1.1552834925186746,-1.4827115340671475,0,1,0,0,0,0,0,0,0,0,1,0
-0.9973091216734652,-1.2774445836787656,-1.5142856770703037,0,1,0,0,0,1,0,0,1,0,1,0
1.2301572569710797,0.6364125111626608,1.3207400052131024,1,1,1,1,1,1,1,1,0,0,0,1
-0.296291523141671,-0.62591876415828,0.9784098231788813,1,1,1,0,1,0,0,0,0,0,0,1
1.0833095225103928,0.880734693482843,0.7424346491552913,0,0,0,0,0,0,1,1,0,0,0,1
0.3347765236438657,0.7992939660427822,-0.1998042499389002,0,1,0,0,0,0,1,0,0,0,0,1
0.5027569199061651,0.188488510242327,0.8504514541660894,1,1,1,1,0,0,0,1,0,0,0,1
1.1358544081173263,0.5549717837226001,1.4669781412277214,1,1,0,1,0,0,0,1,0,0,0,1
0.7653931113571087,0.3920903288424788,0.9850570111795456,1,1,1,1,0,0,1,0,0,0,0,1
-0.2277316975890477,1.4915401492832985,-1.2783105030467143,0,1,1,1,0,0,0,0,0,1,1,0
-0.735158231432997,-0.9924020376385532,0.6394032351449919,1,1,1,1,1,0,0,0,0,0,0,1
1.9850212307197184,1.369379058123207,1.3224018022132684,1,1,0,0,0,0,1,1,0,1,0,0
-0.973308770900861,-1.2774445836787656,0.2937494591104381,1,1,0,0,0,1,1,0,1,0,0,0
-0.9048592410778912,-0.8295205827584317,-1.5109620830699717,0,0,0,0,0,0,0,0,1,1,1,0
0.9028877679431774,1.4508197855632678,-0.0219919709211252,0,0,0,1,0,0,0,1,0,0,0,0
-0.5661631144578853,0.3513699651224484,-1.3132082400502028,0,1,0,0,0,0,0,0,0,0,1,0
-0.4114402648999379,-0.3815965818380978,-0.1582593249347472,0,0,0,1,0,0,0,1,0,1,0,0
-0.639289183218164,-0.9109613101984924,0.5081212721318681,1,1,0,0,0,0,0,0,0,0,0,0
1.620582080798583,0.9621754209229036,1.4902432992300467,1,1,0,1,0,1,1,1,1,0,0,1
0.7834374927284234,1.4915401492832985,-0.1499503399339166,0,0,0,1,0,0,1,1,0,0,0,1
-0.4564850408904325,0.6364125111626608,-1.2783105030467143,0,0,0,1,0,1,0,0,0,0,1,0
-0.5223977689313715,-0.8295205827584317,0.8188773111629334,1,1,1,0,0,0,0,1,0,0,0,1
1.0624415704599484,0.4328106925625091,1.5284646302338678,1,1,0,1,1,1,0,1,0,0,0,1
-0.9655880698251152,-1.2367242199587352,-0.5221928679711283,0,1,0,0,0,0,0,0,0,0,0,0
0.424755779895201,-0.0965540357978854,1.42044782522307,1,1,1,1,0,1,0,1,0,0,0,1
-0.8202844755795778,-1.1145631287986442,0.682609957149311,1,1,0,0,0,0,0,0,1,0,0,0
1.2115172786596358,0.7992939660427822,0.9917041991802098,1,0,0,1,0,0,0,0,0,0,0,0
-0.8873442792089133,-0.7888002190384014,-1.4876969250676455,0,0,0,0,0,0,0,0,0,0,1,0
-0.7691293161662788,-1.0738427650786138,0.9568064621767214,1,1,0,0,0,0,0,0,0,0,0,1
-0.9753602714724164,-1.2774445836787656,0.1392023380949889,1,1,1,1,0,0,0,0,0,0,0,0
-0.4429627844349118,-0.3408762181180675,-0.4523973939641511,0,1,1,0,0,0,1,0,0,0,0,0
-0.4480363879989734,-0.6666391278783103,0.4898415051300408,1,1,0,0,0,1,0,1,0,1,0,0
1.6104569328163902,1.369379058123207,0.8703930181680831,1,1,0,0,0,1,1,1,0,0,0,0
-0.4615145261626326,-0.7888002190384014,1.0133075601823696,1,1,1,1,1,0,0,0,0,0,0,1
-0.986125134686599,-1.2774445836787656,-0.6717545979860794,0,0,1,1,0,1,0,0,0,0,0,0
-0.4288008127474009,-0.0965540357978854,-0.6734163949862454,0,1,1,0,0,1,0,0,0,0,0,1
0.8641519076888637,0.9214550572028734,0.4865179111297087,1,0,1,1,0,1,0,1,0,0,0,0
-0.93622734659135,-0.9516816739185228,-1.519271068070802,0,0,0,0,0,0,0,0,1,0,1,0
2.454108968936106,1.5322605130033284,1.6614083902471577,1,0,0,1,0,1,1,1,0,0,0,1
-0.8736896678778086,-0.7073594915983407,-1.5009913010689746,0,0,0,0,0,0,0,0,1,0,1,0
1.981249116765568,1.4508197855632678,1.2060760122016398,1,1,0,1,0,1,0,0,0,1,0,1
-0.9969341161926432,-1.2774445836787656,-1.4860351280674795,0,1,0,0,0,0,0,0,1,0,1,0
-0.2131726612747841,1.4915401492832985,-1.288281285047711,0,1,0,1,0,1,0,0,0,0,1,0
0.7660990040268911,0.3513699651224484,1.2077378092018058,1,1,0,0,1,0,0,1,0,1,0,1
-0.2215330775825203,1.6137012404433893,-1.329826210051864,0,0,0,0,0,0,0,0,0,0,1,0
0.5289852444177703,1.0436161483629645,-0.1233615879312587,0,1,0,1,0,0,1,1,0,1,0,0
-0.2896737793624602,1.6137012404433893,-1.3780183230566818,0,1,0,1,0,1,0,0,0,1,1,0
-0.4392127296266924,-0.3815965818380978,-0.3144682429503628,0,1,0,0,0,1,0,1,0,0,0,0
-0.8641380576898144,-0.8702409464784621,-1.3148700370503688,0,0,1,0,0,1,0,0,0,0,0,0
-0.5906267072950343,-0.748079855318371,-0.0020504069191315,0,1,0,1,0,0,1,0,0,0,0,0
0.6659504815015019,1.369379058123207,-0.2712615209460435,0,1,0,1,0,0,1,1,0,0,0,0
2.3245335457391603,1.6137012404433893,1.3739175092184182,1,1,0,1,0,1,1,1,0,0,0,0
-0.8698513764858664,-1.1552834925186746,0.7075369121518029,1,0,1,0,0,0,0,0,0,0,0,1
-0.9612644772226974,-1.0738427650786138,-1.4993295040688086,0,0,0,0,0,1,0,0,1,0,1,0
0.4825066239417802,0.3920903288424788,0.4549437681265523,0,1,0,0,0,0,0,1,0,0,0,1
-0.9970885302141584,-1.2774445836787656,-1.4976677070686424,0,0,0,1,0,1,0,0,1,0,1,0
-0.7985782759837665,-0.7073594915983407,-1.1486903370337564,0,1,0,1,0,1,1,0,0,0,0,0
1.4700284098215382,1.125056875803025,1.0781176431888486,1,1,1,1,0,0,1,1,0,0,0,1
-0.3784618417335377,1.6137012404433893,-1.4976677070686424,0,0,0,1,0,0,0,0,0,0,1,0
-0.8294831394326808,-0.7073594915983407,-1.3082228490497043,0,1,0,0,0,0,0,0,0,0,1,0
-0.8976017820666901,-0.8702409464784621,-1.38300371405718,0,0,0,0,0,0,0,0,0,0,1,0
0.1766565656125902,0.1477681465222966,0.358559542116917,0,1,0,0,0,0,1,1,1,1,0,1
-0.6693778582676422,-0.9516816739185228,0.6543594081464871,1,1,1,0,1,0,0,0,0,0,0,1
0.7477899129044081,0.758573602322752,0.4931650991303729,1,1,0,0,1,0,0,0,0,1,0,0
-0.9899413669326106,-1.2774445836787656,-0.9592454790148186,0,0,0,0,0,0,0,1,1,0,0,0
-0.5800824355401585,-0.5851984004382496,-0.2114368289400632,0,1,0,0,1,0,1,0,0,0,0,0
1.7834226960590285,1.4915401492832985,0.8604222361670865,0,0,0,0,0,0,1,1,1,0,0,1
-0.5775897520499892,-0.3001558543980371,-0.801374763999037,0,1,0,0,0,1,1,0,0,1,0,0
-0.5692513948881835,-0.7888002190384014,0.3502505571160864,0,1,0,1,0,0,0,0,1,1,0,1
-0.549640814155789,-0.5444780367182193,-0.2878794909477047,0,1,0,0,0,0,0,0,1,0,0,0
-0.4405142192366039,0.758573602322752,-1.304899255049372,0,0,0,1,0,0,0,0,1,0,1,0
0.2429663582802818,-0.1372743995179157,1.1894580421999783,1,0,0,0,0,1,0,1,0,1,0,1
-0.9011312454156024,-1.1552834925186746,0.0262001420836923,0,0,0,0,0,0,0,1,1,0,0,1
0.0363383383473916,-0.3001558543980371,0.9950277931805424,1,1,0,0,0,0,0,0,0,0,0,1
1.1650827764755072,0.6771328748826912,1.127971553193832,1,0,1,0,0,0,0,0,0,0,0,1
0.7650401650222176,0.4328106925625091,0.8803638001690798,1,1,0,1,0,1,1,1,0,1,0,0
-0.8897266669694293,-1.0738427650786138,-0.6767399889865777,0,1,1,0,1,0,0,0,0,0,0,1
-0.4421686551814066,-0.2594354906780068,-0.4789861459668089,0,1,0,0,0,0,0,0,0,0,0,1
-0.0658175664576914,-0.3815965818380978,0.787303168159777,1,1,0,1,1,1,0,0,0,0,0,1
1.0410662580530976,1.0843365120829946,0.5480044001358552,1,1,0,1,0,0,1,0,0,1,0,0
-0.5380377033962396,-0.8295205827584317,1.1080299891918384,1,1,1,1,1,0,0,0,0,0,0,0
-0.9968017613170592,-1.2774445836787656,-1.4760643460664828,0,0,0,0,0,0,0,0,1,0,1,0
-0.9565217608475964,-1.0738427650786138,-1.4976677070686424,0,0,0,0,0,1,0,0,1,0,1,0
-0.2816663093896153,-0.5037576729981889,0.466576347127715,1,0,1,0,0,0,0,0,0,0,0,0
-0.97108079716186,-1.2774445836787656,0.4615909561272169,1,0,1,0,0,1,0,0,0,0,0,1
0.3651078492985816,0.2699292376823877,0.5563133851366857,1,1,0,1,0,1,0,1,0,0,0,0
2.5508162646963064,1.6137012404433893,1.5999219012410113,1,1,0,1,1,0,1,1,0,0,0,1
-0.8230859871127771,-1.0738427650786138,-0.128346978931757,0,0,0,0,0,0,0,0,1,0,0,0
-0.9437053970618584,-1.2367242199587352,0.1973652331008032,1,0,0,0,0,0,0,0,0,0,0,0
-0.7349155808277592,-0.0151133083578247,-1.522594662071134,0,0,0,1,0,1,0,0,1,0,1,0
0.111207079636196,0.3513699651224484,0.0079203750818651,0,0,0,0,0,0,0,0,1,1,0,1
-0.8226668633400938,-0.9924020376385532,-0.4557209879644833,0,1,1,1,0,1,0,0,0,0,0,0
-0.1091637882115219,0.3920903288424788,-0.5521052139741185,0,0,0,1,0,1,1,1,0,0,0,0
2.0338822389562243,1.2879383306831464,1.325725396213601,1,1,0,0,0,0,0,1,0,1,0,1
-0.4468010758268541,1.0843365120829946,-1.4760643460664828,0,0,0,1,0,0,0,0,1,1,1,0
0.6284278742733771,0.4735310562825394,0.6809481601491449,0,1,0,0,0,0,0,1,0,1,0,1
0.7210321688904662,0.1070477828022663,1.609892683242008,1,1,0,0,0,0,1,1,1,0,0,1
-0.9748308519700792,-1.2774445836787656,0.179085466098976,1,1,0,0,0,0,0,0,1,0,0,0
-0.8540349688535526,-1.1145631287986442,0.50313588113137,1,1,0,1,1,0,0,0,0,0,0,0
1.0940523265786453,1.2879383306831464,0.3186764141129299,0,1,0,1,0,0,1,1,1,0,0,1
-0.3533364745184677,0.188488510242327,-0.8163309370005319,0,1,0,0,0,0,0,0,0,0,0,1
-0.6866281103854515,-0.9516816739185228,0.4915033021302069,1,1,1,0,0,0,0,0,0,0,0,1
0.4817786721260669,0.188488510242327,0.8388188751649267,1,0,1,1,1,0,0,1,0,0,0,0
-0.8537923182483149,-0.5444780367182193,-1.4943441130683104,0,0,0,1,0,1,0,0,1,1,1,0
-0.8293066662652352,-0.5037576729981889,-1.4860351280674795,0,0,0,1,0,1,0,0,1,0,1,0
-0.692517902348949,-0.5444780367182193,-0.8329489070021932,0,1,1,0,0,0,0,0,0,0,0,1
-0.5763985581697312,-0.9109613101984924,1.127971553193832,1,1,1,0,0,0,1,0,0,0,0,1
1.907306859605853,1.5322605130033284,1.0049985751815391,1,1,0,1,0,0,0,0,0,1,0,0
-0.8531746621622552,-0.5851984004382496,-1.4860351280674795,0,0,0,1,0,1,0,0,0,1,1,0
1.217870312687678,1.247217966963116,0.5064594751317021,0,0,0,1,0,0,1,1,0,1,0,1
-0.8986606210713638,-1.2367242199587352,1.3174164112127704,1,1,1,1,0,0,0,1,0,0,0,1
-0.6940399834181675,-0.9516816739185228,0.3319707901142591,1,1,1,0,0,0,0,0,0,0,0,0
-0.9361832282994886,-1.2367242199587352,0.2173067971027965,1,1,0,0,0,0,0,0,0,0,0,0
-0.5180962354748845,-0.8702409464784621,1.099721004191008,1,1,0,0,0,0,0,0,0,0,0,1
-0.7106946385958479,-0.748079855318371,-0.4839715369673072,0,0,0,1,0,0,0,0,0,0,0,0
-0.9703528453461469,-1.2774445836787656,0.5164302571326987,1,1,1,1,1,0,1,0,0,0,0,0
1.041794209868811,1.6137012404433893,-0.0103593919199621,0,1,0,1,1,0,1,1,0,0,0,1
0.8379677014691201,0.7178532386027215,0.5895493251400082,0,1,0,0,0,0,1,1,0,1,0,1
-0.3113799789582715,-0.4223169455581282,0.3402797751150897,1,0,0,1,0,1,1,0,0,0,0,0
0.6996568564836153,0.5956921474426305,0.7075369121518029,1,1,0,0,1,0,0,0,0,0,0,0
-0.8873883975007748,-1.1552834925186746,0.179085466098976,1,1,1,0,0,0,0,0,0,0,0,0
-0.1950179841738159,-0.3001558543980371,0.2089978121019659,0,1,0,1,0,0,1,1,1,0,0,1
-0.1036710608747769,-0.0965540357978854,0.1873944510998066,0,0,1,0,0,0,1,1,0,1,0,0
-0.9008003582266418,-1.1552834925186746,0.180747263099142,1,1,1,0,0,0,0,0,0,0,0,0
0.5712285088750655,0.4328106925625091,0.720831288153132,0,0,0,1,0,0,1,1,0,0,0,1
-0.9183814975334118,-0.8295205827584317,-1.5076384890696393,0,0,0,1,0,1,0,0,0,0,1,0
1.1883992937242591,1.5729808767233588,0.2023506241013013,0,1,0,1,0,1,1,1,0,0,0,1
-0.8479687037226095,-0.5444780367182193,-1.491020519067978,0,0,0,1,0,1,0,0,1,1,1,0
0.3818066227681233,0.758573602322752,-0.1416413549330859,0,1,0,1,0,0,1,1,0,1,0,0
1.207480454954317,1.6137012404433893,0.2438955491054544,0,0,0,1,0,1,1,1,0,0,0,0
0.376335954577309,0.3106496014024181,0.53304822713436,1,0,1,1,0,0,0,0,0,1,0,0
0.3284234896158233,0.6771328748826912,-0.1000964299289328,0,0,0,1,0,1,1,1,0,0,0,0
-0.9166829432967478,-1.0331224013585834,-1.1619847130350858,0,0,0,0,0,1,1,0,1,0,0,0
0.8561664968619497,0.3513699651224484,1.1595456961969886,1,1,0,0,0,0,0,1,0,0,0,1
1.257245888173982,0.880734693482843,1.0781176431888486,1,1,0,0,0,0,0,0,0,0,0,1
-0.7164300165378306,-0.0965540357978854,-1.4993295040688086,0,0,0,1,0,0,0,0,0,0,1,0
-0.986213371270322,-1.2774445836787656,-0.6784017859867437,0,1,0,1,0,1,0,0,0,0,0,0
-0.7618497980091469,-0.2187151269579764,-1.4860351280674795,0,0,0,0,0,1,0,0,0,1,1,0
0.945550156173156,0.5549717837226001,1.001674981181207,1,1,0,0,0,0,0,0,0,1,0,0
2.459336986521683,1.5729808767233588,1.4902432992300467,1,1,1,1,0,0,1,0,0,1,0,1
0.95227819568202,1.002895784642934,0.4981504901308714,0,1,0,0,1,0,0,0,0,0,0,1
1.1252439589246583,0.4328106925625091,1.4885815022298807,1,1,0,1,1,0,1,1,1,1,0,1
-0.9746323196567032,-1.2774445836787656,0.1940416391004707,1,0,0,0,0,0,0,0,1,0,0,0
-0.9020797886906228,-1.1552834925186746,-0.3344098069523561,0,0,0,1,0,0,1,0,1,0,0,0
-0.0408466132641362,-0.3408762181180675,0.8238627021634315,1,1,1,0,0,0,0,0,0,0,0,1
1.7737387309954498,1.1657772395230557,1.3855500882195813,1,1,1,0,0,0,1,0,0,0,0,1
-0.4577424122084825,-0.7073594915983407,0.7640380101574512,1,1,0,0,0,0,1,0,0,0,0,0
-0.9388744441030344,-1.2367242199587352,0.1973652331008032,1,1,1,0,0,0,0,0,0,0,0,0
0.1173615813508619,-0.055833672077855,0.544680806135523,0,1,0,1,0,1,1,1,1,1,0,1
-0.799438582675064,-0.5444780367182193,-1.3248408190513656,0,1,0,1,0,1,0,0,0,0,1,0
-0.9706837325351072,-1.2774445836787656,0.4915033021302069,1,1,1,0,0,0,0,0,0,0,0,0
0.5502723202408981,1.6137012404433893,-0.5271782589716266,0,0,0,1,0,1,1,1,1,0,0,0
-0.6081637283099428,0.1070477828022663,-1.30157566104904,0,1,1,0,0,0,0,0,0,0,1,0
-0.9973532399653268,-1.2774445836787656,-1.517609271070636,0,0,0,0,0,0,0,0,1,0,1,0
-0.6800986031899635,-0.9109613101984924,0.184070857099474,1,1,1,1,0,0,0,0,0,0,0,0
1.7800035284397695,1.2879383306831464,1.068146861187852,1,1,0,1,0,0,1,1,1,1,0,1
1.7784814473705508,1.5729808767233588,0.8421424691652587,0,0,1,1,0,0,1,1,0,0,0,1
-0.0880752447017703,-0.1372743995179157,0.2073360151017999,0,1,0,0,0,0,0,0,0,1,0,1
-0.7715117039267947,-1.0738427650786138,0.8720548151682491,1,1,1,1,0,0,0,0,0,0,0,1
0.0198380971912261,-0.0151133083578247,0.356897745116751,1,1,0,1,0,0,1,0,0,0,0,0
-0.3988886108653683,-0.5444780367182193,0.3701921211180801,0,1,0,0,0,1,1,1,1,0,0,0
-0.8429392184504093,-0.7073594915983407,-1.3198554280508674,0,0,0,0,0,0,0,0,0,0,1,0
-0.9837868652179448,-1.2774445836787656,-0.4956041159684701,0,1,1,0,0,1,0,0,0,0,0,0
-0.9947061424536424,-1.2774445836787656,-1.3181936310507012,0,1,0,0,0,0,0,0,1,0,0,0
1.3989759007787457,1.125056875803025,0.8354952811645946,1,1,0,0,0,0,0,0,0,0,0,0
-0.7020253942450818,-0.8702409464784621,-0.128346978931757,0,1,1,0,0,0,0,1,0,0,0,0
-0.7913428761184962,-0.3001558543980371,-1.4843733310673135,0,0,0,1,0,1,0,0,1,0,1,0
-0.3305052584801906,-0.0965540357978854,-0.3144682429503628,0,1,0,0,0,0,1,0,0,0,0,0
-0.9032709825708808,-1.1960038562387048,0.5230774451333633,1,1,1,0,0,0,0,0,0,0,0,0
-0.3826530794603712,0.3513699651224484,-0.9758634490164798,0,0,0,1,0,1,1,0,0,1,0,0
-0.7668792832813471,-0.3001558543980371,-1.4677553610656522,0,0,0,0,0,0,0,0,1,0,1,0
-0.9609335900337368,-1.2367242199587352,-0.3526895739541836,0,0,0,0,0,0,0,0,1,0,0,0
-0.1545835696828383,-0.2187151269579764,0.3469269631157543,1,1,0,1,1,0,1,0,0,0,0,0
-0.3879913927756013,-0.7073594915983407,0.8886727851699104,1,1,1,0,1,0,0,0,0,0,0,1
-0.2411436583149148,1.4100994218432374,-1.3132082400502028,0,1,0,1,0,0,0,0,0,0,1,0
-0.2100182034066936,0.0256070553622056,-0.3377334009526884,0,1,1,0,1,0,0,1,0,0,0,1
-0.9923237546931264,-1.2774445836787656,-1.1387195550327598,0,0,0,1,0,1,1,0,0,0,0,0
1.0589782845488285,0.5549717837226001,1.2044142152014738,1,1,1,1,1,0,0,0,0,0,0,1
0.095037725668991,0.1070477828022663,0.2438955491054544,0,1,0,0,0,1,0,1,1,1,0,1
0.214708592343052,-0.0151133083578247,0.7607144161571191,1,0,0,0,0,0,1,1,0,0,0,0
-0.9835662737586376,-1.2774445836787656,-0.4789861459668089,0,1,1,1,0,0,0,0,0,0,0,1
1.527889549597771,1.125056875803025,1.0299255301840309,1,1,1,1,0,0,0,0,0,0,0,0
-0.9490437103770882,-1.0331224013585834,-1.504314895069307,0,0,0,0,0,0,0,0,1,1,1,0
-0.9884634041552536,-1.2367242199587352,-1.4860351280674795,0,1,0,0,0,0,0,0,1,0,1,0
-0.7878575310614452,-0.2594354906780068,-1.479387940066815,0,1,0,1,0,1,0,0,0,0,1,0
1.277055001219753,0.6771328748826912,1.392197276220246,1,0,0,1,0,0,1,1,0,0,0,1
-0.996735583879267,-1.2774445836787656,-1.4710789550659844,0,0,0,0,0,0,0,0,1,0,1,0
1.8068495090374344,1.1657772395230557,1.3772411032187506,1,1,1,1,0,0,1,0,0,0,0,1
0.4746756271363808,0.3106496014024181,0.6743009721484804,1,1,1,1,0,1,0,0,0,1,0,0
1.848717768013908,1.5322605130033284,0.8670694241677506,1,1,1,1,1,0,1,0,0,0,0,1
-0.9917060986070668,-1.2367242199587352,-1.477726143066649,0,0,0,1,0,1,0,0,1,1,1,0
-0.6887678475407296,-0.9516816739185228,0.4915033021302069,1,1,1,0,1,0,0,0,0,0,0,1
-0.9967576430251978,-1.2774445836787656,-1.4727407520661506,0,1,0,0,0,0,0,0,1,0,1,0
-0.2476731655104028,1.4915401492832985,-1.3231790220511994,0,1,0,1,0,0,0,0,0,0,1,0
0.0422060711649586,0.4735310562825394,-0.359336761954848,0,1,0,0,0,0,0,0,1,1,0,1
0.8589680083951486,1.1657772395230557,0.1707764810981453,0,1,0,1,0,0,1,0,1,0,0,1
-0.8637630522089924,-1.1552834925186746,0.3336325871144251,1,1,0,0,0,0,0,0,0,0,0,0
-0.9385214977681432,-1.2367242199587352,0.5014740841312035,1,1,1,0,0,0,0,1,0,0,0,0
-0.974941147699733,-1.2774445836787656,0.1707764810981453,1,1,1,0,0,0,0,0,0,0,0,0
-0.3053798912651205,-0.6666391278783103,1.1296333501939984,1,1,1,1,1,0,0,0,0,0,0,1
-0.4820736501700474,-0.0965540357978854,-0.8113455460000336,0,1,0,0,0,0,0,1,0,1,0,1
0.129361756737164,1.002895784642934,-0.6617838159850825,0,1,1,1,1,0,0,0,0,0,0,1
-0.8175491414841707,-0.3815965818380978,-1.5009913010689746,0,0,0,1,0,1,0,0,0,0,1,0
-0.8989915082603244,-1.1960038562387048,0.4566055651267183,1,1,1,0,0,0,0,0,0,0,0,0
0.3398942454997886,0.1477681465222966,0.6643301901474837,1,1,1,0,0,0,0,0,0,0,0,1
2.4336601406583456,1.5322605130033284,1.5683477582378549,1,1,0,0,0,0,1,1,0,0,0,1
-0.9728234696903856,-1.2774445836787656,0.3303089931140931,1,1,1,0,0,0,0,0,0,0,0,0
-0.8954399857654812,-1.1552834925186746,0.0278619390838584,0,0,1,1,0,0,0,0,0,0,0,0
0.5930450042005302,1.4100994218432374,-0.3510277769540174,0,0,0,1,0,1,1,1,0,0,0,0
-0.9045283538889306,-1.1960038562387048,0.3319707901142591,1,1,0,1,0,0,0,0,0,0,0,0
-0.7012533241375073,0.0256070553622056,-1.4677553610656522,0,0,0,1,0,1,0,0,1,1,1,0
-0.683539829955153,0.1070477828022663,-1.4976677070686424,0,0,0,1,0,1,0,0,0,0,1,0
-0.4197345037698822,1.5322605130033284,-1.4926823160681442,0,0,0,1,0,0,0,0,0,0,1,0
-0.0020445755720306,0.0663274190822359,0.1458495260956535,1,0,0,0,1,0,0,0,0,0,0,0
0.4351235784826311,0.2699292376823877,0.7158458971526335,1,1,0,1,0,1,0,0,1,0,0,0
0.8756888410106214,1.369379058123207,-0.0303009559219556,0,0,1,1,0,0,0,1,0,0,0,1
-0.7827839274973836,-0.3001558543980371,-1.491020519067978,0,0,1,1,0,1,0,0,0,1,1,0
-0.0815016192144209,-0.4223169455581282,1.1961052302006432,1,1,1,0,0,0,1,0,0,0,0,1
-0.2904679086159656,0.880734693482843,-1.1420431490330922,0,0,1,1,0,0,0,0,0,0,0,0
0.4688520126106752,0.7992939660427822,-0.0502425199239492,0,1,0,0,0,0,1,0,0,0,0,0
1.6054936249819822,1.4100994218432374,0.7524054311562884,1,0,1,1,0,1,0,0,0,1,0,0
-0.088759078225622,-0.2594354906780068,0.5696077611380149,0,0,0,1,0,0,0,1,0,0,0,1
-0.6414950978112341,-0.8702409464784621,0.3386179781149237,1,1,1,1,0,0,0,0,0,0,0,0
1.7528046015072132,1.002895784642934,1.4835961112293827,1,1,0,1,0,0,0,1,0,1,0,1
-0.8062769179135817,-0.4630373092781585,-1.462769970065154,0,0,0,0,0,1,0,0,1,0,1,0
1.864622412229944,1.5729808767233588,0.9451738831755588,0,0,0,1,0,0,1,1,0,0,0,1
-0.3551453244847852,-0.4630373092781585,0.144187729095487,1,1,1,1,1,0,0,0,0,0,0,0
-0.7147535214470971,-0.9109613101984924,0.1774236690988095,1,1,1,1,0,0,0,0,0,0,0,0
2.4739401411278084,1.6137012404433893,1.4885815022298807,1,0,0,1,0,1,1,0,0,0,0,1
-0.4915370237743188,-0.62591876415828,0.1907180451001386,1,0,0,0,0,0,0,0,0,0,0,0
-0.6999077162357344,-0.9109613101984924,0.2920876621102721,0,0,0,0,0,1,1,1,0,1,0,1
-0.9749852659915944,-1.2774445836787656,0.1674528870978128,1,1,1,1,0,1,0,0,0,0,0,0
0.6983112485818426,0.4735310562825394,0.6659919871476498,1,1,0,0,0,0,0,0,0,0,0,0
0.7940479419210914,0.7992939660427822,0.534710024134526,0,1,1,1,1,1,0,0,0,1,0,1
-0.2927620597927586,-0.2594354906780068,-0.1565975279345811,0,1,1,1,0,1,0,1,0,0,0,0
1.0886037175337615,0.5956921474426305,1.1612074931971548,1,0,1,1,1,0,0,0,0,0,0,1
1.907350977897715,1.247217966963116,1.284180471209448,1,1,1,1,0,0,0,0,0,0,0,1
-0.8863516176420317,-1.1960038562387048,0.3436033691154218,1,1,0,0,0,0,0,0,0,0,0,0
-0.7573717913852144,-0.1779947632379461,-1.4710789550659844,0,0,0,1,0,0,0,0,1,0,1,0
-0.5371994558508729,-0.8295205827584317,1.0382345151848615,1,1,1,0,0,0,0,0,0,0,0,1
-0.2994680401556922,1.3286586944031769,-1.328164413051698,0,0,0,0,0,0,0,0,0,1,1,0
-0.8521820005953736,-0.9516816739185228,-0.6767399889865777,0,1,0,0,0,0,0,0,1,0,0,0
-0.8709763929283322,-1.1552834925186746,0.4383257981248911,1,0,0,0,0,0,0,0,0,0,0,0
-0.3074975692744679,-0.7073594915983407,1.3406815692150955,1,0,1,0,0,0,1,1,0,0,0,1
0.590022901208024,0.9214550572028734,-0.0003886099189655,0,1,0,0,0,0,0,0,1,0,0,1
-0.7983356253785289,-0.3815965818380978,-1.504314895069307,0,1,0,0,0,0,0,0,1,0,1,0
-0.4456760593843883,-0.7073594915983407,0.7025515211513048,1,1,0,0,0,1,0,0,0,0,0,1
0.3272322957355653,0.5956921474426305,0.0428181120853536,0,1,0,1,0,0,1,0,0,1,0,0
1.9696680651519487,1.3286586944031769,1.3390197722149295,1,1,0,0,0,0,0,1,0,1,0,1
0.9564914925547844,1.2879383306831464,0.1491731200959855,0,0,0,1,0,1,1,1,1,0,0,0
-0.8218065566487963,-0.4223169455581282,-1.4860351280674795,0,1,0,0,1,0,0,0,1,1,1,0
2.02589682812931,1.247217966963116,1.461992750227223,1,1,1,1,0,0,0,1,0,0,0,1
0.2494517471839084,-0.055833672077855,0.8620840331672525,1,1,1,0,1,0,0,0,0,0,0,0
-0.9903384315593632,-1.2774445836787656,-0.9891578250178088,0,0,1,1,0,0,0,0,0,0,0,1
2.079699085054293,1.1657772395230557,1.6730409692483204,1,1,0,0,0,0,1,1,1,1,0,1
-0.1187595166913774,0.1070477828022663,-0.3244390249513595,0,0,0,0,0,0,0,0,1,0,0,0
-0.3728588186671394,0.1070477828022663,-0.8279635160016948,0,1,1,0,1,0,0,0,0,0,0,0
-0.9219109608823244,-0.9516816739185228,-1.3348116010523623,0,1,0,0,0,0,0,0,1,0,0,0
-0.6822383403452418,-0.5444780367182193,-0.8346107040023594,0,1,1,0,0,0,0,0,0,0,0,0
2.32263645918912,1.6137012404433893,1.3356961782145975,1,1,1,0,0,0,0,0,0,1,0,1
2.180774091708772,1.2879383306831464,1.614878074242506,1,0,1,1,0,1,1,1,0,1,0,1
1.1046186574794516,0.6771328748826912,1.0249401391835322,1,1,1,1,0,1,0,0,0,0,0,1
-0.7236654164031009,-0.7073594915983407,-0.613591702980265,0,0,1,1,0,1,0,0,0,0,0,0
0.1890317464797142,0.2292088739623573,0.1940416391004707,0,0,0,0,0,0,1,1,1,1,0,0
-0.0772883223416567,-0.4223169455581282,0.9933659961803764,1,1,0,0,0,0,0,0,0,0,0,1
0.4691608406537051,0.0663274190822359,1.1661928841976528,1,1,1,0,1,0,0,0,0,1,0,1
1.4920654966063098,1.6137012404433893,0.4898415051300408,0,1,0,1,0,1,1,1,0,0,0,1
-0.1788706893525417,1.6137012404433893,-1.328164413051698,0,0,0,1,0,0,0,0,0,0,1,0
-0.6034210119348418,-0.8295205827584317,0.5546515881365197,1,1,1,0,0,0,0,0,0,0,0,0
-0.2188198026330439,-0.3815965818380978,0.4765471291287116,1,1,0,0,0,0,0,1,1,0,0,0
0.0015069469228125,-0.3408762181180675,0.9917041991802098,1,1,1,0,0,0,1,0,0,0,0,1
0.1031334322255588,-0.3001558543980371,1.1479131171958254,1,0,0,0,0,0,0,1,0,0,0,1
-0.9881986944040853,-1.2367242199587352,-1.46443176706532,0,1,0,0,0,0,0,0,0,0,1,0
-0.7191653506332376,-0.9924020376385532,0.7241548821534641,1,1,1,0,0,0,0,0,0,0,0,1
-0.4542570671514315,1.2064976032430856,-1.4876969250676455,0,0,0,0,0,1,0,0,0,0,1,0
0.089699412353761,-0.0151133083578247,0.5164302571326987,1,1,0,1,1,0,0,0,0,0,0,1
-0.9664924948082738,-1.1960038562387048,-1.368047541055685,0,1,0,1,0,0,0,0,1,0,1,0
-0.9615071278279352,-1.0738427650786138,-1.4843733310673135,0,0,0,1,0,1,0,0,1,0,1,0
2.089515404993456,1.6137012404433893,1.111353583192171,1,1,0,1,0,0,1,1,0,0,0,0
0.504609888164344,1.2879383306831464,-0.3377334009526884,0,1,1,1,0,1,0,1,0,0,0,1
1.8043127072554035,1.6137012404433893,0.8471278601657574,0,1,0,1,0,0,1,1,0,0,0,1
0.6188542049394521,0.6364125111626608,0.464914550127549,0,1,0,0,0,1,1,0,0,1,0,1
-0.9707719691188302,-1.2774445836787656,0.4848561141295422,1,1,1,0,0,1,0,0,0,0,0,0
0.4341970943535417,0.3513699651224484,0.5247392421335293,0,1,1,0,0,0,0,0,0,1,0,1
1.460123853298653,1.4508197855632678,0.5180920541328647,1,1,0,1,1,0,0,0,0,0,0,0
0.8856595749712987,0.6771328748826912,0.8338334841644282,1,1,0,0,1,0,0,0,0,1,0,1
0.7548047213103716,0.3513699651224484,1.1063681921916724,1,0,0,0,0,0,0,0,0,0,0,1
0.7967832760164985,0.758573602322752,0.5396954151350245,1,0,0,0,0,0,0,0,0,0,0,0
-0.8075563483775625,-0.9109613101984924,-0.7997129669988706,0,0,0,0,0,0,1,0,0,0,0,0
-0.9358964594023896,-1.2367242199587352,0.3552359481165849,1,1,0,0,1,0,0,0,1,0,0,0
-0.7208639048699018,-0.9924020376385532,0.3785011061189107,0,1,0,1,0,1,1,1,0,0,0,1
2.0551251964874906,1.3286586944031769,1.4586691562268908,1,0,0,1,0,1,1,1,0,0,0,1
-0.5843839689966455,-0.7073594915983407,-0.1931570619382357,0,0,1,0,0,0,1,1,0,0,0,0
0.2707388230070363,0.5549717837226001,-0.1333323699322553,0,1,0,0,0,0,1,1,0,0,0,1
-0.6720690740711878,0.2292088739623573,-1.4893587220678115,0,1,0,1,0,1,0,0,1,0,1,0
2.4372778405909807,1.4100994218432374,1.7810577742591185,1,1,0,0,0,0,1,1,0,1,0,1
0.6878110951188281,0.4328106925625091,0.8471278601657574,1,1,1,0,1,0,0,0,0,0,0,0
1.6976126183885958,1.4508197855632678,0.8255244991635975,1,1,0,1,1,0,0,0,0,0,0,1
0.3203277830592555,1.0843365120829946,-0.4341176269623235,0,1,1,0,0,0,0,1,0,0,0,1
1.6631562324448383,0.880734693482843,1.6580847962468257,1,1,0,1,0,0,1,1,1,1,0,1
-0.6056931039657041,-0.9516816739185228,1.221032185203135,1,1,1,1,0,1,0,1,0,0,0,1
1.2080319336025849,0.7178532386027215,1.2991366442109429,1,1,0,1,0,1,0,0,0,0,0,1
-0.983455978028984,-1.1960038562387048,-1.481049737066981,0,0,0,0,0,1,0,0,0,0,1,0
1.1448986579489144,0.5549717837226001,1.503537675231376,1,1,1,0,1,0,1,0,0,1,0,1
0.6113982136148748,0.9621754209229036,-0.0037122039192975,0,1,0,0,0,0,1,1,0,1,0,0
0.9776241543563972,0.4735310562825394,1.3091074262119398,1,0,1,1,1,0,0,1,0,0,0,1
0.7876287304552568,0.5956921474426305,0.6177998741428321,1,1,0,1,0,0,0,0,0,0,0,0
0.4112555825856111,-0.0965540357978854,1.3838882912194153,1,0,0,0,0,0,1,1,0,0,0,1
-0.5971562144905223,-0.1372743995179157,-1.115454397030434,0,1,1,0,0,0,0,1,0,0,0,0
-0.3652263541751163,-0.5851984004382496,0.5280628361338618,1,1,1,0,0,0,0,0,0,0,0,0
-0.2814457179303083,1.4915401492832985,-1.3464441800535252,0,0,0,1,0,0,0,0,0,0,1,0
-0.9729778837119004,-1.2774445836787656,0.3186764141129299,1,0,1,0,0,0,0,0,0,0,0,0
-0.8606527126327633,-0.9516816739185228,-0.801374763999037,0,0,0,1,0,0,0,1,1,0,0,0
1.4727637439169452,1.5322605130033284,0.5297246331340278,0,0,1,1,0,1,1,1,0,0,0,0
-0.6232301249806126,-0.7073594915983407,-0.1698919039359101,0,1,0,1,0,1,0,1,0,0,0,0
0.9937935083236024,0.4328106925625091,1.3705939152180862,1,1,0,0,0,1,1,1,0,1,0,1
1.560581203867072,1.247217966963116,0.8404806721650927,1,1,0,0,0,0,0,1,0,1,0,0
-0.412102039277859,-0.62591876415828,0.5081212721318681,1,0,0,0,0,0,0,0,0,0,0,0
-0.9925884644442948,-1.2774445836787656,-1.158661119034753,0,0,0,0,0,0,1,0,1,0,0,0
-0.7817030293467792,-0.3001558543980371,-1.481049737066981,0,1,0,1,0,0,0,0,0,1,1,0
1.0854272005197405,0.5142514200025698,1.1994288242009752,1,1,0,0,0,0,0,0,0,0,0,1
0.4369986058867409,0.0256070553622056,1.1911198392001443,1,1,0,1,1,0,0,0,0,0,0,1
0.7355250277669376,0.0663274190822359,1.7079387062518092,1,1,0,0,0,1,1,1,0,0,0,1
0.4810948386022151,1.5322605130033284,-0.4956041159684701,0,1,0,1,0,0,1,1,0,0,0,1
-0.1130241387493948,0.3106496014024181,-0.4823097399671412,0,1,0,0,0,0,0,0,1,1,0,0
1.936049926753559,1.5729808767233588,0.8521132511662559,0,0,1,1,0,1,1,1,0,0,0,1
2.5550295615690706,1.6137012404433893,1.5666859612376889,1,1,0,1,0,0,1,1,0,0,0,1
-0.1791353991037101,1.5729808767233588,-1.3198554280508674,0,0,0,1,0,0,0,0,0,0,1,0
-0.9658307204303528,-1.2774445836787656,0.8570986421667539,1,0,1,0,0,0,0,0,0,0,0,1
-0.9645733491123027,-1.1552834925186746,-1.5076384890696393,0,0,0,0,0,0,0,0,1,0,1,0
-0.3995062669514279,1.369379058123207,-1.4876969250676455,0,0,0,1,0,1,0,0,0,0,1,0
-0.9192418042247092,-1.1960038562387048,-0.3144682429503628,0,1,1,0,0,0,0,0,0,0,0,1
2.2250688567376224,1.6137012404433893,1.2160467942026365,1,1,1,1,0,0,0,0,0,1,0,1
-0.3396377448955014,1.0436161483629645,-1.3165318340505352,0,0,0,1,0,1,0,0,0,0,1,0
1.1424942110424678,1.2879383306831464,0.328647196113927,0,0,0,0,1,0,0,1,0,0,0,1
-0.8741529099423534,-1.1960038562387048,1.222693982203301,1,1,0,0,0,0,0,0,0,0,0,1
-0.5694278680556292,0.7178532386027215,-1.4827115340671475,0,0,0,0,0,0,0,0,0,1,1,0
-0.9623233162273712,-1.1960038562387048,-1.181926277037079,0,0,0,0,0,0,0,0,1,0,0,0
-0.1609586628568112,-0.4223169455581282,0.9950277931805424,1,1,0,1,0,0,0,0,0,0,0,1
-0.9835221554667763,-1.2774445836787656,-0.4756625519664766,0,1,1,0,0,0,0,0,0,0,0,0
0.0285735189797844,-0.055833672077855,0.3485887601159204,0,1,0,1,0,1,1,1,0,1,0,1
0.0708167834370796,0.4735310562825394,-0.357674964954682,0,1,1,0,0,0,1,0,0,1,0,1
1.6710534066880298,1.125056875803025,1.2093996062019725,1,0,0,1,0,0,0,0,0,0,0,1
-0.5217359945534504,0.3920903288424788,-1.3181936310507012,0,1,0,1,0,0,0,0,0,0,0,0
0.8101952367423654,0.7178532386027215,0.6526976111463211,1,1,0,1,0,1,0,0,0,0,0,0
-0.4676028504395065,-0.7073594915983407,0.682609957149311,1,0,1,0,0,0,0,0,0,0,0,0
-0.828644891887314,-0.9924020376385532,-0.2812323029470404,0,0,0,1,0,1,0,1,0,0,0,0
-0.7584526895358188,-1.0738427650786138,1.113015380192337,1,1,1,0,1,0,0,0,0,0,0,1
2.2850256153772723,1.6137012404433893,1.2010906212011416,1,1,0,0,0,0,0,0,0,0,0,1
2.6333174704771336,1.6137012404433893,1.6065690892416755,1,1,0,1,0,1,1,1,0,0,0,1
-0.8732484849591945,-1.1145631287986442,-0.2978502729487016,0,0,0,0,0,0,1,0,0,0,0,0
-0.9946179058699196,-1.2774445836787656,-1.3115464430500368,0,1,1,0,0,1,0,0,0,0,0,0
0.8185115347582403,0.3920903288424788,1.1379423351948288,1,1,0,1,0,0,0,1,0,0,0,1
1.829107187281513,1.6137012404433893,0.7740087921584478,0,1,0,1,1,1,1,1,0,0,0,1
1.7779299687222834,1.6137012404433893,0.7075369121518029,0,0,0,0,0,0,1,1,0,0,0,1
-0.9177859005932828,-0.9109613101984924,-1.491020519067978,0,1,0,0,0,0,0,0,1,0,1,0
-0.9425362623275312,-1.2367242199587352,0.3701921211180801,1,1,1,0,0,0,0,0,0,0,0,0
-0.9804118158905472,-1.1960038562387048,-1.46443176706532,0,0,0,0,0,0,0,0,1,0,1,0
-0.9815147731870822,-1.2774445836787656,-0.3244390249513595,0,1,1,0,0,0,0,0,0,0,0,1
0.644156045321968,1.3286586944031769,-0.1715537009360761,0,1,0,0,0,0,1,1,1,0,0,0
-0.849115779311006,-1.0738427650786138,-0.3294244159518578,0,0,1,1,0,1,0,0,0,0,0,0
-0.983830983509806,-1.2774445836787656,-0.4989277099688025,0,0,1,0,0,0,1,0,0,0,0,0
0.8713873075541344,0.6771328748826912,0.6560212051466532,1,0,1,1,0,1,0,0,0,0,0,0
-0.4530438141252429,1.002895784642934,-1.4694171580658184,0,0,0,0,0,0,0,0,0,0,1,0
-0.3435863320170971,1.5729808767233588,-1.4710789550659844,0,0,0,1,0,1,0,0,0,0,1,0
1.3167394047490868,0.9621754209229036,0.9983513871808744,1,0,0,0,1,1,1,0,0,1,0,1
-0.5601850859106648,-0.7073594915983407,0.0278619390838584,0,0,0,0,0,1,1,1,0,1,0,0
1.4136231736767315,1.0843365120829946,0.9734244321783826,1,1,1,1,1,0,1,1,0,1,0,0
-0.8946017382201145,-0.7888002190384014,-1.4926823160681442,0,1,0,1,0,1,0,0,1,0,1,0
1.6899360356047113,0.880734693482843,1.4952286902305454,1,0,0,1,0,0,1,1,0,0,0,1
-0.9649704137390556,-1.1960038562387048,-0.8130073430001998,0,0,0,1,0,1,0,0,1,0,0,1
0.9222998163621956,0.880734693482843,0.4898415051300408,1,1,1,0,1,0,0,0,0,0,0,0
0.8130629257133567,1.5729808767233588,-0.1682301069357438,0,0,0,1,0,1,1,1,0,0,0,1
0.3052834455345163,0.3106496014024181,0.3336325871144251,1,0,0,0,0,0,0,0,0,0,0,0
-0.9630512680430844,-1.1960038562387048,-1.1636465100352518,0,1,1,0,0,0,0,1,0,0,0,0
1.1766197097972644,1.125056875803025,0.5264010391336954,0,1,0,1,0,1,0,1,0,0,0,1
-0.7554305865433125,-1.0738427650786138,1.109691786192005,1,1,0,0,0,0,1,1,0,0,0,1
-0.951955517639941,-1.1145631287986442,-1.4760643460664828,0,0,0,0,0,1,0,0,0,0,1,0
1.255106151018704,0.9621754209229036,0.9867188081797118,1,1,1,0,0,0,0,1,0,0,0,1
-0.6442745501985027,-0.9924020376385532,1.1911198392001443,1,1,1,0,1,0,0,0,0,0,0,1
1.9909330818291464,1.3286586944031769,1.2758714862086171,1,1,0,1,1,0,0,0,0,1,0,1
-0.493809115805181,0.5956921474426305,-1.3364733980525287,0,0,0,1,0,1,0,0,1,0,1,0
1.5309337117362078,1.0436161483629645,1.1844726511994803,1,1,0,1,1,0,0,1,0,0,0,1
-0.136142123684771,0.2699292376823877,-0.4972659129686364,0,1,0,0,0,0,0,1,0,0,0,0
-0.5743029393063145,0.8400143297628127,-1.4993295040688086,0,0,0,0,0,0,0,0,0,0,1,0
1.529588103834435,1.4508197855632678,0.6526976111463211,1,1,0,1,0,1,0,0,0,0,0,0
0.2155688990343493,-0.1779947632379461,0.935203101174562,1,0,0,1,0,1,0,1,0,1,0,0
-0.035596536532629,-0.3001558543980371,0.7025515211513048,1,0,1,1,0,1,0,1,0,0,0,0
2.3319233596259457,1.6137012404433893,1.3805646972190828,1,1,0,1,0,0,0,0,0,0,0,1
-0.5504790617011558,-0.2187151269579764,-0.9393039150128252,0,0,0,1,1,0,0,0,0,0,0,1
0.2862243434503894,0.758573602322752,-0.2779087089467081,0,1,0,0,0,0,0,0,0,1,0,1
-0.9743014324677426,-1.2774445836787656,0.2189685941029625,1,1,0,0,0,0,0,0,1,0,0,0
1.5900742819764213,1.4100994218432374,0.7108605061521354,0,0,0,1,0,0,0,1,0,0,0,1
-0.6729073216165545,0.1477681465222966,-1.505976692069473,0,0,0,1,0,1,0,0,0,0,1,0
0.1440972662188732,0.1477681465222966,0.3851482941195749,0,1,0,0,0,0,1,1,1,1,0,0
-0.5088534533299203,0.1477681465222966,-1.1204397880309327,0,0,0,0,0,0,1,0,0,0,0,0
1.5103966468747236,0.758573602322752,1.5533915852363596,1,1,1,0,0,0,0,1,0,1,0,1
-0.7389965228249392,-1.0331224013585834,0.4948268961305394,1,1,0,0,0,0,1,0,1,0,0,0
-0.6591203554098655,0.188488510242327,-1.4827115340671475,0,0,0,0,0,0,0,0,0,1,1,0
0.7669151924263273,0.5956921474426305,0.6709773781481484,1,1,0,1,1,1,0,0,0,1,0,0
0.9593591815257756,0.3513699651224484,1.4736253292283856,1,1,0,1,0,1,0,1,0,1,0,1
1.2838492181664092,0.7178532386027215,1.1927816362003112,1,1,1,1,1,0,0,1,0,1,0,1
-0.9007341807888498,-1.1960038562387048,0.3319707901142591,1,1,0,0,0,0,0,0,1,0,0,0
1.3573944106993712,1.4915401492832985,0.4599291591270504,0,1,0,0,0,0,1,1,0,1,0,1
-0.9947502607455038,-1.2774445836787656,-1.3215172250510334,0,1,0,0,0,0,0,0,1,0,1,0
0.3577621537036576,0.3513699651224484,0.328647196113927,0,1,0,0,0,0,1,1,0,0,0,1
-0.9348376203977158,-1.2367242199587352,0.3868100911197414,0,0,1,0,0,0,0,1,0,0,0,1
-0.5076402003037316,-0.748079855318371,0.8321716871642622,1,1,0,0,0,0,0,0,1,0,0,1
0.0928318110759208,0.1070477828022663,0.1458495260956535,0,1,0,1,0,1,1,1,0,0,0,0
-0.5605159730996254,-0.1372743995179157,-1.030702750021962,0,0,0,1,0,0,0,0,1,0,0,0
-0.7619380345928698,-0.6666391278783103,-0.9725398550161476,0,1,0,1,0,1,0,0,0,0,0,1
-0.7836001158968197,-1.0738427650786138,0.677624566148813,1,1,0,0,1,0,1,0,0,0,0,0
-0.8472186927609655,-0.9516816739185228,-0.7980511699987046,0,0,1,0,0,0,0,0,0,0,0,1
1.392049328956505,1.247217966963116,0.6227852651433307,0,0,0,1,0,1,1,0,0,0,0,1
-0.8315787582960975,-0.7073594915983407,-1.3132082400502028,0,1,1,1,0,1,0,0,0,0,1,0
0.891196420599905,0.758573602322752,0.6460504231456565,1,0,0,1,0,1,0,1,0,1,0,0
0.9702122813236816,1.6137012404433893,0.0162293600826957,0,1,0,1,0,1,1,1,0,0,0,1
-0.1538997361589864,0.1070477828022663,-0.3859255139575061,0,0,0,1,0,0,1,0,0,1,0,1
1.0709122824973385,0.5956921474426305,1.1877962451998123,1,1,1,1,0,0,0,0,0,0,0,1
-0.2159079953701912,1.4100994218432374,-1.30157566104904,0,1,0,0,0,0,0,0,0,0,1,0
0.6636563303247089,1.6137012404433893,-0.3693075439558449,0,0,0,1,0,1,0,1,0,0,0,1
2.538286669807668,1.6137012404433893,1.5683477582378549,1,0,0,1,0,1,1,1,0,0,0,1
-0.6619880443808568,0.4328106925625091,-1.4993295040688086,0,1,0,0,0,0,0,0,0,0,1,0
0.7851360469650874,0.6771328748826912,0.6510358141461546,0,0,1,1,0,0,1,1,0,1,0,1
-0.9411024178420354,-0.9924020376385532,-1.4926823160681442,0,1,0,1,0,1,0,0,1,0,1,0
-0.8982856155905418,-0.7888002190384014,-1.4893587220678115,0,0,0,0,0,0,0,0,1,0,1,0
-0.3145564959722927,-0.7073594915983407,1.1612074931971548,1,1,1,0,0,0,1,0,0,0,0,1
-0.8057474984112448,-1.1145631287986442,1.0415581091851935,1,1,1,0,0,0,0,1,0,0,0,1
-0.973529362360168,-1.1552834925186746,-1.3514295710540236,0,0,0,1,0,1,0,0,0,1,1,0
0.9184615249702534,1.4100994218432374,0.0262001420836923,0,0,0,0,0,0,1,0,0,0,0,1
-0.953058474936476,-1.2367242199587352,-0.3759547319565092,0,0,1,0,0,0,1,0,0,0,0,0
-0.8449466007301032,-1.1552834925186746,1.2276793732037996,1,1,1,0,0,1,0,0,0,0,0,1
0.3605636652368568,0.0663274190822359,0.8404806721650927,1,1,0,1,0,1,0,0,0,0,0,1
-0.7011430284078537,-0.8295205827584317,-0.3510277769540174,0,0,0,1,0,0,1,1,0,0,0,0
-0.985904543227292,-1.2774445836787656,-0.6551366279844181,0,0,0,0,0,0,0,0,1,0,0,0
0.5208454195693412,0.4328106925625091,0.466576347127715,0,1,1,1,0,0,1,1,0,0,0,1
-0.893013479713104,-1.0738427650786138,-0.5155456799704636,0,1,0,0,0,0,0,1,1,1,0,1
-0.6821501037615189,-0.3001558543980371,-1.261692533045053,0,1,0,1,0,0,0,0,1,1,1,0
-0.7253639706397651,-1.0331224013585834,0.966777244177718,1,1,1,0,0,0,0,0,0,0,0,1
0.5238013451240552,0.0256070553622056,1.2941512532104444,1,1,0,1,0,1,1,0,1,1,0,1
-0.8800868201977122,-1.1552834925186746,0.1591439020969822,1,1,0,1,0,1,0,0,1,0,0,0
1.2143629084846963,0.5142514200025698,1.61321627724234,1,0,0,1,0,0,1,1,1,1,0,1
-0.8625718583287345,-1.1145631287986442,0.1657910900976468,1,1,1,0,0,0,0,0,0,0,0,0
1.0376470904338388,0.7992939660427822,0.9468356801757248,1,1,0,1,0,1,0,1,0,0,0,1
-0.3918076250216127,0.3513699651224484,-0.9742016520163136,0,0,0,1,0,0,0,1,1,1,0,0
-0.3088431771762407,-0.62591876415828,0.925232319173565,1,0,1,1,0,0,0,0,0,0,0,1
-0.4927502768005074,-0.7888002190384014,1.0598378761870213,1,1,0,1,0,1,0,0,1,0,0,1
-0.4160726855453855,1.2879383306831464,-1.4943441130683104,0,0,0,1,0,1,0,0,0,1,1,0
0.159847496413395,-0.0151133083578247,0.6726391751483144,1,1,1,1,1,0,0,0,0,0,0,1
-0.8012474326413817,-0.9516816739185228,-0.4640299729653139,0,0,0,0,0,0,1,1,1,1,0,1
-0.3936605932797918,1.5729808767233588,-1.5009913010689746,0,1,0,1,0,1,0,0,0,0,1,0
-0.2606660024635865,1.4100994218432374,-1.2783105030467143,0,0,0,1,0,1,0,0,1,0,1,0
1.542691236517272,1.4508197855632678,0.6011819041411709,0,0,0,1,0,1,1,1,0,0,0,1
-0.1501717404966978,0.1477681465222966,-0.3693075439558449,0,0,0,1,0,1,1,0,1,1,0,0
1.122685097996697,0.9621754209229036,0.6942425361504742,0,1,0,1,1,0,1,1,0,0,0,1
-0.7750632264216377,-1.0331224013585834,0.4732235351283796,1,1,1,0,0,0,0,0,0,0,0,0
0.8692916886907176,1.4100994218432374,-0.00703579791963,0,1,0,0,1,0,1,1,0,0,0,0
-0.5540085250500681,-0.6666391278783103,-0.0170065799206267,0,0,0,1,0,1,1,0,1,0,0,0
2.198090521264373,1.4915401492832985,1.305783832211607,1,1,0,0,0,0,0,1,0,1,0,1
-0.8054607295141458,-0.4223169455581282,-1.519271068070802,0,0,0,1,0,1,0,0,0,0,1,0
-0.0822075118842034,-0.2187151269579764,0.3768393091187442,1,1,1,1,0,0,0,0,0,0,0,0
-0.5219786451586882,-0.1779947632379461,-0.8528904710041867,0,1,1,1,1,1,0,0,0,1,0,1
-0.447396672766983,-0.2594354906780068,-0.5072366949696331,0,1,0,0,0,1,0,0,1,0,0,0
-0.3934179426745541,0.9214550572028734,-1.299913864048874,0,1,0,1,0,1,0,0,0,0,1,0
-0.79617382907732,-0.9924020376385532,-0.344380588953353,0,1,1,1,0,1,0,0,0,0,0,0
0.6155453330498467,1.4508197855632678,-0.3427187919531868,0,1,0,0,0,0,1,0,0,1,0,0
1.811592225412536,1.5322605130033284,0.8471278601657574,1,1,0,0,0,0,0,1,0,1,0,0
-0.9256168973986822,-1.2367242199587352,0.9717626351782166,1,1,1,0,1,0,0,0,0,0,0,1
-0.3665940212228198,0.188488510242327,-0.8163309370005319,0,0,0,1,0,1,1,0,0,0,0,0
2.0565590409729864,1.3286586944031769,1.475287126228552,1,1,1,0,0,0,0,1,0,0,0,1
-0.2993577444260387,1.2879383306831464,-1.341458789053027,0,1,0,0,0,0,0,0,0,1,1,0
-0.8136887909462978,-0.9109613101984924,-0.6617838159850825,0,1,0,0,0,0,0,0,0,0,0,0
-0.0214786831369794,-0.3408762181180675,0.9435120861753926,1,1,1,1,1,0,0,0,0,0,0,1
-0.975227916596832,-1.2774445836787656,0.1491731200959855,1,1,1,0,1,0,0,0,0,0,0,0
0.6460310727260777,0.188488510242327,1.2077378092018058,1,1,1,0,1,0,0,0,0,0,0,1
-0.4120579209859977,-0.5851984004382496,0.3120292261122658,1,1,1,0,0,0,0,0,0,0,0,0
2.6012875905857533,1.5729808767233588,1.6364814352446655,1,1,0,1,0,1,1,1,0,0,0,1
1.2323852307100804,0.9214550572028734,0.9867188081797118,1,1,0,1,0,0,0,0,0,0,0,0
-0.9613085955145588,-1.2774445836787656,1.1977670272008092,1,1,1,1,1,0,0,0,0,0,0,1
1.9501677801492088,1.3286586944031769,1.307445629211773,1,1,0,1,0,1,0,1,0,0,0,1
-0.367476387060048,1.2064976032430856,-1.3630621500551865,0,1,0,1,0,0,0,0,0,1,1,0
-0.8355273454176932,-1.1552834925186746,1.2093996062019725,1,0,1,1,0,1,0,0,0,0,0,1
-0.2323861773804259,1.5729808767233588,-1.3215172250510334,0,0,0,1,0,0,0,0,0,0,1,0
-0.2020327925797793,1.4508197855632678,-1.304899255049372,0,0,0,0,0,0,0,0,0,0,1,0
0.0950597848149216,0.8400143297628127,-0.533825446972291,0,1,0,1,0,1,1,0,0,0,0,1
0.0806772216681036,0.9214550572028734,-0.6551366279844181,0,0,0,0,0,0,0,0,0,1,0,0
-0.7443127769942385,-0.3408762181180675,-1.3348116010523623,0,0,1,0,0,0,0,0,0,1,1,0
-0.7886737194608813,-0.9109613101984924,-0.6235624849812617,0,0,0,0,0,0,0,0,1,0,0,0
2.2352381230116767,1.6137012404433893,1.2958130502106109,1,1,0,1,0,0,0,0,0,0,0,1
-0.4953091377284688,-0.4630373092781585,-0.2928648819482031,0,1,1,1,0,1,1,0,0,1,0,1
2.423998234740698,1.6137012404433893,1.440389389225063,1,1,0,0,1,0,0,1,0,0,0,1
0.9659107478671946,0.3106496014024181,1.506861269231708,1,1,0,1,0,1,1,1,0,0,0,1
-0.9597644552994096,-1.1145631287986442,-1.4710789550659844,0,1,0,0,0,0,0,0,1,0,1,0
-0.9971988259438118,-1.2774445836787656,-1.505976692069473,0,0,1,0,0,0,0,0,0,0,1,0
1.6085598462663495,1.002895784642934,1.272547892208285,1,1,1,1,0,0,1,1,0,0,0,0
-0.9416318373443722,-1.2367242199587352,0.2920876621102721,1,1,0,1,0,1,0,0,0,0,0,0
-0.920366820667175,-1.2367242199587352,0.8853491911695783,1,1,1,0,0,0,0,0,0,0,0,0
-0.8971164808562146,-1.1960038562387048,0.3668685271177476,1,1,1,0,0,0,0,0,0,0,0,0
-0.923918343162018,-1.2367242199587352,0.8238627021634315,1,1,0,1,0,1,0,0,0,0,0,1
0.983734537779202,0.9214550572028734,0.5579751821368518,1,1,1,0,0,0,0,0,0,0,0,0
0.3453207953987413,0.5142514200025698,0.1757618720986434,0,1,1,0,1,0,1,1,0,0,0,1
2.3083421326260245,1.5322605130033284,1.3489905542159264,1,0,0,1,1,0,1,0,0,0,0,1
-0.9746984970944952,-1.2774445836787656,0.1890562480999726,1,1,0,0,0,1,0,0,1,0,0,0
-0.9388082666652422,-1.2367242199587352,0.3868100911197414,1,0,1,1,0,0,0,0,0,0,0,0
-0.8030121643158379,-0.2594354906780068,-1.5142856770703037,0,0,0,1,0,0,0,0,1,1,1,0
0.4344397449587793,1.5322605130033284,-0.6484894399837535,0,1,1,0,1,0,0,0,0,1,0,1
-0.8977782552341357,-0.7888002190384014,-1.4993295040688086,0,0,1,0,0,0,0,0,0,1,1,0
1.583699188802448,1.4915401492832985,0.6859335511496436,1,1,0,1,0,0,0,0,0,0,0,0
-0.9748308519700792,-1.2774445836787656,0.179085466098976,1,1,1,0,1,0,0,0,0,0,0,0
-0.1901208537772,-0.055833672077855,-0.1599211219349132,0,0,1,1,0,1,1,1,0,1,0,1
-0.1845178307108015,-0.3408762181180675,0.5147684601325326,1,1,1,0,0,0,0,0,0,0,0,0
0.3229087031331477,1.5322605130033284,-0.6883725679877406,0,1,0,0,1,0,0,0,0,1,0,0
-0.2619895512194286,1.5322605130033284,-1.33148800705203,0,0,0,1,0,1,0,0,0,0,1,0
2.362320862718453,1.4915401492832985,1.5018758782312098,1,1,1,1,1,0,0,1,0,0,0,1
-0.9432862732891748,-1.2367242199587352,0.1774236690988095,1,0,1,1,1,0,0,0,0,0,0,0
-0.7636586479754646,-0.4223169455581282,-1.30157566104904,0,0,0,1,1,0,0,0,0,1,1,0
-0.3181300776130664,-0.3408762181180675,-0.0136829859202946,0,0,1,1,0,1,1,0,0,0,0,0
-0.0488982015288426,0.5549717837226001,-0.6584602219847502,0,0,0,0,0,0,0,0,0,0,0,0
-0.7810853732607196,-0.2187151269579764,-1.4976677070686424,0,0,0,0,0,1,0,0,0,0,1,0
1.7967905384930338,1.6137012404433893,0.8089065291619363,0,0,0,1,1,0,1,1,0,0,0,1
-0.985617774330193,-1.2774445836787656,-0.6335332669822583,0,1,0,0,0,0,0,0,1,0,0,0
-0.9217344877148784,-1.2367242199587352,0.8504514541660894,1,0,1,1,0,0,1,0,0,0,0,0
-0.6377891612948763,-0.9109613101984924,0.7075369121518029,1,1,0,0,0,0,0,0,0,0,0,0
-0.2493496606011362,1.369379058123207,-1.2982520670487077,0,1,0,1,0,1,0,0,0,1,1,0
-0.9968017613170592,-1.2774445836787656,-1.4760643460664828,0,0,0,0,0,0,0,0,1,0,1,0
-0.8274536980070561,-1.1145631287986442,0.6261088591436628,1,1,1,1,0,1,0,0,0,0,0,1
0.053522413027409,-0.2187151269579764,0.720831288153132,1,1,0,0,1,0,0,0,0,0,0,0
-0.6200977262584528,-0.8702409464784621,0.4566055651267183,1,1,1,0,1,0,0,0,0,0,0,1
1.860210583043804,1.3286586944031769,1.141265929195161,1,1,0,0,1,0,0,0,0,0,0,1
1.6277733623719917,1.1657772395230557,1.1379423351948288,1,0,1,1,1,1,0,0,0,1,0,1
-0.6459731044351669,-0.748079855318371,-0.1117290089300958,0,1,0,1,0,1,1,0,0,0,0,1
0.6613842382938465,1.1657772395230557,-0.0868020539276039,0,1,0,1,0,0,1,1,1,0,0,1
-0.7571732590718381,-0.9109613101984924,-0.1516121369340826,0,0,0,1,0,1,0,0,1,0,0,0
0.2787242338339505,1.125056875803025,-0.4889569279678058,0,0,1,1,0,0,1,0,0,1,0,1
0.6867301969682238,0.1070477828022663,1.5301264272340338,1,1,0,0,1,0,1,1,0,1,0,1
-0.5851339799582893,-0.9109613101984924,1.0000131841810405,1,1,1,0,0,0,0,0,0,0,0,1
0.6600606895380043,0.5142514200025698,0.5529897911363537,1,0,0,1,0,0,0,0,0,0,0,0
0.4923891213187349,0.1070477828022663,1.1396041321949948,1,1,1,0,1,0,0,0,0,0,0,1
0.3255558006448319,0.2699292376823877,0.3485887601159204,1,0,1,0,0,0,0,0,0,0,0,0
0.316643905688828,1.0843365120829946,-0.4823097399671412,0,1,1,1,1,0,0,0,0,0,0,1
-0.8674910478712812,-1.0331224013585834,-0.681725379987076,0,1,0,1,0,0,0,0,1,0,0,0
-0.6399068393042237,-0.8702409464784621,0.1907180451001386,0,0,0,0,0,0,0,1,1,0,0,1
-0.6658925132105911,-0.4630373092781585,-0.9858342310174764,0,0,0,0,0,0,1,1,1,0,0,0
-0.8633218692903784,-1.0738427650786138,-0.3194536339508612,0,0,0,0,0,0,1,0,1,0,0,0
-0.3117770435850242,1.247217966963116,-1.3132082400502028,0,0,0,1,0,1,0,0,1,0,1,0
-0.3422186649693936,-0.7073594915983407,1.2077378092018058,1,1,1,1,0,0,0,0,0,0,0,1
-0.7995047601128561,-1.0331224013585834,0.1774236690988095,1,1,0,1,1,0,0,0,1,0,0,0
0.3247175530994652,0.3106496014024181,0.3253236021135945,0,1,1,1,0,1,0,0,0,0,0,1
0.2886287903568359,1.3286586944031769,-0.6484894399837535,0,0,0,0,0,1,0,1,1,0,0,0
0.3264602256279906,0.9621754209229036,-0.4008816869590011,0,0,0,0,0,0,1,0,1,1,0,0
-0.7270184065845677,-1.0331224013585834,0.8172155141627669,1,1,0,0,0,0,0,0,0,0,0,0
2.660251687658521,1.5729808767233588,1.7129240972523074,1,1,0,0,0,0,1,1,0,1,0,1
1.0873463462157116,0.6364125111626608,1.1379423351948288,1,1,1,0,1,0,0,0,0,1,0,1
-0.981382418311498,-1.2774445836787656,-0.3144682429503628,0,1,0,1,0,0,0,0,1,0,0,0
-0.9184256158252732,-1.1145631287986442,-0.6335332669822583,0,0,1,0,1,0,0,0,0,0,0,1
0.509948201479574,0.6364125111626608,0.1591439020969822,0,1,0,1,0,0,0,1,1,1,0,1
2.034588131626007,1.2064976032430856,1.6348196382444995,1,0,0,1,0,0,1,1,1,0,0,1
2.012551044841235,1.4915401492832985,1.15456030519649,1,0,0,1,0,0,0,0,0,1,0,1
0.2362603779173483,0.1070477828022663,0.5596369791370178,1,1,0,1,1,0,0,0,0,1,0,0
0.333563270617677,1.002895784642934,-0.3742929349563432,0,1,1,0,1,0,0,1,0,1,0,0
-0.9973091216734652,-1.2774445836787656,-1.5142856770703037,0,0,0,1,0,1,0,0,1,0,1,0
-0.9165285292752328,-0.8702409464784621,-1.4577845790646555,0,0,0,1,0,1,0,0,0,0,1,0
-0.848674596392392,-1.1145631287986442,0.534710024134526,1,1,1,1,0,1,0,0,0,0,0,0
-0.6812897970702215,-0.9109613101984924,0.179085466098976,1,0,0,0,0,0,0,0,1,0,0,0
1.030742577757529,1.1657772395230557,0.3003966471111027,0,1,0,1,0,1,0,1,0,0,0,1
-0.9972870625275344,-1.2774445836787656,-1.5126238800701377,0,0,0,0,0,1,0,0,1,0,1,0
-0.9295213662284164,-1.2367242199587352,0.4798707231290441,1,0,1,1,1,0,0,0,0,0,0,0
-0.8630792186851406,-1.0738427650786138,-0.6351950639824246,0,0,0,1,0,0,0,0,1,0,0,0
-0.9543379054004568,-1.0738427650786138,-1.4677553610656522,0,0,0,0,0,0,0,0,1,1,1,0
0.4792639294899669,0.1477681465222966,0.9584682591768874,1,1,1,1,0,0,1,0,0,0,0,1
-0.7183491622338016,-0.9516816739185228,0.142525932095321,1,0,1,0,0,0,0,0,0,0,0,0
1.604677436582546,0.9621754209229036,1.3523141482162588,1,1,0,0,0,0,0,1,0,0,0,1
-0.6854369165051936,0.188488510242327,-1.4943441130683104,0,0,0,1,0,1,0,0,0,0,1,0
-0.8732484849591945,-0.748079855318371,-1.5009913010689746,0,0,0,0,0,0,0,0,0,0,1,0
-0.8144167427620109,-0.5037576729981889,-1.5093002860698053,0,1,0,0,0,0,0,0,0,1,1,0
1.3418647719641568,1.1657772395230557,0.7939503561604415,0,0,0,0,0,0,0,1,0,0,0,1
2.76507674912122,1.6137012404433893,1.7760723832586205,1,1,1,0,0,0,1,1,0,0,0,1
0.2249881543467592,0.6364125111626608,-0.1931570619382357,0,1,0,1,1,0,0,0,0,1,0,1
1.2742976079784152,0.6771328748826912,1.392197276220246,1,1,0,0,0,0,0,1,0,1,0,1
-0.7962620656610429,-1.0738427650786138,0.6510358141461546,1,1,1,1,1,0,0,0,0,0,0,1
0.3605195469449954,-0.0965540357978854,1.1861344481996463,1,0,1,0,0,0,0,0,0,0,0,1
-0.2445628259341737,1.5729808767233588,-1.341458789053027,0,1,0,1,0,0,0,0,0,0,1,0
1.5026980049449086,1.4508197855632678,0.6061672951416694,1,1,1,1,0,1,0,0,0,1,0,0
0.788952279211099,1.2879383306831464,0.0345091270845229,0,0,0,1,0,1,1,1,1,1,0,0
-0.8414612556730522,-0.748079855318371,-1.303237458049206,0,0,0,1,0,1,0,0,1,0,1,0
0.5773609514438008,0.3920903288424788,0.6493740171459885,1,1,1,1,0,0,0,1,0,0,0,0
-0.392160571356504,0.188488510242327,-0.8046983579993692,0,1,0,0,0,0,1,1,1,0,0,0
2.2438411899246504,1.1657772395230557,1.789366759259949,1,1,1,0,0,0,1,1,0,1,0,1
1.1335602569405334,0.5956921474426305,1.3822264942192488,1,1,1,0,0,0,0,0,0,0,0,1
0.908336376988061,0.7992939660427822,0.684271754149477,1,1,1,0,0,0,0,0,0,0,0,1
-0.6964885486164756,-0.7888002190384014,-0.3526895739541836,0,0,0,1,0,1,1,1,0,1,0,0
-0.2309743920408609,1.5729808767233588,-1.3564149620545218,0,0,0,1,1,0,0,0,0,0,1,0
-0.2490849508499677,1.5322605130033284,-1.3098846460498703,0,0,0,1,0,1,0,0,1,0,1,0
-0.2593424537077443,-0.5851984004382496,0.9966895901807084,1,1,1,1,0,0,0,0,0,0,0,1
-0.6979885705397633,0.188488510242327,-1.4760643460664828,0,0,0,1,0,0,0,0,0,0,1,0
-0.5415009893073599,0.8400143297628127,-1.4960059100684764,0,0,0,0,0,1,0,0,0,0,1,0
1.1776785488019383,1.0843365120829946,0.6144762801425001,1,1,1,0,0,0,0,0,0,0,0,0
-0.90984460805823,-1.1960038562387048,0.3236618051134285,1,0,1,0,0,0,0,0,0,0,0,0
1.1651930722051609,0.6771328748826912,1.1462513201956597,1,1,0,1,0,0,0,1,0,1,0,1
0.3690123181283158,1.0843365120829946,-0.3526895739541836,0,0,0,0,0,0,0,0,0,0,0,0
-1.005779833710855,-1.318164947398796,-1.4876969250676455,0,0,0,1,0,1,0,0,1,0,1,0
0.7034069112918347,1.3286586944031769,-0.1133908059302618,0,0,0,1,0,1,1,0,0,1,0,0
1.4758079060553824,0.7992939660427822,1.3390197722149295,1,1,1,1,0,0,0,0,0,0,0,1
-0.11664183868203,-0.3001558543980371,0.5014740841312035,1,1,0,0,0,0,1,0,0,0,0,0
-0.9247124724155232,-1.2367242199587352,0.7440964461554579,1,1,0,0,0,0,0,0,0,0,0,0
0.6585827267606473,1.4915401492832985,-0.3261008219515255,0,1,0,1,0,1,0,0,0,0,0,1
2.1319792609100583,1.4100994218432374,1.3572995392167568,1,1,1,1,1,0,1,0,0,1,0,1
-0.8429171593044785,-0.9924020376385532,-0.6684310039857471,0,0,0,1,0,1,0,0,0,0,0,0
-0.7100328642179269,0.0256070553622056,-1.4843733310673135,0,0,0,1,0,1,0,0,1,0,1,0
-0.7704087466302595,-0.3408762181180675,-1.491020519067978,0,0,0,1,0,1,0,0,1,1,1,0
-0.9654998332413922,-1.2774445836787656,0.8820255971692458,1,1,1,0,1,0,0,0,0,0,0,1
2.0160584490442166,1.5729808767233588,1.0299255301840309,1,1,0,1,0,1,0,0,0,0,0,1
-0.9752499757427628,-1.2774445836787656,0.1475113230958195,1,1,1,0,0,0,0,0,0,0,0,0
-0.17253971447043,-0.5444780367182193,1.1711782751981514,1,0,0,1,0,1,0,1,0,1,0,1
1.6079642493262207,1.5729808767233588,0.5679459641378485,0,0,0,1,0,0,1,1,0,0,0,1
-0.9746323196567032,-1.2774445836787656,0.1940416391004707,1,1,0,0,1,0,0,0,1,0,0,0
-0.8658145527805478,-1.1552834925186746,0.4782089261288781,1,1,1,0,0,0,0,0,0,0,0,1
-0.8887340054025477,-0.7888002190384014,-1.502653098069141,0,0,0,1,0,1,0,0,1,0,1,0
2.5174628360490843,1.5729808767233588,1.5467443972356951,1,0,0,0,0,0,1,1,1,0,0,1
1.836254350563061,1.6137012404433893,0.85876043916692,0,1,0,1,0,1,1,1,0,0,0,1
-0.3142035496374015,-0.2187151269579764,-0.2845558969473725,0,0,0,0,0,1,1,0,1,1,0,0
-0.5967370907178389,-0.5037576729981889,-0.6784017859867437,0,1,1,0,0,0,0,0,0,0,0,0
0.8637327839161805,1.2064976032430856,0.1541585110964841,0,0,0,0,0,0,1,1,0,0,0,0
0.3811448483902022,-0.055833672077855,1.217708591202803,1,1,1,0,0,0,0,0,0,0,0,1
-0.0994136457101513,-0.1372743995179157,0.358559542116917,0,0,0,1,0,1,0,1,1,0,0,1
-0.9855957151842624,-1.2774445836787656,-0.6318714699820923,0,0,1,0,0,0,0,0,0,0,0,0
-0.9839412792394596,-1.2774445836787656,-0.5072366949696331,0,0,1,0,0,0,0,0,0,0,0,0
-0.9461319031142356,-1.2367242199587352,0.1641292930974807,1,1,1,0,0,0,0,0,0,0,0,0
-0.6917017139495131,-0.0965540357978854,-1.4461520000634926,0,0,0,1,0,1,0,0,1,0,1,0
0.3007392614727917,1.1657772395230557,-0.5005895069689685,0,1,0,1,0,1,1,0,0,1,0,0
-0.64136274293565,0.2699292376823877,-1.4827115340671475,0,0,0,0,0,0,0,0,1,0,1,0
2.533764544891873,1.6137012404433893,1.5583769762368582,1,1,0,1,1,0,0,1,0,0,0,1
-0.5328317449565938,-0.748079855318371,0.5214156481331973,1,1,1,0,0,0,0,0,0,0,0,0
2.0209996977326945,1.369379058123207,1.3124310202122718,1,1,1,0,0,0,0,1,0,1,0,1
-0.6485319653631283,-0.9516816739185228,0.8654076271675846,1,1,0,0,0,0,0,0,0,0,0,1
-0.1442378302413388,0.0256070553622056,-0.1782008889367407,0,0,1,0,0,0,1,1,0,1,0,0
-0.996889997900782,-1.2774445836787656,-1.4827115340671475,0,0,0,0,0,0,0,0,1,0,1,0
-0.8758735233249481,-1.1960038562387048,1.3373579752147635,1,1,1,0,1,0,0,0,0,0,0,1
-0.7682028320371893,-0.3815965818380978,-1.343120586053193,0,0,0,1,0,1,0,0,1,1,1,0
-0.9725367007932864,-1.2774445836787656,0.3519123541162524,1,1,1,0,1,0,0,0,0,0,0,0
1.8169305387277648,1.4915401492832985,0.9484974771758908,1,1,0,1,0,1,0,1,0,0,0,1
0.1656711109391003,-0.3001558543980371,1.3689321182179202,1,0,0,0,1,0,0,0,1,0,0,1
-0.2618792554897751,1.4508197855632678,-1.2965902700485417,0,0,0,1,0,1,0,0,1,0,1,0
-0.9375508953471922,-1.1960038562387048,-0.3211154309510272,0,1,0,0,0,1,1,1,1,0,0,0
-0.6650101473733631,0.3513699651224484,-1.5109620830699717,0,0,0,1,0,1,0,0,0,0,1,0
-0.1139947411703457,0.7178532386027215,-0.8412578920030237,0,1,0,1,0,1,1,0,0,0,0,0
-0.5374200473101799,1.002895784642934,-1.5076384890696393,0,0,0,1,0,1,0,0,1,1,1,0
-0.9968679387548512,-1.2774445836787656,-1.481049737066981,0,0,0,0,0,0,0,0,1,0,1,0
-0.347005499636356,1.5729808767233588,-1.4577845790646555,0,1,0,1,0,0,0,0,0,0,1,0
-0.9911325608128686,-1.2367242199587352,-1.4760643460664828,0,0,0,0,0,0,0,0,1,0,1,0
0.3381295138253324,-0.0965540357978854,1.1728400721983174,1,1,1,1,0,1,0,0,0,0,0,1
-0.842365680656211,-1.0331224013585834,-0.3294244159518578,0,0,0,0,0,0,0,0,1,0,0,0
-0.0153462405682443,-0.1779947632379461,0.5264010391336954,1,1,1,0,0,0,0,0,0,0,0,1
1.6615679739378275,1.5729808767233588,0.7091987091519689,0,1,0,1,0,0,1,1,0,0,0,1
-0.7386656356359786,-1.0331224013585834,0.8055829351616043,1,1,1,1,1,0,0,0,0,0,0,1
-0.5950826547730361,0.7178532386027215,-1.4827115340671475,0,0,0,1,0,1,0,0,0,0,1,0
-0.8670498649526671,-0.6666391278783103,-1.5009913010689746,0,0,0,1,0,0,0,0,1,0,1,0
-0.7002386034246949,-0.1372743995179157,-1.2849576910473786,0,0,0,1,0,1,0,0,1,0,1,0
-0.8877192846897354,-1.1960038562387048,0.4815325201292102,1,0,1,0,0,0,0,0,0,0,0,0
-0.8224462718807867,-1.1145631287986442,0.5264010391336954,1,1,1,0,0,0,0,0,0,0,0,0
-0.6788632910178443,0.1070477828022663,-1.451137391063991,0,0,0,0,0,0,0,0,1,1,1,0
-0.515537374546923,-0.62591876415828,0.0328473300843569,0,0,0,0,0,0,1,0,0,0,0,1
-0.9111902159600028,-1.1960038562387048,0.5829021371393436,1,1,0,0,0,0,1,1,1,0,0,0
-0.7779970928304212,-0.3001558543980371,-1.504314895069307,0,1,0,0,0,0,0,0,0,1,1,0
-0.6128623263931824,-0.9516816739185228,1.0000131841810405,1,1,0,1,0,0,0,1,1,0,0,0
1.1390088659854167,1.247217966963116,0.5014740841312035,0,1,0,0,0,0,1,1,0,0,0,0
-0.5961856120695713,0.7992939660427822,-1.4993295040688086,0,0,0,0,0,1,0,0,0,1,1,0
-0.6846869055435497,0.188488510242327,-1.5009913010689746,0,0,0,1,1,0,0,0,1,1,1,0
-0.981161826852191,-1.2774445836787656,-0.2978502729487016,0,1,1,0,1,0,1,0,0,0,0,0
0.709473176422778,0.6364125111626608,0.6211234681431647,0,1,0,0,0,0,1,0,0,1,0,1
-0.8455642568161629,-0.8702409464784621,-0.9625690730151508,0,1,0,0,0,0,0,0,1,0,0,0
1.4194247290565067,1.002895784642934,1.1595456961969886,1,1,1,1,0,0,1,0,0,0,0,1
-0.3432333856822059,1.1657772395230557,-1.3215172250510334,0,0,0,1,1,0,0,0,0,0,1,0
0.0651255237869583,0.0663274190822359,0.2256157821036271,1,0,0,1,1,0,0,0,0,0,0,0
0.7853566384243945,1.4915401492832985,-0.1117290089300958,0,0,0,1,0,1,1,1,0,0,0,0
-0.6403921405146991,-0.3408762181180675,-1.0140847800203006,0,0,0,1,1,0,0,1,1,0,0,0
1.2054730726746234,1.5729808767233588,0.2073360151017999,0,1,0,1,1,0,1,1,0,1,0,0
-0.4036754455323307,0.880734693482843,-1.3231790220511994,0,1,0,1,1,0,0,0,0,0,0,0
-0.1751206345443223,-0.055833672077855,-0.1898334679379036,0,1,0,1,0,0,0,0,0,0,0,0
1.5169923315080036,0.8400143297628127,1.4686399382278874,1,1,0,1,0,0,0,1,0,1,0,1
0.8449163324372914,1.0843365120829946,0.2438955491054544,0,1,0,1,0,1,0,1,0,0,0,0
1.6601561885982627,1.6137012404433893,0.6161380771426661,0,1,0,1,0,1,1,1,0,0,0,1
-0.8593732821687827,-0.7888002190384014,-1.3165318340505352,0,1,0,0,0,0,0,0,0,0,0,0
-0.9862354304162524,-1.2774445836787656,-0.6800635829869099,0,1,0,0,0,0,0,0,1,0,0,0
-0.9836765694882912,-1.2774445836787656,-0.4872951309676395,0,1,1,0,0,0,0,0,0,0,0,0
-0.7043416045678056,-0.8702409464784621,-0.1698919039359101,0,1,0,1,0,1,0,0,0,0,0,0
-0.8586232712071388,-1.1552834925186746,0.641065032145158,1,0,0,0,0,1,0,0,0,0,0,0
1.200222995943116,0.8400143297628127,1.0000131841810405,1,1,0,1,0,0,0,0,0,1,0,1
-0.9642424619233422,-1.1145631287986442,-1.4860351280674795,0,0,0,0,1,0,0,0,0,0,1,0
-0.3612777670535206,1.6137012404433893,-1.4843733310673135,0,0,0,1,0,1,0,0,0,0,1,0
-0.9054768971639507,-1.1552834925186746,-0.3078210549496983,0,0,0,0,0,0,0,0,0,0,0,0
2.25387810132312,1.4100994218432374,1.5816421342391835,1,1,0,1,0,1,0,1,0,1,0,1
-0.986345726145906,-1.2774445836787656,-0.6883725679877406,0,1,0,0,0,0,0,0,0,0,0,0
-0.3447334076054937,1.1657772395230557,-1.3215172250510334,0,1,0,0,0,1,0,0,0,0,1,0
-0.8149682214102786,-0.4223169455581282,-1.4827115340671475,0,0,0,0,0,1,0,0,0,0,1,0
-0.9821544884190726,-1.2774445836787656,-0.3726311379561772,0,1,0,0,0,0,0,0,1,0,0,0
0.7153850275322062,0.758573602322752,0.3469269631157543,0,1,0,1,0,0,0,1,0,0,0,1
0.3517400068645758,0.758573602322752,-0.1532739339342488,0,0,0,0,0,1,1,1,0,1,0,1
-0.8772191312267209,-0.9109613101984924,-1.166970104035584,0,1,1,0,1,0,0,1,0,0,0,0
-0.773122021579736,-0.3408762181180675,-1.4727407520661506,0,0,0,0,0,0,0,0,0,1,1,0
-0.6717602460281581,-0.7073594915983407,-0.3244390249513595,0,0,0,0,1,0,0,1,0,0,0,0
2.1436706082533306,1.3286586944031769,1.503537675231376,1,1,0,0,0,0,1,1,0,1,0,1
-0.8723440599760357,-0.7073594915983407,-1.4843733310673135,0,0,0,0,0,0,0,0,0,1,1,0
-0.2412318948986376,1.5729808767233588,-1.3464441800535252,0,1,0,1,0,0,0,0,0,0,1,0
-0.5518467287488593,-0.7888002190384014,0.5696077611380149,1,1,0,0,0,0,0,0,1,0,0,0
-0.1523335367979066,-0.5444780367182193,1.3905354792200797,1,1,1,0,0,0,1,1,0,0,0,1
-0.4374038796603748,-0.7073594915983407,0.8055829351616043,1,0,0,0,1,0,0,0,0,0,0,0
-0.9970002936304354,-1.2774445836787656,-1.491020519067978,0,1,0,0,0,0,0,0,1,0,1,0
-0.9924561095687108,-1.2774445836787656,-1.1486903370337564,0,0,1,1,0,1,0,0,0,0,0,0
0.0303161915083098,0.3920903288424788,-0.3327480099521901,0,1,1,0,0,0,1,1,0,1,0,1
-0.5390744832549826,1.0843365120829946,-1.5408744290729617,0,0,0,1,0,0,0,0,0,0,1,0
-0.5116990831549808,0.9621754209229036,-1.4943441130683104,0,1,0,1,0,1,0,0,0,0,1,0
-0.7914090535562882,-0.5444780367182193,-1.30157566104904,0,0,0,1,0,1,0,0,1,0,1,0
-0.6198330165072844,-0.5851984004382496,-0.5105602889699654,0,0,1,0,0,0,1,0,0,0,0,0
-0.9663821990786204,-1.2774445836787656,0.8155537171626008,1,1,1,0,1,0,0,0,0,0,0,1
1.2950332051532756,1.3286586944031769,0.5895493251400082,0,1,0,1,0,1,1,1,0,0,0,1
-0.8341155600781284,-1.0738427650786138,-0.2828940999472064,0,0,1,0,0,0,1,0,0,0,0,0
-0.5297214053803647,0.9214550572028734,-1.477726143066649,0,0,0,1,0,1,0,0,1,0,1,0
-0.6936429187914149,-0.0151133083578247,-1.4760643460664828,0,0,0,0,0,0,0,0,0,1,1,0
1.850614854563948,1.6137012404433893,0.9052907551715716,0,0,0,1,0,0,1,1,0,0,0,1
0.2950921201145318,-0.1372743995179157,1.219370388202969,1,1,0,0,1,0,0,0,0,0,0,1
-0.8541893828750676,-0.7888002190384014,-1.3381351950526947,0,0,0,1,0,1,0,0,0,1,1,0
-0.7909016931998821,-0.3408762181180675,-1.462769970065154,0,0,0,0,0,0,0,0,1,0,1,0
2.222399700080008,1.4915401492832985,1.4104770432220732,1,1,0,1,0,0,1,1,0,1,0,1
-0.985772188351708,-1.2774445836787656,-0.6451658459834212,0,0,0,0,0,0,0,0,1,0,0,0
-0.990294313267502,-1.2367242199587352,-1.4760643460664828,0,0,0,0,0,0,0,0,0,0,1,0
2.2314218907656653,1.3286586944031769,1.48027251722905,1,0,1,1,0,1,1,1,0,0,0,1
0.5566032951230098,0.3920903288424788,0.6610065961471517,1,1,1,0,1,0,0,0,0,0,0,0
0.047654680209842,-0.3001558543980371,1.179487260198982,1,1,1,0,0,0,0,0,0,0,0,1
-0.9608232943040832,-1.1552834925186746,-1.3132082400502028,0,0,0,0,0,0,0,0,1,0,1,0
-0.9369994166989246,-1.0331224013585834,-1.4660935640654862,0,0,0,0,0,0,0,0,1,0,1,0
-0.5863251738385473,-0.7073594915983407,0.0029349840813665,0,0,0,0,0,1,1,0,1,1,0,1
-0.9857942474976384,-1.2774445836787656,-0.6468276429835875,0,1,0,0,0,0,0,0,1,0,0,1
-0.7804235988827984,-0.3001558543980371,-1.491020519067978,0,0,0,0,0,0,0,0,0,1,1,0
0.0797727966849449,0.880734693482843,-0.6501512369839195,0,0,0,0,0,0,1,1,0,0,0,0
-0.9750735025753172,-1.2774445836787656,0.1608056990971482,1,1,1,0,1,0,0,0,0,0,0,0
2.246907411209018,1.6137012404433893,1.284180471209448,1,1,1,1,0,1,0,0,0,0,0,1
2.004587693160252,1.2879383306831464,1.3456669602155942,1,1,1,1,0,0,0,1,0,0,0,1
1.1860169059637438,0.9621754209229036,0.8022593411612722,1,0,0,1,0,1,0,0,0,1,0,1
-0.937925900828014,-1.2367242199587352,0.1508349170961516,1,1,1,1,1,0,0,0,0,0,0,0
1.5856183344984192,0.9621754209229036,1.2775332832087831,1,1,1,1,0,1,0,1,0,0,0,1
-0.5816265757553076,-0.1779947632379461,-0.9642308700153168,0,1,0,0,0,0,0,1,1,0,0,0
-0.5479422599191249,-0.9109613101984924,1.1213243651931677,1,1,1,1,0,0,0,0,0,0,0,1
0.2780404003100987,0.0663274190822359,0.641065032145158,1,1,0,1,0,1,0,0,1,0,0,0
-0.6448701471386317,-0.9109613101984924,0.5396954151350245,1,1,0,0,0,0,0,0,0,0,0,0
0.2721285492006706,-0.0151133083578247,0.8836873941694119,1,1,0,1,1,1,0,0,1,0,0,0
-0.8745940928609673,-1.0738427650786138,-0.5305018529719588,0,1,0,1,0,1,0,1,1,0,0,0
2.044977989359368,1.3286586944031769,1.3390197722149295,1,1,1,1,0,0,1,0,0,0,0,1
0.0235219745616536,-0.0151133083578247,0.2671607071077802,0,1,0,1,0,0,1,1,0,1,0,0
2.283437356870261,1.4915401492832985,1.5201556452330371,1,1,0,0,0,0,0,1,0,0,0,1
0.8955200132023228,1.3286586944031769,0.076054052088676,0,0,0,1,0,0,1,0,0,1,0,0
-0.2604233518583488,-0.3815965818380978,0.1325551500943243,0,1,0,1,0,0,1,1,0,1,0,1
-0.7074740032899653,-0.9109613101984924,0.184070857099474,0,0,1,1,0,1,1,0,0,1,0,0
-0.7860266219491969,-1.1145631287986442,0.9867188081797118,1,1,1,1,0,0,0,0,0,0,0,1
0.954285577961714,0.5142514200025698,1.0631614701873533,1,0,0,0,0,0,1,0,0,1,0,1
-0.9700219581571862,-1.2774445836787656,0.5413572121351905,1,1,1,1,0,1,0,0,0,0,0,1
2.2514074769788817,1.5729808767233588,1.3622849302172555,1,0,0,0,1,0,0,1,0,1,0,1
0.8658725210714587,0.758573602322752,0.5064594751317021,1,0,0,0,0,0,0,0,0,0,0,0
0.3735565021900405,0.3513699651224484,0.4549437681265523,0,0,1,1,0,1,1,1,0,0,0,1
1.6660900988536218,1.4100994218432374,0.85876043916692,1,1,0,1,0,0,1,0,0,1,0,1
-0.4870148988585248,0.1070477828022663,-1.0406735320229583,0,1,0,0,0,0,0,1,1,0,0,0
-0.8343361515374353,-0.5851984004382496,-1.4860351280674795,0,0,0,0,0,0,0,0,0,0,1,0
0.8281293223840267,0.4328106925625091,0.9883806051798778,1,1,1,1,1,0,1,0,0,0,0,0
-0.8947561522416294,-0.7888002190384014,-1.4744025490663168,0,1,1,0,0,0,0,0,0,0,1,0
-0.9950811479344644,-1.2774445836787656,-1.3464441800535252,0,1,1,0,0,0,0,0,0,0,0,0
-0.9653233600739468,-1.1960038562387048,-1.1653083070354178,0,0,0,1,0,1,1,0,0,0,0,0
0.5596695164073775,0.5549717837226001,0.3336325871144251,1,1,0,0,0,0,0,0,0,0,0,0
-0.6725102569898018,0.188488510242327,-1.477726143066649,0,0,0,0,0,1,0,0,0,1,1,0
-0.887366338354844,-0.748079855318371,-1.4893587220678115,0,0,0,0,0,1,0,0,1,0,1,0
1.4729181579384605,1.2064976032430856,0.8089065291619363,1,1,1,1,1,0,1,0,0,0,0,0
-0.9703749044920776,-1.2774445836787656,0.5147684601325326,1,1,1,0,0,0,0,0,0,0,0,0
-0.8390788679125364,-1.0738427650786138,0.1674528870978128,1,1,1,1,0,1,0,0,0,0,0,0
0.7332308765901445,0.5142514200025698,0.7474200401557899,1,1,1,0,0,0,0,1,0,0,0,0
-0.6001562583370977,-0.9516816739185228,1.152898508196324,1,1,0,0,1,0,0,0,0,0,0,1
-0.6786868178503985,-0.8295205827584317,0.3120292261122658,0,1,1,1,0,0,0,1,0,0,0,1
0.209149687568515,0.0663274190822359,0.4133988431223993,0,0,0,1,0,1,0,0,0,1,0,1
1.1327881868329588,0.6771328748826912,1.1994288242009752,1,1,0,1,0,0,1,0,1,0,0,1
-0.9452274781310768,-1.1960038562387048,-0.4773243489666429,0,0,0,0,0,0,0,0,0,0,0,0
-0.8256669071866692,-0.9924020376385532,-0.5105602889699654,0,0,1,0,0,0,0,1,0,0,0,0
-0.7749749898379149,-1.0331224013585834,0.4831943171293762,1,1,1,0,0,0,0,0,0,0,0,1
-0.7414009697313858,-0.0965540357978854,-1.4976677070686424,0,0,0,1,0,1,0,0,1,0,1,0
1.92916747322318,1.6137012404433893,0.8703930181680831,0,0,0,1,0,1,1,1,0,0,0,1
-0.7413789105854551,-0.1372743995179157,-1.4876969250676455,0,0,0,0,0,0,0,0,1,1,1,0
-0.9971547076519502,-1.2774445836787656,-1.502653098069141,0,0,0,0,0,0,0,0,0,0,1,0
-0.4606762786172659,-0.7888002190384014,1.0664850641876853,1,1,1,0,1,0,0,0,0,0,0,1
-0.4059916558550545,1.369379058123207,-1.4760643460664828,0,1,1,1,0,1,0,0,0,1,1,0
-0.8418362611538742,-1.1145631287986442,0.2222921881032951,1,1,0,0,1,0,0,0,1,0,0,0
2.175524014977265,1.369379058123207,1.5234792392333694,1,1,0,1,1,1,1,1,0,1,0,1
-0.7529599621990739,-0.1372743995179157,-1.4926823160681442,0,0,0,1,0,0,0,0,1,0,1,0
1.395159668532734,1.2879383306831464,0.719169491152966,0,1,0,0,0,0,1,1,0,0,0,1
1.0239704199568032,0.4328106925625091,1.4420511862252297,1,1,0,0,1,0,1,1,0,0,0,1
-0.8476157573877182,-0.5851984004382496,-1.4860351280674795,0,0,0,0,0,0,0,0,1,0,1,0
1.4138437651360387,1.2879383306831464,0.6726391751483144,0,1,0,1,0,0,1,1,0,0,0,1
-0.9473672152863548,-1.2367242199587352,0.184070857099474,0,0,1,0,0,0,0,1,0,0,0,1
1.6254130337574064,1.3286586944031769,0.8903345821700764,0,0,0,1,0,1,1,1,0,0,0,1
-0.8566158889274449,-1.1552834925186746,0.3519123541162524,1,0,1,0,0,0,0,0,0,0,0,0
1.3906816619088012,0.7178532386027215,1.461992750227223,1,0,0,1,1,0,1,0,0,0,0,1
-0.5111917227985746,0.5142514200025698,-1.304899255049372,0,0,0,1,0,0,0,0,1,0,1,0
-0.7761220654263115,-0.2187151269579764,-1.502653098069141,0,0,0,1,0,0,0,0,0,0,1,0
0.7372677002954631,0.758573602322752,0.4615909561272169,0,1,0,1,0,0,0,1,0,1,0,1
-0.0742441602032199,1.002895784642934,-0.8462432830035223,0,1,1,0,0,0,0,0,0,0,0,0
2.5647797040704408,1.6137012404433893,1.6364814352446655,1,1,1,1,0,1,1,1,0,0,0,1
-0.6981650437072089,-0.8702409464784621,0.004596781081533,0,0,0,0,0,0,0,1,0,1,0,1
-0.8947782113875602,-0.9109613101984924,-1.2982520670487077,0,0,0,0,0,0,0,0,0,0,1,0
1.9741240126299515,1.4508197855632678,1.181149057199148,1,1,1,1,0,0,0,1,0,1,0,1
1.0298160936284393,0.6771328748826912,1.0182929511828682,1,1,0,1,0,1,0,0,0,0,0,1
0.8233204285711333,1.5729808767233588,-0.2164222199405615,0,0,0,1,0,0,0,1,0,0,0,1
2.043985327792486,1.2064976032430856,1.423771419223402,1,1,0,1,0,0,0,1,0,0,0,1
0.2469370045478082,0.0663274190822359,0.6643301901474837,0,0,0,1,0,1,1,1,1,0,0,1
0.343644300308008,0.2292088739623573,0.5164302571326987,0,0,0,1,0,1,1,1,0,1,0,1
-0.9946840833077116,-1.2774445836787656,-1.3165318340505352,0,1,1,0,0,0,0,0,0,0,0,0
2.083802086197404,1.247217966963116,1.4985522842308774,1,1,0,0,0,0,0,1,0,0,0,1
-0.9728234696903856,-1.2774445836787656,0.3303089931140931,1,1,1,0,1,0,0,0,0,0,0,0
-0.3778221265015474,-0.3815965818380978,-0.25131995694405,0,0,0,1,0,1,1,1,0,1,0,0
-0.8787853305878008,-1.1145631287986442,-0.1615829189350795,0,0,0,0,1,0,1,1,0,0,0,0
-0.5004709778762533,-0.8702409464784621,1.2376501552047965,1,1,1,1,0,0,0,0,0,0,0,1
1.7704519182517753,0.9214550572028734,1.6231870592433366,1,1,1,1,1,0,0,1,0,0,0,1
-0.7903722736975453,-0.4223169455581282,-1.479387940066815,0,0,0,1,0,1,0,0,0,1,1,0
-0.6243551414230784,-0.7073594915983407,-0.3177918369506949,0,0,0,0,0,1,0,1,0,1,0,0
1.3366808726704418,1.247217966963116,0.7291402731539627,0,1,0,0,0,0,1,1,0,0,0,1
-0.8857780798478335,-0.748079855318371,-1.504314895069307,0,1,0,1,0,1,0,0,1,1,1,0
1.0175512084909688,0.3920903288424788,1.4470365772257276,1,1,1,1,0,0,0,1,0,1,0,1
-0.9659189570140756,-1.2367242199587352,-0.5155456799704636,0,1,1,0,0,0,0,0,0,0,0,1
-0.688966379854106,-0.7888002190384014,-0.3759547319565092,0,0,0,0,0,1,0,1,1,0,0,0
-0.442058359451753,1.2879383306831464,-1.481049737066981,0,0,0,1,0,1,0,0,1,0,1,0
0.7858198804889394,0.6771328748826912,0.5513279941361872,0,0,0,0,1,0,1,1,0,0,0,1
1.870004843837036,1.1657772395230557,1.2808568772091151,1,1,0,1,0,0,0,1,0,1,0,1
-0.544081909381252,-0.5444780367182193,-0.3244390249513595,0,1,0,0,0,0,0,1,0,0,0,0
-0.2058710839717216,-0.3001558543980371,0.1508349170961516,1,1,1,1,1,0,0,0,0,0,0,0
-0.6481128415904449,-0.5851984004382496,-0.5454580259734538,0,1,1,1,1,0,0,0,0,0,0,1
1.0232865864329517,0.3920903288424788,1.3440051632154282,1,1,0,1,1,0,1,0,0,1,0,1
1.2683416385771256,1.369379058123207,0.4865179111297087,0,0,0,1,1,1,1,1,0,0,0,0
0.4137923843676419,-0.0151133083578247,1.1844726511994803,1,1,1,1,1,1,0,0,0,0,0,1
-0.9779191324003778,-1.1960038562387048,-1.4744025490663168,0,0,0,0,0,0,0,0,1,0,1,0
-0.6235168938777117,-0.8295205827584317,0.534710024134526,1,0,0,1,0,0,1,1,0,0,0,0
-0.972492582501425,-1.2774445836787656,0.3552359481165849,1,1,1,0,0,0,0,0,0,0,0,0
-0.8211889005627366,-1.0738427650786138,0.1491731200959855,1,1,0,0,0,0,0,0,1,0,0,0
-0.3967709328560208,-0.5851984004382496,0.3535741511164189,1,1,1,0,0,0,1,0,0,0,0,0
1.6673254110257412,1.6137012404433893,0.719169491152966,0,1,0,1,0,0,1,1,0,0,0,1
-0.1450319594948441,-0.5037576729981889,0.8654076271675846,1,0,1,1,1,0,0,0,0,0,0,0
1.0849198401633344,1.369379058123207,0.2023506241013013,0,1,0,1,1,0,0,0,0,1,0,0
2.174707826577829,1.5729808767233588,1.177825463198816,1,0,0,1,0,1,1,1,0,0,0,0
0.3026584071687628,1.4508197855632678,-0.7581680419947175,0,1,1,1,1,0,1,0,0,0,0,0
1.8980420183149584,1.4508197855632678,1.0565142821866886,1,1,0,1,1,0,1,0,0,1,0,1
0.5860081366486362,-0.0151133083578247,1.4885815022298807,1,1,0,0,0,0,1,1,0,1,0,1
-0.985617774330193,-1.2774445836787656,-0.6335332669822583,0,1,1,1,0,1,0,0,0,0,0,0
1.7232894642519334,1.4508197855632678,0.8072447321617703,0,1,0,1,0,1,1,1,0,0,0,1
-0.7102534556772339,-0.5851984004382496,-0.8545522680043529,0,1,1,1,0,0,0,0,0,0,0,0
0.2635254822876967,0.3513699651224484,0.1275697590938257,0,1,1,0,0,0,0,1,0,1,0,1
1.5507207656360478,0.9621754209229036,1.3224018022132684,1,1,0,1,1,1,1,0,0,1,0,1
0.6491634714482374,1.1657772395230557,-0.1100672119299295,0,1,0,1,0,1,0,1,0,0,0,1
-0.5859722275036561,0.5956921474426305,-1.4860351280674795,0,0,0,1,0,1,0,0,1,1,1,0
-0.3311229145662502,-0.6666391278783103,1.04321990618536,1,1,1,0,1,0,0,0,0,0,0,1
-0.2004004157809073,-0.055833672077855,-0.1682301069357438,0,0,0,1,0,1,0,0,0,0,0,1
-0.8978003143800664,-1.1145631287986442,-0.4723389579661445,0,0,0,0,0,0,0,0,0,0,0,0
-0.953742308460328,-1.1145631287986442,-1.4827115340671475,0,0,0,0,0,0,0,0,1,0,1,0
-0.8241227669715201,-0.9924020376385532,-0.641842251983089,0,1,1,1,0,1,0,0,0,0,0,0
-0.2026283895199082,-0.5037576729981889,0.8055829351616043,1,1,0,1,0,0,0,0,1,0,0,1
-0.5066695978827807,0.2699292376823877,-1.152013931034089,0,0,0,0,0,1,0,0,0,0,0,0
-0.1676867023656755,-0.5037576729981889,0.9900424021800438,1,1,1,1,1,0,0,0,0,0,0,1
-0.84296127759634,-0.62591876415828,-1.505976692069473,0,0,0,0,0,0,0,0,0,0,1,0
-0.8319096454850581,-0.7888002190384014,-1.127086976031597,0,1,0,0,0,0,1,0,0,0,0,0
-0.6286566748795653,0.2699292376823877,-1.4926823160681442,0,1,0,1,0,1,0,0,0,0,1,0
1.1632518673632586,1.0436161483629645,0.6493740171459885,0,1,1,1,0,0,1,1,0,0,0,1
-0.4263963658409543,-0.7888002190384014,1.1961052302006432,1,0,1,0,0,0,0,1,0,0,0,1
0.0258602440303079,-0.3001558543980371,1.0282637331838649,1,1,0,1,0,0,0,1,0,0,0,1
1.954778141648725,1.369379058123207,1.15456030519649,1,0,1,0,0,0,0,0,0,0,0,1
-0.3428363210554532,-0.3001558543980371,-0.2047896409393986,0,1,0,1,0,1,1,0,0,0,0,1
0.083986093557709,-0.3815965818380978,1.305783832211607,1,1,0,0,0,0,0,1,1,0,0,1
2.1909874762746875,1.3286586944031769,1.5301264272340338,1,1,0,1,0,1,0,1,0,0,0,1
1.2318558112077431,1.3286586944031769,0.4865179111297087,0,1,0,1,0,1,0,1,0,0,0,1
0.0331177030415092,0.2292088739623573,-0.0818166629271056,0,1,0,0,0,0,0,1,1,1,0,1
-0.8547188023774044,-0.6666391278783103,-1.4976677070686424,0,1,0,0,0,0,0,0,1,0,1,0
-0.4121461575697205,-0.7073594915983407,0.6925807391503077,1,1,0,1,1,0,0,0,0,0,0,1
-0.5008459833570752,-0.62591876415828,0.1741000750984774,1,1,1,0,0,0,0,0,0,0,0,0
-0.7235771798193781,-0.9516816739185228,0.3153528201125979,1,1,0,0,0,0,1,0,0,0,0,0
-0.0540159233847655,-0.4223169455581282,0.9451738831755588,1,1,0,0,0,0,0,0,1,0,0,1
-0.8547629206692658,-0.5851984004382496,-1.4943441130683104,0,0,0,1,0,1,0,0,0,1,1,0
0.1236925562329735,0.5549717837226001,-0.2612907389450469,0,0,0,1,0,1,1,1,1,1,0,0
1.5117422547764967,0.9621754209229036,1.1678546811978192,1,1,0,0,1,0,0,1,0,0,0,0
1.4955067233714996,0.9621754209229036,1.127971553193832,1,1,1,1,0,0,0,1,0,0,0,1
-0.8356817594392082,-0.62591876415828,-1.451137391063991,0,0,0,0,0,0,0,0,0,0,1,0
-0.9303375546278524,-1.0738427650786138,-1.3181936310507012,0,0,0,1,0,0,0,0,1,1,1,0
-0.3572188842022713,-0.62591876415828,0.5945347161405068,1,1,0,0,1,0,0,0,0,0,0,0
-0.4914046688987344,0.5549717837226001,-1.3231790220511994,0,0,0,1,0,1,0,0,1,1,1,0
1.5138378736399134,1.4508197855632678,0.6626683931473177,1,1,0,1,0,0,1,0,0,0,0,0
-0.6025386460976137,-0.748079855318371,0.2073360151017999,1,1,0,0,0,0,0,0,0,0,0,0
1.021301263299188,0.5549717837226001,1.2758714862086171,1,1,1,1,0,0,0,1,0,1,0,1
-0.9332052435988438,-1.2367242199587352,0.4981504901308714,1,1,1,0,0,0,0,0,0,0,0,0
-0.639223005780372,-0.9109613101984924,0.720831288153132,1,0,1,0,0,0,0,0,0,0,0,1
-0.9969120570467128,-1.2774445836787656,-1.4843733310673135,0,1,0,0,0,0,0,0,1,0,1,0
0.4982568541363016,0.880734693482843,-0.0469189259236169,0,0,0,1,0,1,0,0,0,0,0,1
0.9627121717072428,0.7992939660427822,0.677624566148813,0,1,0,0,0,1,1,1,1,0,0,1
-0.8551379261500878,-1.1552834925186746,0.7424346491552913,1,1,0,0,0,1,0,1,1,0,0,0
-0.3445128161461867,1.4508197855632678,-1.3497677740538576,0,1,0,0,0,0,0,0,0,0,1,0
-0.8595938736280897,-0.5851984004382496,-1.5126238800701377,0,0,0,0,0,0,0,0,1,0,1,0
1.1581562046532667,1.1657772395230557,0.5779167461388456,1,1,1,1,1,0,0,0,0,0,0,0
0.2647828536057466,0.5956921474426305,0.0079203750818651,0,1,0,0,0,0,1,1,1,0,0,0
1.0132055567426206,1.247217966963116,0.2239539851034611,0,0,1,0,0,0,1,1,0,1,0,0
-0.6373259192303314,0.3513699651224484,-1.4660935640654862,0,0,0,0,0,0,0,0,1,0,1,0
-0.972492582501425,-1.1960038562387048,-1.4860351280674795,0,1,0,0,0,1,0,0,1,0,1,0
-0.5500378787825417,0.7178532386027215,-1.5093002860698053,0,1,0,0,0,0,0,0,1,1,1,0
0.3771962612686064,1.002895784642934,-0.3360716039525224,0,1,0,0,0,0,0,1,1,1,0,0
0.9293366839140896,1.3286586944031769,0.2073360151017999,0,0,0,1,0,0,1,0,0,0,0,1
-0.6279066639179215,0.5549717837226001,-1.4960059100684764,0,0,0,1,0,1,0,0,0,0,1,0
0.5505370299920666,0.1070477828022663,1.179487260198982,1,1,1,0,0,0,0,0,0,0,0,1
-0.8903443230554889,-1.1552834925186746,0.1524967140963176,1,0,1,0,1,0,0,0,0,0,0,0
2.677965181840876,1.6137012404433893,1.6747027662484868,1,0,1,1,0,0,1,1,0,0,0,1
-0.9001385838487208,-1.1960038562387048,0.5297246331340278,1,1,1,1,0,1,0,0,0,0,0,0
-0.3414245357158884,-0.5851984004382496,0.6875953481498096,1,1,1,0,1,0,0,1,0,0,0,0
1.9526604636393776,1.247217966963116,1.506861269231708,1,1,0,1,0,0,1,1,0,0,0,1
-0.9904487272890168,-1.2367242199587352,-1.481049737066981,0,0,0,1,0,1,0,0,1,1,1,0
0.7313558491860348,1.6137012404433893,-0.3510277769540174,0,1,1,1,0,0,0,0,0,0,0,1
-0.9598085735912713,-1.2367242199587352,-0.3294244159518578,0,0,0,0,1,0,1,0,1,0,0,0
0.9985803429905644,1.5322605130033284,0.0145675630825296,0,0,0,1,0,1,1,0,0,1,0,1
-0.9062489672715256,-1.1552834925186746,-0.4607063789649817,0,1,1,1,0,1,0,0,0,0,0,0
-0.6513775951881889,-0.9516816739185228,0.6161380771426661,1,1,1,0,0,0,0,0,0,0,0,1
-0.3467628490311183,1.6137012404433893,-1.4544609850643233,0,0,0,1,0,1,0,0,0,0,1,0
0.7380618295489685,1.4915401492832985,-0.2729233179462098,0,0,0,1,1,0,1,0,0,0,0,1
-0.6094431587739235,-0.9109613101984924,1.0166311541827018,1,1,1,0,1,0,0,0,0,0,0,1
1.7459000888309035,1.5322605130033284,0.8438042661654253,0,1,0,1,0,1,1,1,0,0,0,1
0.2976950993343547,-0.0151133083578247,0.8737166121684152,1,1,0,1,0,1,0,0,0,0,0,1
-0.8022621533541939,-0.3001558543980371,-1.519271068070802,0,0,0,0,0,0,0,0,1,0,1,0
-0.7073857667062425,-0.3001558543980371,-1.3115464430500368,0,0,0,0,0,0,0,0,0,1,1,0
0.0603607482659267,0.1070477828022663,0.184070857099474,1,1,1,1,0,0,0,0,0,0,0,0
-0.996735583879267,-1.2774445836787656,-1.4710789550659844,0,0,0,0,0,0,0,0,1,0,1,0
2.5192937451613324,1.4508197855632678,1.789366759259949,1,0,0,1,0,0,1,1,1,0,0,1
-0.9828383219429244,-1.1960038562387048,-1.517609271070636,0,0,0,1,0,1,0,0,1,0,1,0
-0.9798162189504184,-1.1960038562387048,-1.4960059100684764,0,0,1,0,0,0,0,0,0,0,1,0
-0.6529879128411301,-0.9109613101984924,0.3319707901142591,1,1,1,0,0,0,0,0,0,0,0,0
-0.9189770944735408,-1.2367242199587352,0.966777244177718,1,1,1,0,1,0,0,0,0,0,0,1
-0.96574248384663,-1.2774445836787656,0.8637458301674186,1,1,1,1,0,0,0,0,0,0,0,1
-0.9755588037857926,-1.2774445836787656,0.1242461650934937,1,1,1,1,0,1,0,0,0,0,0,0
1.79101104225919,1.6137012404433893,0.82884809316393,0,0,0,1,0,1,1,1,0,0,0,1
-0.1624586847800991,1.4508197855632678,-1.2949284730483754,0,0,0,1,0,0,0,0,0,0,1,0
-0.9684998770879678,-1.1552834925186746,-1.4827115340671475,0,0,0,0,0,0,0,0,1,0,1,0
1.1578694357561672,0.5549717837226001,1.3174164112127704,1,1,0,0,0,0,0,1,0,0,0,1
2.0963096219401125,1.369379058123207,1.2758714862086171,1,1,0,1,0,1,1,0,0,1,0,1
-0.8692998978375988,-0.748079855318371,-1.4960059100684764,0,0,0,1,0,1,0,0,1,1,1,0
-0.3266007896504562,-0.62591876415828,0.8188773111629334,1,1,1,1,0,1,1,0,0,0,0,0
-0.1263919811834005,-0.1372743995179157,0.3136910231124318,1,1,1,0,0,0,0,0,0,0,0,0
1.076493246417806,1.6137012404433893,0.0012731870812005,0,1,0,1,0,1,1,1,0,0,0,1
2.5159628141257966,1.6137012404433893,1.5184938482328711,1,1,0,1,0,0,0,1,0,0,0,1
-0.7170035543320288,-0.0151133083578247,-1.4694171580658184,0,0,0,0,0,0,0,0,0,1,1,0
1.7168481936401685,1.2879383306831464,1.1429277261953277,1,1,0,0,0,1,0,1,0,0,0,1
-0.4301023023573123,-0.4223169455581282,-0.2662761299455452,0,0,0,0,0,0,0,1,0,0,0,1
-0.1495099661187767,1.5322605130033284,-1.3165318340505352,0,0,0,1,0,0,0,0,0,0,1,0
2.3516662952339247,1.4915401492832985,1.5218174422332031,1,1,0,1,1,0,1,1,1,1,0,1
-0.2945047323212841,-0.62591876415828,0.8703930181680831,1,1,0,0,0,0,0,0,0,0,0,1
-0.5345302991932578,0.8400143297628127,-1.481049737066981,0,0,0,1,0,1,0,0,0,1,1,0
0.0072864431566565,0.5142514200025698,-0.3809401229570078,0,0,0,1,0,0,1,0,0,0,0,0
1.2170982425801034,0.7178532386027215,1.177825463198816,1,1,0,0,0,0,0,1,1,0,0,1
-0.974411728197396,-1.2774445836787656,0.2106596091021319,1,0,0,0,0,0,0,0,1,0,0,0
-0.5028092473449077,0.9214550572028734,-1.4976677070686424,0,0,1,1,0,0,0,0,0,1,1,0
0.1497444075771332,-0.0151133083578247,0.4815325201292102,1,1,1,1,0,0,0,1,0,1,0,0
-0.9287272369749112,-0.9924020376385532,-1.479387940066815,0,0,0,0,0,0,0,0,1,0,1,0
-0.7132534995238095,-0.9516816739185228,0.0079203750818651,0,0,0,1,0,1,1,1,1,0,0,0
-0.2368200657124971,-0.5851984004382496,1.151236711196158,1,1,1,1,0,0,1,0,0,0,0,1
-0.9122711141106072,-0.8702409464784621,-1.4876969250676455,0,0,0,0,0,0,0,0,1,1,1,0
-0.6789515276015671,-0.8702409464784621,0.0527888940863502,0,1,1,1,0,1,0,1,0,0,0,1
1.8780123138098803,1.247217966963116,1.329048990213933,1,1,0,0,0,0,0,0,0,0,0,1
-0.5405083277404783,-0.4223169455581282,-0.5305018529719588,0,1,0,0,0,0,1,0,0,0,0,0
-0.0816560332359358,-0.055833672077855,0.2920876621102721,1,1,0,0,1,0,1,0,0,0,0,0
1.6772299675486264,1.2879383306831464,0.9800716201790473,1,1,1,1,1,0,0,0,0,0,0,1
-0.4458745916977646,1.369379058123207,-1.4893587220678115,0,0,0,0,0,1,0,0,0,0,1,0
-0.5261037054477296,0.9214550572028734,-1.4876969250676455,0,0,0,1,0,1,0,0,0,0,1,0
-0.964617467404164,-1.2774445836787656,0.9484974771758908,1,1,1,0,0,1,0,0,0,0,0,1
-0.3225419067992069,1.2879383306831464,-1.341458789053027,0,1,0,1,1,1,0,0,0,0,1,0
-0.3568218195755186,-0.5037576729981889,0.1890562480999726,1,1,1,1,0,1,0,0,0,0,0,0
-0.9346832063762008,-0.9924020376385532,-1.502653098069141,0,1,0,1,0,0,0,0,0,0,1,0
-0.9970223527763662,-1.2774445836787656,-1.4926823160681442,0,1,1,0,0,0,0,0,0,0,1,0
-0.1599880604358604,-0.3815965818380978,0.5396954151350245,1,1,1,0,0,0,0,0,0,0,0,0
-0.9085651775942492,-0.8295205827584317,-1.4976677070686424,0,0,0,0,0,0,0,0,1,0,1,0
0.155987145875522,-0.0151133083578247,0.6294324531439953,0,0,0,0,0,1,0,1,0,1,0,1
-0.0021328121557533,0.0663274190822359,-0.0701840839259427,0,0,1,1,0,0,1,1,0,0,0,0
-0.9747426153863566,-1.2774445836787656,0.1857326540996401,1,1,1,0,0,0,0,0,0,0,0,0
0.7606503949820077,0.8400143297628127,0.3003966471111027,1,1,0,0,1,0,0,0,0,0,0,0
-0.4045136930776974,-0.2594354906780068,-0.3393951979528547,0,0,0,0,0,0,1,1,0,1,0,1
-0.9756249812235848,-1.1960038562387048,-1.4993295040688086,0,1,0,0,0,0,0,0,1,0,1,0
-0.8004312442419456,-0.3815965818380978,-1.4943441130683104,0,0,0,0,0,1,0,0,1,1,1,0
2.013896652743008,1.369379058123207,1.3589613362169235,1,1,0,0,0,0,1,1,0,0,0,1
2.733907175921137,1.6137012404433893,1.696306127250646,1,1,0,1,0,1,1,1,0,0,0,1
0.1661343530036451,0.2292088739623573,0.112613586092331,0,0,0,0,0,0,0,1,0,0,0,1
1.2366647050206367,0.6364125111626608,1.3739175092184182,1,1,0,0,0,0,0,0,0,1,0,1
-0.1998709962785704,-0.5037576729981889,1.0648232671875193,1,0,0,1,0,1,0,1,1,0,0,0
1.25717971073619,1.2879383306831464,0.5496661971360212,0,1,0,1,0,0,1,1,1,0,0,1
-0.9684998770879678,-1.2774445836787656,0.6560212051466532,1,0,1,0,0,0,0,0,0,0,0,0
0.5054260765637799,1.2064976032430856,-0.3327480099521901,0,0,0,1,0,1,1,0,0,1,0,0
2.3252835567008043,1.6137012404433893,1.259253516206956,1,1,0,1,1,0,1,0,0,0,0,1
-0.7204006628053571,-1.0331224013585834,0.6576830021468192,1,1,1,1,1,0,0,0,0,0,0,1
-0.0176845100368986,-0.5037576729981889,1.3656085242175875,1,1,0,1,0,1,0,0,0,0,0,1
-0.997176766797881,-1.2774445836787656,-1.504314895069307,0,0,0,0,0,0,0,0,1,0,1,0
-0.6517967189608723,0.3513699651224484,-1.4827115340671475,0,0,0,0,0,0,0,0,1,0,1,0
-0.1910693970522201,-0.3408762181180675,0.4599291591270504,0,0,0,1,0,1,1,0,0,0,0,1
-0.995169384518187,-1.2774445836787656,-1.3530913680541898,0,1,0,0,0,0,0,0,1,0,1,0
-0.2349450383083874,-0.4630373092781585,0.5180920541328647,1,0,1,0,0,1,1,0,0,0,0,0
0.0204336941313552,-0.3815965818380978,1.0083221691818711,1,1,1,1,1,0,1,0,0,0,0,1
0.5896478957272021,0.2292088739623573,1.001674981181207,1,1,0,1,0,1,0,1,0,0,0,0
-0.1855766697154753,1.6137012404433893,-1.329826210051864,0,0,0,1,0,1,0,0,0,0,1,0
0.7763785660305986,1.125056875803025,-0.0003886099189655,0,0,1,0,0,0,1,1,0,1,0,0
-0.506868130196157,-0.7073594915983407,0.3735157151184122,1,1,0,0,0,0,0,0,1,0,0,0
-0.937043534990786,-1.2367242199587352,0.5264010391336954,1,0,0,0,0,0,0,0,1,0,0,0
-0.8851604237617738,-1.1552834925186746,0.3519123541162524,1,0,1,0,1,0,1,0,0,0,0,0
0.2912097104307283,-0.055833672077855,0.965115447177552,1,1,1,1,0,0,0,0,0,1,0,1
-0.378373605149815,-0.6666391278783103,0.787303168159777,1,1,1,0,0,0,0,0,0,0,0,1
-0.7003268400084178,-0.748079855318371,-0.8329489070021932,0,0,0,0,1,0,1,1,1,0,0,0
-0.8347332161641879,-0.5444780367182193,-1.4827115340671475,0,0,0,1,0,1,0,0,1,0,1,0
-0.8346449795804651,-0.7073594915983407,-1.3148700370503688,0,0,0,1,0,0,0,0,1,0,1,0
-0.9567864705987648,-1.2367242199587352,-0.6601220189849164,0,0,0,0,0,0,0,0,0,0,0,0
-0.3013871858516633,0.5142514200025698,-1.0157465770204666,0,0,1,0,1,0,0,0,0,1,0,1
2.498161083359719,1.369379058123207,1.696306127250646,1,0,0,1,0,0,1,1,0,1,0,1
-0.4217860043414375,-0.1372743995179157,-0.5255164619714603,0,0,0,0,0,0,0,0,0,0,0,0
-0.7334155589044715,-0.1372743995179157,-1.4760643460664828,0,0,0,0,0,0,0,0,1,1,1,0
-0.9970223527763662,-1.2774445836787656,-1.4926823160681442,0,0,0,0,0,0,0,0,1,0,1,0
-0.9658307204303528,-1.2774445836787656,0.8570986421667539,1,1,1,0,0,0,0,0,0,0,0,1
-0.5487143300266996,0.6364125111626608,-1.4860351280674795,0,1,0,1,0,0,0,0,1,0,1,0
0.4770580148968967,0.0256070553622056,1.2958130502106109,1,1,1,1,0,0,1,1,0,1,0,1
2.3962919474517355,1.5322605130033284,1.6680555782478224,1,1,0,0,0,0,1,1,0,0,0,1
1.8127834192927927,1.5729808767233588,0.8155537171626008,0,0,0,1,0,0,1,1,0,0,0,1
1.3610782880697987,0.7992939660427822,1.272547892208285,1,1,1,0,0,0,0,0,0,0,0,1
-0.9538084858981198,-1.1552834925186746,-1.4976677070686424,0,0,0,0,0,0,0,0,1,1,1,0
1.3884536881698006,0.7992939660427822,1.3373579752147635,1,1,0,0,0,0,0,1,0,1,0,1
2.407895058211285,1.5322605130033284,1.541759006235197,1,1,0,0,0,0,1,0,1,0,0,1
0.998933289325456,1.125056875803025,0.4050898581215686,0,0,0,1,0,1,0,1,0,0,0,1
-0.4198227403536049,1.247217966963116,-1.4710789550659844,0,0,0,0,0,0,0,0,1,1,1,0
-0.0158094826327889,-0.1372743995179157,0.3519123541162524,0,1,0,0,0,0,0,1,0,1,0,1
-0.4906546579370907,1.002895784642934,-1.504314895069307,0,0,0,1,0,1,0,0,0,0,1,0
0.7232822017753978,0.880734693482843,0.3070438351117673,1,0,0,1,1,0,0,0,0,0,0,0
1.539669133524766,1.3286586944031769,0.830509890164096,1,0,1,1,0,0,1,0,0,1,0,0
-0.7732984947471815,-0.8295205827584317,-0.7016669439890695,0,1,1,0,1,0,0,1,0,0,0,1
-0.299776868198722,-0.4223169455581282,0.468238144127881,1,1,0,0,0,0,0,0,1,0,0,0
0.578155080697306,1.125056875803025,-0.1632447159352455,0,0,0,1,0,1,1,1,0,0,0,1
1.1385235647749414,0.4735310562825394,1.4968904872307114,1,1,0,0,1,0,1,0,0,1,0,1
2.0259850647130326,1.369379058123207,1.1728400721983174,1,1,0,1,1,0,0,1,0,0,0,1
0.6303029016774868,1.369379058123207,-0.2662761299455452,0,1,0,1,0,1,0,0,0,0,0,1
-0.6357597198692515,-0.8702409464784621,0.3868100911197414,1,0,1,0,0,0,1,0,0,0,0,0
-0.9653233600739468,-1.2774445836787656,0.895319973170575,1,0,1,0,0,0,0,1,0,0,0,0
-0.1791353991037101,-0.4223169455581282,0.6759627691486464,1,1,1,1,0,0,0,0,0,0,0,1
-0.8764470611191463,-1.1960038562387048,1.0182929511828682,1,0,1,0,0,0,0,0,0,0,0,1
-0.9900075443704028,-1.2774445836787656,-0.9642308700153168,0,1,1,0,0,0,0,0,0,0,0,0
0.364335779191007,0.0256070553622056,0.9883806051798778,1,1,1,1,1,0,0,0,0,0,0,1
-0.878697094004078,-0.7073594915983407,-1.4876969250676455,0,1,1,1,0,1,0,0,0,0,1,0
-0.6242227865474942,-0.8702409464784621,0.4433111891253892,1,1,0,1,1,1,0,0,0,0,0,0
0.657347414588528,0.5549717837226001,0.5064594751317021,1,1,0,1,0,1,0,0,0,0,0,0
-0.644693673971186,-0.8702409464784621,0.2704843011081128,1,0,1,0,0,0,0,0,0,0,0,0
-0.9435289238944128,-1.0331224013585834,-1.462769970065154,0,0,0,0,0,0,0,0,1,0,1,0
-0.8016003789762729,-1.1145631287986442,1.0000131841810405,1,1,0,0,0,0,0,0,0,0,0,1
-0.9869413230860352,-1.2367242199587352,-1.4860351280674795,0,0,0,0,0,0,0,0,1,0,1,0
1.1057877922137789,1.247217966963116,0.4964886931307054,0,1,0,1,0,0,1,0,0,1,0,1
-0.5921267292183221,-0.748079855318371,0.0228765480833603,0,1,1,1,0,1,1,0,0,0,0,0
-0.4459848874274181,1.4915401492832985,-1.517609271070636,0,1,0,0,0,0,0,0,1,0,1,0
-0.1870987507846937,-0.4223169455581282,0.6493740171459885,1,1,0,0,0,0,0,0,1,0,0,1
-0.4043372199102518,1.6137012404433893,-1.5076384890696393,0,0,0,1,0,1,0,0,0,0,1,0
0.1926053281204881,0.0256070553622056,0.6344178441444933,1,1,0,0,1,0,0,0,0,0,0,0
-0.7440701263890007,-0.0151133083578247,-1.5109620830699717,0,0,0,1,0,0,0,0,1,1,1,0
-0.7410700825424252,-0.5851984004382496,-1.0390117350227923,0,1,0,0,0,0,0,0,0,0,0,0
2.455653109151256,1.6137012404433893,1.6298342472440013,1,0,0,0,1,0,1,1,0,0,0,1
2.336930785752215,1.6137012404433893,1.4187860282229037,1,0,0,1,0,1,1,1,1,0,0,1
-0.8225124493185787,-0.5037576729981889,-1.5076384890696393,0,0,0,0,0,0,0,0,1,0,1,0
-0.4718161473122707,0.9214550572028734,-1.4544609850643233,0,0,0,1,0,1,0,0,1,0,1,0
-0.5626115919630421,0.6364125111626608,-1.4893587220678115,0,0,0,0,0,0,0,0,0,1,1,0
0.7748344258154495,0.2699292376823877,1.1628692901973208,1,1,1,0,1,0,0,0,0,0,0,1
-0.0868178733837203,-0.4223169455581282,1.0614996731871873,1,1,1,0,1,0,0,0,0,0,0,1
-0.9554188035510612,-1.2367242199587352,-0.1914952649380696,0,1,1,0,0,0,0,0,0,0,0,0
-0.905984257520357,-1.1552834925186746,-0.0336245499222879,0,1,0,0,0,0,0,1,0,0,0,0
-0.7976738510006077,-0.3001558543980371,-1.4860351280674795,0,0,0,0,0,1,0,0,0,0,1,0
-0.0485011369020899,-0.3815965818380978,0.8404806721650927,1,1,0,0,0,0,1,0,0,0,0,0
0.2669887681988169,0.9621754209229036,-0.4241468449613269,0,1,0,1,0,1,1,1,1,1,0,0
-0.5135961697050212,1.002895784642934,-1.491020519067978,0,0,0,1,0,0,0,0,0,0,1,0
0.6995906790458232,0.7992939660427822,0.3535741511164189,0,1,0,1,0,0,1,0,1,1,0,1
0.1425751851496549,-0.1779947632379461,0.9169233341727344,1,1,0,1,0,0,1,0,1,0,0,1
1.3030406751261203,1.4508197855632678,0.398442670120904,0,0,0,0,0,0,1,0,0,1,0,1
0.8768138574530868,0.758573602322752,0.7175076941527995,1,0,0,0,0,0,1,0,1,1,0,0
1.0088819641402027,1.6137012404433893,0.0278619390838584,0,1,0,0,0,0,1,1,0,0,0,1
-0.8593512230228519,-1.1145631287986442,0.182409060099308,1,1,0,0,1,0,0,0,1,0,0,0
2.308231836896371,1.4100994218432374,1.5450826002355291,1,1,1,1,0,0,1,1,0,1,0,1
-0.522133059180203,-0.748079855318371,0.3170146171127639,1,1,1,0,1,0,0,0,0,0,0,0
1.1878257559300616,0.5549717837226001,1.5101848632320405,1,1,1,1,1,1,1,1,0,0,0,1
2.1130745728474465,1.5322605130033284,1.2293411702039656,1,1,1,1,0,0,0,0,0,1,0,1
-0.821012427395291,-0.9516816739185228,-0.6435040489832552,0,1,1,0,0,0,0,0,0,0,0,1
-0.0890237879767906,0.3920903288424788,-0.5055748979694671,0,1,1,0,0,0,0,0,0,0,0,0
1.3647401062942954,0.880734693482843,1.221032185203135,1,1,0,1,1,0,0,0,0,1,0,1
-0.4534188196060648,1.1657772395230557,-1.4694171580658184,0,1,0,1,0,0,0,0,0,1,1,0
0.1272440787278166,-0.1779947632379461,0.9119379431722362,1,0,0,1,0,1,0,0,0,1,0,1
0.7970259266217362,0.3106496014024181,1.2326647642042976,1,0,1,1,1,0,1,0,0,0,0,1
0.2157012539099336,0.5956921474426305,-0.1582593249347472,0,1,0,1,0,1,1,0,0,0,0,1
-0.2238934061971055,-0.3408762181180675,0.468238144127881,1,1,1,1,1,0,1,0,0,0,0,0
-0.5256625225291155,0.5142514200025698,-1.3397969920528607,0,0,0,1,0,1,0,0,1,0,1,0
-0.8232845194261533,-1.1145631287986442,0.358559542116917,1,0,1,0,0,0,0,0,0,0,0,0
-0.8700719679451734,-1.0738427650786138,-0.4590445819648154,0,0,0,0,0,0,1,1,0,0,0,1
-0.9748308519700792,-1.2774445836787656,0.179085466098976,1,1,0,0,0,0,0,0,1,0,0,0
-0.1861281483637429,1.6137012404433893,-1.3181936310507012,0,0,0,1,0,1,0,0,0,0,1,0
-0.6903340469018096,-1.0331224013585834,1.1844726511994803,1,1,1,0,0,0,0,1,0,0,0,1
-0.9970664710682277,-1.2774445836787656,-1.4960059100684764,0,1,0,0,0,0,0,0,1,0,1,0
1.463962144690595,1.002895784642934,1.0897502221900113,1,1,0,1,0,1,0,0,0,1,0,1
0.0638460933229776,-0.055833672077855,0.356897745116751,0,1,0,1,0,0,1,1,0,1,0,1
2.529661543748763,1.6137012404433893,1.717909488252806,1,1,0,0,0,0,1,1,0,0,0,1
-0.5655895766636869,0.758573602322752,-1.5076384890696393,0,0,0,1,0,1,0,0,1,1,1,0
-0.6846869055435497,-0.8295205827584317,-0.1649065129354117,0,1,1,0,0,0,0,1,0,1,0,0
-0.7763647160315492,-1.0331224013585834,0.2937494591104381,1,0,1,0,0,0,0,0,0,0,0,0
-0.5263242969070365,0.758573602322752,-1.502653098069141,0,0,0,1,0,1,0,0,0,0,1,0
0.7043333954209242,0.7178532386027215,0.3635449331174155,0,0,0,1,0,0,0,0,0,1,0,1
1.5116981364846351,1.5322605130033284,0.6593447991469852,1,0,0,1,0,0,1,1,0,0,0,0
-0.9859266023732228,-1.2774445836787656,-0.6567984249845842,0,1,1,1,0,0,0,0,0,0,0,0
-0.7172682640831972,-0.9516816739185228,0.142525932095321,0,1,0,1,0,0,0,0,0,0,0,1
2.661509058976572,1.6137012404433893,1.6879971422498157,1,1,0,1,0,0,1,1,0,0,0,1
-0.3601086323191933,-0.5037576729981889,0.2954112561106046,1,1,1,1,1,0,0,0,0,0,0,0
-0.7280331272973801,-0.9109613101984924,-0.1266851819315907,0,1,0,0,0,0,0,1,1,0,0,1
-0.8599247608170503,-0.62591876415828,-1.4660935640654862,0,0,0,0,1,0,0,0,1,1,1,0
-0.9777206000870016,-1.1960038562387048,-1.4876969250676455,0,0,0,0,0,0,0,0,1,0,1,0
-0.937109712428578,-1.1960038562387048,-0.0386099409227862,0,1,1,0,0,0,0,1,0,0,0,0
1.1618842003155554,0.758573602322752,1.0980592071908415,1,1,1,0,1,0,0,0,0,0,0,1
1.7416867919581394,1.6137012404433893,0.6875953481498096,0,1,0,1,0,0,0,1,0,0,0,1
-0.6392450649263026,-0.3408762181180675,-0.9642308700153168,0,0,0,0,0,1,1,1,1,0,0,0
0.0083011638694689,0.5142514200025698,-0.4607063789649817,0,1,0,0,0,0,1,0,0,0,0,0
0.0094482394578654,0.3920903288424788,-0.3410569949530208,0,0,0,1,0,1,1,0,1,0,0,0
-0.9809632945388148,-1.2774445836787656,-0.2828940999472064,0,1,1,0,0,0,0,0,0,0,0,1
0.9881463669653424,1.0843365120829946,0.3884718881199074,0,1,0,1,0,1,1,1,1,0,0,0
1.9120495759809544,1.2064976032430856,1.3140928172124378,1,1,1,1,0,0,1,1,0,1,0,1
-0.8533511353297009,-0.9924020376385532,-0.7083141319897339,0,1,0,1,0,1,0,0,1,1,0,0
0.6552959140169727,1.5729808767233588,-0.4141760629603302,0,1,0,1,1,0,0,0,0,0,0,1
1.328276338070844,0.6771328748826912,1.476948923228718,1,1,0,0,0,1,1,0,0,1,0,1
-0.8095637306572564,-0.8295205827584317,-1.0506443140239554,0,0,0,1,0,1,1,1,0,1,0,0
-0.9951914436641178,-1.2774445836787656,-1.3547531650543558,0,0,0,0,0,1,0,0,1,0,1,0
-0.4398083265668214,-0.3815965818380978,-0.2330401899422227,0,1,0,1,0,1,1,1,1,1,0,0
-0.9946620241617812,-1.2774445836787656,-1.3148700370503688,0,0,0,0,0,0,0,0,1,0,0,0
-0.8598365242333275,-0.9924020376385532,-0.8728320350061801,0,1,1,0,0,1,1,0,0,0,0,1
1.597133208674246,1.6137012404433893,0.6543594081464871,0,0,0,1,1,0,1,0,0,0,0,1
-0.3273066823202388,0.5549717837226001,-1.032364547022128,0,0,0,0,0,0,0,1,0,1,0,0
2.7023625972402323,1.6137012404433893,1.6713791722481544,1,0,0,0,0,0,1,1,0,0,0,1
2.659964918761422,1.6137012404433893,1.7561308192566265,1,1,0,1,0,1,1,1,0,0,0,1
-0.9444333488775714,-1.2367242199587352,0.1857326540996401,1,1,1,0,1,0,0,0,0,0,0,0
-0.9418965470955406,-1.2367242199587352,0.3319707901142591,1,1,1,0,0,0,0,0,0,0,0,0
-0.9968679387548512,-1.2774445836787656,-1.481049737066981,0,0,0,0,0,0,0,0,0,0,1,0
-0.5318170242437815,-0.7073594915983407,0.3203382111130964,1,1,1,0,1,0,0,0,0,0,0,0
0.1629798951355547,-0.1372743995179157,0.9933659961803764,1,0,0,1,0,1,1,0,0,0,0,1
0.3215410360854442,1.2064976032430856,-0.533825446972291,0,0,0,1,0,1,1,1,0,0,0,0
-0.9615733052657274,-1.1145631287986442,-1.3447823830533592,0,0,0,0,0,0,0,0,1,0,0,0
-0.9893678291384124,-1.2367242199587352,-1.5142856770703037,0,0,1,0,1,0,0,0,0,0,1,0
1.961395885427936,1.3286586944031769,1.3656085242175875,1,1,0,1,1,0,0,1,0,0,0,1
-0.9754264489102084,-1.1552834925186746,-1.502653098069141,0,0,0,1,0,1,0,0,0,0,1,0
-0.9776544226492092,-1.1960038562387048,-1.4926823160681442,0,0,0,0,0,0,0,0,1,0,1,0
-0.1651499005836447,0.2699292376823877,-0.4690153639658123,0,1,0,0,0,0,0,0,0,0,0,1
-0.7363273661673242,-0.7888002190384014,-0.4723389579661445,0,1,0,0,0,0,0,1,1,0,0,0
-0.9315949259459024,-1.1960038562387048,-0.2862176939475387,0,1,0,1,0,1,0,0,1,0,0,0
1.9127113503588755,1.369379058123207,1.2526063282062914,1,1,0,1,0,1,0,0,0,1,0,1
-0.9968679387548512,-1.2774445836787656,-1.481049737066981,0,0,0,0,0,0,0,0,1,0,1,0
0.565338716911568,1.125056875803025,-0.1649065129354117,0,1,0,1,0,0,1,0,1,1,0,0
1.0894640242250588,0.5956921474426305,1.1495749141959914,1,1,1,1,0,1,0,0,0,0,0,1
-0.9018812563772464,-1.1960038562387048,0.184070857099474,1,1,1,0,1,0,0,0,0,0,0,0
-0.3318729255278941,-0.0965540357978854,-0.4773243489666429,0,1,0,1,1,0,0,0,0,0,0,0
-0.3688661132536822,-0.5851984004382496,0.6709773781481484,1,1,1,0,1,0,0,0,0,0,0,1
2.3574457914677684,1.5729808767233588,1.397182667220744,1,1,1,0,1,0,0,1,0,0,0,1
-0.9249771821666918,-0.9516816739185228,-1.4926823160681442,0,0,0,1,1,0,0,0,0,1,1,0
0.0638681524689084,1.125056875803025,-0.8362725010025254,0,0,0,0,0,0,1,0,0,0,0,0
-0.7490775525152703,-0.2187151269579764,-1.4677553610656522,0,0,0,0,0,1,0,0,1,0,1,0
-0.9868530865023124,-1.2367242199587352,-1.4744025490663168,0,0,0,0,0,1,0,0,1,0,1,0
-0.2500776124168493,-0.3408762181180675,0.3203382111130964,0,0,0,1,0,0,1,1,0,1,0,1
-0.5909134761921334,-0.7888002190384014,0.3170146171127639,1,1,1,0,1,0,0,0,0,0,0,0
0.4814477849371064,0.5142514200025698,0.3020584441112687,0,0,0,1,0,1,1,1,0,0,0,0
-0.1983930335012134,1.6137012404433893,-1.3331498040521963,0,0,0,1,0,0,0,0,0,0,1,0
1.6280601312690908,1.125056875803025,1.2958130502106109,1,1,0,1,0,1,0,1,0,0,0,1
-0.8600791748385651,-0.6666391278783103,-1.4677553610656522,0,1,0,0,0,0,0,0,0,0,1,0
-0.9860368981028764,-1.2367242199587352,-1.1869116680375775,0,0,0,1,0,1,0,1,0,0,0,0
-0.9814265366033595,-1.2774445836787656,-0.3177918369506949,0,0,0,1,0,0,0,0,1,0,0,0
1.6049421463337146,1.5322605130033284,0.6659919871476498,0,1,0,1,0,0,0,1,0,0,0,1
1.4761167340984125,1.002895784642934,0.963453650177386,1,0,1,0,1,0,1,1,0,0,0,1
1.2191938614435205,0.8400143297628127,1.0963974101906755,1,0,0,1,0,0,0,1,0,1,0,1
0.5677872821098758,0.880734693482843,0.0295237360840249,0,1,0,1,0,1,1,1,0,0,0,0
1.3219453631887326,0.9214550572028734,0.9966895901807084,1,1,1,1,0,0,1,0,0,1,0,1
1.4792050145287106,1.2879383306831464,0.7241548821534641,0,0,0,0,0,0,0,1,0,0,0,1
0.0134409448713224,-0.2187151269579764,0.6344178441444933,0,0,1,1,1,0,0,1,0,0,0,1
-0.1098476217353736,0.188488510242327,-0.3227772279511935,0,1,0,1,0,0,1,0,1,0,0,0
-0.5065813612990578,1.0436161483629645,-1.477726143066649,0,0,0,0,0,0,0,0,0,0,1,0
-0.7879898859370293,-1.0331224013585834,0.006258578081699,0,1,1,0,1,0,0,0,0,0,0,0
0.7440839763880502,0.758573602322752,0.3868100911197414,0,1,0,1,0,1,1,1,0,1,0,1
1.3857183540743931,1.4915401492832985,0.4798707231290441,1,1,0,1,0,1,0,0,0,0,0,0
-0.5488466849022837,0.880734693482843,-1.4710789550659844,0,1,0,0,0,0,0,0,1,0,1,0
-0.5928767401799659,0.6364125111626608,-1.4876969250676455,0,0,0,1,0,1,0,0,1,0,1,0
-0.7139152739017305,-0.9516816739185228,0.360221339117083,1,0,1,0,0,0,1,0,0,0,0,0
-0.3416010088833339,-0.7073594915983407,0.9717626351782166,1,1,0,0,0,0,0,0,0,0,0,1
2.580728466578339,1.6137012404433893,1.4935668932303794,1,0,0,1,0,1,1,0,0,0,0,1
-0.9750514434293864,-1.2774445836787656,0.1624674960973147,1,1,1,0,1,0,0,0,0,0,0,0
-0.9967576430251978,-1.2774445836787656,-1.4727407520661506,0,0,0,0,0,0,0,0,1,0,1,0
-0.2433275137620543,1.4508197855632678,-1.3132082400502028,0,0,0,1,0,0,0,0,0,0,1,0
0.1675240791972793,0.1477681465222966,0.3369561811147576,1,1,0,0,1,0,0,0,0,0,0,0
-0.3707631998037227,-0.2187151269579764,-0.2862176939475387,0,1,0,0,0,0,0,1,1,0,0,0
-0.9848236450766876,-1.2367242199587352,-1.3397969920528607,0,1,0,0,1,0,0,0,1,0,0,0
1.064669544198949,0.6364125111626608,1.07313225218835,1,1,1,1,0,0,0,0,0,1,0,1
-0.7157020647221174,-0.9516816739185228,0.1757618720986434,1,0,0,0,0,0,0,0,1,0,0,0
0.6586489041984395,0.6364125111626608,0.3452651661155883,1,0,1,0,0,0,0,0,0,1,0,0
-0.4758529710175892,-0.7888002190384014,0.8554368451665879,1,1,1,0,1,0,0,0,0,0,0,1
-0.9682351673367996,-1.2367242199587352,-0.6916961619880726,0,0,1,0,1,0,0,0,0,0,0,0
-0.9823309615865182,-1.2367242199587352,-1.5292418500717988,0,0,0,0,0,0,0,0,0,0,1,0
-0.8167550122306654,-0.5851984004382496,-1.3181936310507012,0,0,0,1,0,1,0,0,1,0,1,0
0.253775339786326,0.1477681465222966,0.4798707231290441,0,1,0,0,0,0,1,1,0,0,0,1
0.6856934171094806,0.8400143297628127,0.3103674291120993,0,0,0,1,0,0,1,0,0,1,0,1
-0.9839192200935288,-1.2774445836787656,-0.5055748979694671,0,0,0,0,0,0,1,0,0,0,0,0
-0.0922664824286038,-0.2594354906780068,0.6310942501441613,1,1,1,1,0,1,0,0,0,0,0,0
-0.7432539379895647,-0.2187151269579764,-1.477726143066649,0,0,0,0,0,0,0,0,1,1,1,0
-0.5841854366832692,-0.5444780367182193,-0.5255164619714603,0,1,0,1,0,1,1,0,0,1,0,0
1.337717652529185,0.8400143297628127,1.1246479591934997,1,0,0,0,0,0,1,0,1,1,0,0
2.462910568162457,1.369379058123207,1.7112623002521414,1,1,1,1,1,1,1,1,0,1,0,1
-0.6279728413557136,-0.1372743995179157,-1.1353959610324276,0,1,1,0,0,0,0,0,0,0,0,0
-0.8881604676083494,-0.8295205827584317,-1.4744025490663168,0,0,0,0,0,0,0,0,1,0,1,0
0.4736829655694992,1.5729808767233588,-0.6119299059800988,0,0,0,1,1,0,1,1,0,0,0,0
-0.4070504948597283,1.369379058123207,-1.4694171580658184,0,0,0,0,0,1,0,0,1,0,1,0
-0.6375244515437077,-0.8702409464784621,0.180747263099142,1,1,1,1,1,0,0,0,0,0,0,0
-0.6332229180872208,-0.3001558543980371,-0.9874960280176428,0,0,0,0,0,1,1,1,0,0,0,0
-0.983764806072014,-1.2774445836787656,-0.4939423189683041,0,0,0,0,0,1,1,0,1,0,0,0
-0.9839192200935288,-1.2774445836787656,-0.5055748979694671,0,1,1,1,1,0,1,0,0,0,0,0
-0.975029384283456,-1.2774445836787656,0.1641292930974807,1,0,0,0,0,0,0,0,0,0,0,0
1.387306612581404,0.8400143297628127,1.15456030519649,1,0,0,0,0,0,1,1,1,0,0,1
2.229149798734803,1.4100994218432374,1.5002140812310438,1,0,0,1,0,0,1,0,0,1,0,1
1.17333289705359,1.002895784642934,0.7357874611546272,1,1,1,0,0,0,0,0,0,1,0,0
-0.985904543227292,-1.2774445836787656,-0.6551366279844181,0,1,0,0,0,0,0,0,1,0,0,0
0.0262793678029914,0.0663274190822359,0.0959956160906698,0,0,0,0,0,1,1,1,0,0,0,0
-0.7320920101486293,-1.0331224013585834,0.7324638671542947,1,1,1,0,0,0,0,0,0,0,0,1
-0.5738396972417698,-0.8295205827584317,0.677624566148813,1,1,0,0,0,0,1,0,0,1,0,0
-0.7261360407473397,-0.9516816739185228,0.3469269631157543,1,1,0,0,0,0,0,0,0,0,0,0
0.1962671463449846,-0.2187151269579764,0.9900424021800438,1,1,0,0,0,0,0,0,1,0,0,1
-0.7523202469670834,-0.9924020376385532,0.0428181120853536,0,0,0,0,0,0,1,1,0,0,0,1
0.4680137650653087,0.188488510242327,0.7989357471609396,1,1,1,1,0,1,0,0,0,0,0,0
-0.7750632264216377,-1.0331224013585834,0.4582673621268844,1,1,0,0,0,0,0,0,0,0,0,0
-0.5350817778415254,-0.8295205827584317,0.7241548821534641,1,1,1,0,0,0,0,0,0,0,0,1
-0.6497672775352477,0.3513699651224484,-1.4960059100684764,0,1,0,0,0,0,0,0,1,1,1,0
-0.8193359323045577,-0.8702409464784621,-0.8096837489998675,0,1,0,0,0,0,0,1,0,1,0,0
-0.5776338703418505,-0.9516816739185228,1.274209689208451,1,0,1,1,0,1,0,1,0,0,0,1
0.5216395488228462,0.9214550572028734,0.0428181120853536,0,1,0,1,0,0,1,1,0,1,0,0
-0.4355067931103344,1.3286586944031769,-1.491020519067978,0,0,0,1,0,1,0,0,1,0,1,0
-0.5812515702744857,0.3513699651224484,-1.326502616051532,0,1,0,0,0,0,0,0,1,1,1,0
1.3218130083131483,0.5956921474426305,1.5317882242341998,1,1,0,1,0,0,1,1,0,1,0,1
-0.6408995008711053,-0.8295205827584317,0.3319707901142591,0,0,0,0,0,0,0,0,0,0,0,1
1.8994979219463848,1.5729808767233588,0.9052907551715716,1,1,1,1,1,0,1,1,0,1,0,0
0.3886008397147797,0.3920903288424788,0.3037202411114352,0,0,0,0,0,0,1,1,0,1,0,1
1.709877503526066,1.6137012404433893,0.6759627691486464,0,0,0,1,0,0,1,1,1,0,0,1
0.0671549652125829,0.880734693482843,-0.6169152969805971,0,0,0,0,0,0,1,0,0,0,0,1
-0.7132976178156708,-0.8702409464784621,-0.1499503399339166,0,0,0,0,1,0,1,0,0,0,0,0
-0.7505555152926273,-0.0965540357978854,-1.5076384890696393,0,0,0,0,0,0,0,0,0,0,1,0
0.5945229669778874,0.9214550572028734,-0.0186683769207927,0,1,1,0,0,0,0,1,0,1,0,1
-0.9576026589982009,-1.0738427650786138,-1.4876969250676455,0,0,0,0,0,0,0,0,1,0,1,0
-0.8273875205692641,-1.0331224013585834,-0.3693075439558449,0,1,1,0,0,0,1,0,0,0,0,0
-0.6779588660346855,0.2292088739623573,-1.477726143066649,0,0,0,0,0,0,0,0,1,0,1,0
1.873666662061532,1.0436161483629645,1.5251410362335358,1,1,0,1,0,0,1,0,0,1,0,1
1.5947728800596608,1.5729808767233588,0.6161380771426661,0,1,0,1,0,0,0,1,0,0,0,1
-0.9684336996501756,-1.2774445836787656,0.6610065961471517,1,1,0,0,0,0,0,0,1,0,0,0
0.7458928263543678,1.0436161483629645,0.0677450670878454,0,1,0,1,0,1,0,0,0,0,0,0
-0.7519011231944002,-1.0738427650786138,0.9883806051798778,1,0,0,0,0,1,0,0,1,0,0,1
0.7253337023469532,0.3920903288424788,0.9867188081797118,1,1,0,1,0,1,1,0,0,1,0,0
0.6149497361097178,0.3106496014024181,0.8903345821700764,1,1,1,0,1,0,0,0,0,0,0,1
-0.9974414765490496,-1.2774445836787656,-1.5242564590713006,0,0,0,0,0,0,0,0,1,0,1,0
-0.7560261834834415,-0.5444780367182193,-1.3098846460498703,0,1,0,0,0,1,0,0,0,0,0,0
1.7707828054407355,1.5729808767233588,0.8338334841644282,0,0,0,0,1,0,1,1,1,0,0,1
-0.1276052342095891,-0.3408762181180675,0.6659919871476498,0,1,0,1,0,1,1,1,1,1,0,1
-0.9792647403021508,-1.2774445836787656,-0.1549357309344149,0,0,0,0,0,0,0,1,1,0,0,0
-0.9432642141432442,-1.1960038562387048,-0.641842251983089,0,0,0,0,0,0,0,0,1,0,0,0
2.071581319351795,1.369379058123207,1.3689321182179202,1,1,0,1,1,0,0,1,0,1,0,1
-0.6482893147578906,0.3513699651224484,-1.4876969250676455,0,0,0,0,0,0,0,0,1,0,1,0
0.022749904454079,-0.3815965818380978,1.1661928841976528,1,1,1,1,0,1,1,1,0,0,0,1
0.6875684445135903,1.4100994218432374,-0.3510277769540174,0,1,0,1,0,1,1,0,0,0,0,0
-0.4782353587781051,-0.6666391278783103,0.2821168801092754,1,0,0,1,0,1,0,0,0,0,0,0
0.9998377143086148,1.6137012404433893,0.006258578081699,0,1,0,1,1,0,1,1,0,0,0,1
-0.8407774221492005,-0.9109613101984924,-0.9476129000136556,0,0,1,0,0,0,0,1,0,0,0,0
-0.8348655710397721,-0.5444780367182193,-1.481049737066981,0,0,0,1,0,1,0,0,1,0,1,0
-0.9555070401347842,-1.1960038562387048,-0.9958050130184734,0,1,0,0,0,0,0,0,0,0,0,0
1.574522584095276,1.4915401492832985,0.6543594081464871,1,0,0,1,0,1,1,0,0,1,0,0
-0.301034239516772,-0.2594354906780068,-0.1349941669324214,0,0,0,1,1,0,0,0,1,1,0,1
-0.1914002842411807,-0.4223169455581282,0.6161380771426661,1,0,1,1,0,1,0,0,0,0,0,1
1.216149699305083,0.6771328748826912,1.2941512532104444,1,1,0,0,0,0,0,0,0,0,0,1
-0.894270851031154,-0.9109613101984924,-1.4694171580658184,0,1,0,1,0,0,0,0,1,0,1,0
-0.4503305391757665,-0.748079855318371,0.8687312211679171,1,1,0,1,0,1,0,0,0,0,0,1
-0.7961076516395279,-0.62591876415828,-1.328164413051698,0,0,0,0,0,0,0,0,1,0,1,0
-0.4768897508763323,1.125056875803025,-1.4710789550659844,0,1,0,1,0,0,0,0,0,0,1,0
-0.9372420673041624,-1.1552834925186746,-0.6484894399837535,0,0,0,1,0,1,0,0,1,0,0,0
-0.9035136331761184,-1.1960038562387048,0.3751775121185782,1,1,1,0,1,0,0,0,0,0,0,0
-0.9727352331066628,-1.2774445836787656,0.3369561811147576,1,1,1,0,0,0,0,0,0,0,0,0
2.141288220492815,1.369379058123207,1.3373579752147635,1,1,0,1,0,0,0,0,0,0,0,1
0.4299837974807775,0.4328106925625091,0.3469269631157543,0,0,0,1,0,1,1,0,0,0,0,1
2.7633561357386247,1.6137012404433893,1.71624769125264,1,1,0,1,0,1,1,1,0,0,0,1
0.3633210584781946,0.7992939660427822,-0.1632447159352455,0,0,0,0,1,0,1,0,0,0,0,0
2.179715252704099,1.4915401492832985,1.327387193213767,1,1,0,0,0,0,0,1,0,1,0,1
-0.4905664213533678,-0.6666391278783103,0.2339247671044577,1,1,0,1,1,0,0,0,0,0,0,0
0.2824081112043778,1.0436161483629645,-0.4906187249679718,0,0,0,1,0,1,1,0,1,1,0,0
-0.6176271019142141,0.3513699651224484,-1.4876969250676455,0,1,0,1,0,1,0,0,1,0,1,0
-0.4668087211860012,-0.5851984004382496,0.1674528870978128,1,1,1,0,0,0,0,0,0,0,0,0
0.7017304162011014,0.6364125111626608,0.4948268961305394,0,0,1,1,0,1,0,1,0,0,0,1
-0.6612821517110744,-0.748079855318371,-0.1765390919365744,0,0,0,1,0,1,1,1,0,0,0,0
1.936027867607628,1.4508197855632678,1.156222102196656,1,1,1,1,0,1,1,1,0,0,0,1
-0.7513717036920632,-1.0331224013585834,0.5430190091353566,1,1,1,1,0,0,0,0,0,0,0,0
1.856261995922208,1.2064976032430856,1.3539759452164248,1,1,1,1,0,1,1,0,0,0,0,1
-0.8467995689882822,-0.6666391278783103,-1.5109620830699717,0,1,0,0,0,1,0,0,0,1,1,0
-0.2673278645346587,1.369379058123207,-1.3115464430500368,0,1,0,0,0,1,0,0,0,0,1,0
-0.3518143934492492,1.6137012404433893,-1.46443176706532,0,1,0,1,0,1,0,0,1,0,1,0
2.1904580567723504,1.4100994218432374,1.3905354792200797,1,1,0,0,0,1,0,1,0,1,0,1
-0.5965164992585318,-0.0151133083578247,-1.150352134033923,0,0,0,0,0,0,1,0,1,1,0,0
-0.8911605114549249,-0.9516816739185228,-1.3514295710540236,0,0,0,1,0,0,0,0,0,1,0,0
-0.8717925813277682,-1.1552834925186746,0.5147684601325326,1,1,1,0,1,0,1,0,0,0,0,0
-0.932830238118022,-1.0331224013585834,-1.505976692069473,0,0,0,0,0,0,0,0,1,0,1,0
-0.7898428541952084,-1.0738427650786138,0.684271754149477,1,1,1,0,0,0,0,0,0,0,0,0
1.207943697018862,1.2879383306831464,0.5164302571326987,1,0,0,1,1,0,1,0,0,1,0,0
1.4488075114362022,1.0436161483629645,0.9833952141793793,1,0,0,1,0,1,0,1,0,0,0,1
-0.906579854460486,-1.1552834925186746,-0.2081132349397309,0,1,0,1,0,1,0,1,1,0,0,0
-0.5432216026899547,0.8400143297628127,-1.479387940066815,0,0,0,0,0,0,0,0,1,0,1,0
1.5230144783470858,1.5322605130033284,0.4815325201292102,0,1,0,1,0,1,1,1,0,0,0,0
2.1005229188128767,1.4100994218432374,1.307445629211773,1,0,1,1,0,0,0,0,0,1,0,1
-0.857564432202465,-0.7073594915983407,-1.4760643460664828,0,0,0,1,0,1,0,0,0,1,1,0
0.5979862528890076,1.5322605130033284,-0.4557209879644833,0,1,0,1,0,0,0,1,0,1,0,1
-0.963073327189015,-1.0331224013585834,-1.4860351280674795,0,0,0,0,0,1,0,0,1,1,1,0
0.0164851070097594,0.4735310562825394,-0.3477041829536853,0,1,1,1,0,1,0,1,0,1,0,1
-0.8212330188545981,-1.0331224013585834,-0.0651986929254444,0,0,0,0,0,0,0,1,0,0,0,1
-0.8203947713092313,-1.1552834925186746,1.177825463198816,1,1,1,1,0,0,0,0,0,0,0,1
-0.4593086115695624,0.9621754209229036,-1.4478137970636586,0,1,0,0,0,1,0,0,1,1,1,0
1.2264954387465827,0.7178532386027215,1.151236711196158,1,0,1,1,0,0,0,1,0,1,0,1
-0.3178433087159674,1.247217966963116,-1.3132082400502028,0,0,0,0,0,0,0,0,1,0,1,0
-0.3464319618421578,0.2699292376823877,-0.803036560999203,0,1,1,0,0,0,0,1,0,0,0,1
0.1105894235501362,-0.0965540357978854,0.684271754149477,0,0,0,0,0,0,1,1,0,1,0,1
-0.6637307169093823,-0.8702409464784621,0.3469269631157543,1,1,0,1,1,1,0,0,0,0,0,0
-0.9033812783005342,-0.7888002190384014,-1.505976692069473,0,0,0,0,0,0,0,0,0,0,1,0
-0.9099990220797448,-1.1552834925186746,-0.4806479429669752,0,0,1,1,0,1,1,0,0,0,0,0
-0.8117696452503267,-0.3408762181180675,-1.479387940066815,0,0,0,1,0,1,0,0,1,1,1,0
0.1079643851843825,0.0663274190822359,0.3053820381116012,1,1,0,0,0,0,0,0,0,0,0,0
1.3958655612025164,0.6364125111626608,1.5633623672373562,1,0,0,1,0,1,1,1,0,0,0,1
-0.6327155577308147,0.5549717837226001,-1.481049737066981,0,1,0,1,0,1,0,0,0,1,1,0
0.2017598736817297,0.4328106925625091,-0.0269773619216233,0,1,1,0,0,1,1,0,0,0,0,1
0.0061173084223292,-0.3815965818380978,0.9966895901807084,1,1,1,0,1,0,0,0,0,0,0,1
-0.5764647356075233,0.5956921474426305,-1.4993295040688086,0,0,0,1,0,0,0,0,1,0,1,0
0.9615209778269844,1.3286586944031769,0.1591439020969822,0,1,0,1,0,1,1,0,1,0,0,1
-0.9733749483386532,-1.1552834925186746,-1.520932865070968,0,0,0,0,0,0,0,0,1,0,1,0
-0.6164138488880255,0.1070477828022663,-1.2965902700485417,0,1,1,1,0,1,0,0,0,0,1,0
-0.0112652985710643,-0.4630373092781585,1.300798441211109,1,1,1,1,0,0,1,0,0,0,0,1
-0.0356627139704211,-0.0965540357978854,0.182409060099308,0,0,0,1,0,0,0,1,0,1,0,1
-0.4864854793561878,1.247217966963116,-1.51594747407047,0,1,0,1,0,1,0,0,1,0,1,0
0.2180174642326574,1.125056875803025,-0.6750781919864114,0,1,1,0,0,0,1,0,0,1,0,1
0.8380118197609813,1.6137012404433893,-0.3094828519498643,0,1,0,1,0,1,1,1,0,0,0,1
1.4898816411591704,0.9214550572028734,1.2941512532104444,1,1,0,1,0,1,0,1,0,1,0,1
-0.7252316157641808,0.0663274190822359,-1.461108173064988,0,0,0,1,0,1,0,0,1,0,1,0
-0.75095257991938,-1.0738427650786138,0.8155537171626008,1,0,1,0,0,0,0,0,0,0,0,1
-0.4945150084749636,1.0436161483629645,-1.4926823160681442,0,1,0,1,0,1,0,0,1,0,1,0
1.2311940368298222,0.6771328748826912,1.222693982203301,1,0,0,0,1,0,1,0,0,0,0,1
-0.996889997900782,-1.2774445836787656,-1.4827115340671475,0,1,0,1,0,1,0,0,0,0,1,0
0.5307940943840879,0.7992939660427822,0.1325551500943243,0,1,1,1,0,1,0,1,0,1,0,0
-0.3823883697092028,1.2064976032430856,-1.341458789053027,0,1,0,0,0,1,0,0,1,0,1,0
-0.1683705358895273,1.5729808767233588,-1.303237458049206,0,0,0,0,0,0,0,0,0,0,1,0
-0.4118593886726213,1.4915401492832985,-1.5076384890696393,0,0,0,1,0,1,0,0,1,0,1,0
-0.9694704795089186,-1.2774445836787656,0.5829021371393436,1,1,1,0,0,0,0,0,0,0,0,0
0.852284087178146,0.4328106925625091,1.1711782751981514,1,1,1,0,0,0,0,1,0,1,0,1
-0.434271480938215,-0.2594354906780068,-0.4391030179628221,0,1,0,0,0,0,0,0,0,1,0,0
-0.2473202191755115,1.5729808767233588,-1.3364733980525287,0,0,1,0,0,0,0,0,0,0,1,0
0.9195865414127192,0.4735310562825394,1.0415581091851935,1,1,1,1,0,0,0,0,0,0,0,1
-0.967816043564116,-1.1145631287986442,-1.5126238800701377,0,1,0,0,0,0,0,0,1,0,1,0
2.549647129961979,1.6137012404433893,1.5184938482328711,1,1,0,1,0,1,1,1,0,0,0,1
-0.8221153846918262,-1.1145631287986442,0.5496661971360212,1,1,1,1,0,0,0,0,0,0,0,0
-0.2825486752268434,-0.5851984004382496,0.7839795741594444,1,1,1,0,0,0,0,1,0,0,0,0
-0.946330435427612,-1.1145631287986442,-1.3065610520495383,0,0,0,0,0,0,0,0,1,0,1,0
-0.8601674114222879,-1.1552834925186746,0.4549437681265523,1,0,1,0,0,0,0,0,0,0,0,0
-0.8761382330761166,-1.1552834925186746,0.1957034361006372,1,1,1,0,1,0,0,0,0,0,0,0
-0.8971385400021453,-0.8295205827584317,-1.505976692069473,0,0,0,0,0,0,0,0,1,0,1,0
0.1787301253300761,0.0256070553622056,0.5047976781315361,1,1,0,0,0,0,0,1,0,1,0,0
-0.8652189558404189,-0.6666391278783103,-1.4843733310673135,0,0,0,0,0,0,0,0,0,1,1,0
-0.6084946154989033,-0.62591876415828,-0.4407648149629881,0,0,0,0,0,0,0,1,1,0,0,0
1.0214336181747723,0.3513699651224484,1.6231870592433366,1,1,0,1,0,0,1,1,0,0,0,1
2.251142767227713,1.5729808767233588,1.393859073220412,1,0,0,0,0,1,1,0,0,0,0,1
0.8533208670368887,0.9214550572028734,0.3402797751150897,0,1,0,1,0,1,1,1,0,1,0,0
-0.9649042363012632,-1.2367242199587352,-0.6850489739874083,0,1,1,0,1,0,0,0,0,0,0,0
-0.7437833574919017,-0.9516816739185228,0.1392023380949889,0,1,0,1,0,0,1,1,1,0,0,0
-0.437536234535959,0.758573602322752,-1.3231790220511994,0,0,0,0,0,0,0,0,0,0,1,0
-0.4956179657714987,-0.5851984004382496,-0.1383177609327537,0,1,0,0,0,0,1,0,1,0,0,0
-0.4871251945881782,-0.62591876415828,0.0012731870812005,0,0,0,1,0,0,1,0,1,1,0,1
-0.4586027188997799,-0.3408762181180675,-0.3526895739541836,0,1,0,0,0,0,0,0,0,0,0,1
-0.7245036639484677,-0.0965540357978854,-1.519271068070802,0,0,0,1,0,0,0,0,1,0,1,0
-0.2992253895504544,-0.5851984004382496,0.6925807391503077,1,1,1,1,0,1,0,1,0,0,0,1
0.3297911566635268,1.369379058123207,-0.6385186579827569,0,0,0,1,1,0,0,0,0,1,0,0
2.1060377052955523,1.2064976032430856,1.5284646302338678,1,1,0,0,1,0,0,1,0,1,0,1
-0.5554423695355638,0.758573602322752,-1.4660935640654862,0,0,0,0,0,0,0,0,0,0,1,0
-0.5143241215207344,0.0256070553622056,-1.0207319680209652,0,0,0,0,0,1,1,1,0,1,0,0
2.6702224216191985,1.6137012404433893,1.696306127250646,1,0,0,1,0,0,1,1,0,0,0,1
-0.9235874559730576,-0.9924020376385532,-1.3132082400502028,0,1,0,0,0,0,0,0,0,0,0,0
-0.0976047957438337,0.3106496014024181,-0.4856333339674735,0,1,0,1,0,0,0,0,1,0,0,0
-0.6255463353033364,0.188488510242327,-1.3514295710540236,0,1,0,1,0,1,0,0,0,0,1,0
-0.9189109170357486,-1.1960038562387048,-0.1366559639325876,0,0,0,0,0,0,0,1,1,0,0,1
-0.9270286827382472,-0.9516816739185228,-1.479387940066815,0,0,0,0,0,0,0,0,1,0,1,0
0.7409295185199598,0.3513699651224484,1.1312951471941644,1,1,0,0,0,0,0,1,0,0,0,1
-0.4691469906546557,0.758573602322752,-1.3564149620545218,0,1,0,1,0,1,0,0,1,1,1,0
-0.9571835352255174,-1.0738427650786138,-1.522594662071134,0,0,0,0,0,0,0,0,1,0,1,0
1.14381775979831,1.5322605130033284,0.1475113230958195,0,1,0,1,0,1,1,0,0,0,0,0
-0.311490274687925,-0.6666391278783103,0.9451738831755588,1,1,0,0,0,0,0,0,0,0,0,1
-0.9776544226492092,-1.2367242199587352,-1.1470285400335904,0,1,0,1,0,1,0,0,1,0,0,0
0.4695799644263884,0.3920903288424788,0.4848561141295422,1,1,0,0,1,0,0,0,0,0,0,0
-0.9969782344845048,-1.2774445836787656,-1.4893587220678115,0,0,0,1,0,1,0,0,0,0,1,0
-0.9971105893600888,-1.2774445836787656,-1.4993295040688086,0,0,0,0,0,0,0,0,1,0,1,0
-0.9810735902684682,-1.1960038562387048,-1.5275800530716328,0,0,0,0,0,0,0,0,1,0,1,0
-0.9834339188830532,-1.2774445836787656,-0.4690153639658123,0,0,0,0,0,0,0,0,1,0,0,0
-0.9699998990112556,-1.2774445836787656,0.5430190091353566,1,1,1,0,0,0,0,0,0,0,0,1
-0.9031827459871578,-1.1145631287986442,-0.5105602889699654,0,1,0,1,0,1,1,0,1,0,0,0
0.5270881578677298,0.2699292376823877,0.8238627021634315,1,1,1,1,0,1,0,1,0,1,0,0
-0.8969400076887689,-0.7888002190384014,-1.4960059100684764,0,1,0,1,0,1,0,0,0,0,1,0
-0.9858604249354308,-1.2774445836787656,-0.6518130339840859,0,0,0,0,0,0,0,0,1,0,0,0
1.55738262770712,0.8400143297628127,1.5633623672373562,1,1,0,1,0,0,0,1,0,1,0,1
0.8892552157580034,0.4735310562825394,0.9850570111795456,1,0,1,1,0,1,0,0,0,1,0,1
2.7023184789483707,1.6137012404433893,1.7046151122514768,1,1,0,1,1,0,1,1,0,0,0,1
-0.9855957151842624,-1.1960038562387048,-1.491020519067978,0,1,0,1,0,0,0,0,1,0,1,0
-0.9750735025753172,-1.2774445836787656,0.1608056990971482,1,1,1,0,0,0,0,0,0,0,0,0
2.711142137320652,1.6137012404433893,1.696306127250646,1,1,0,1,0,0,1,1,0,0,0,1
-0.3828736709196783,1.4100994218432374,-1.461108173064988,0,1,0,1,0,1,0,0,1,0,1,0
0.6147512037963415,1.3286586944031769,-0.3194536339508612,0,1,0,1,0,0,1,0,1,0,0,0
2.6314645022189542,1.5322605130033284,1.6464522172456624,1,0,0,1,0,0,1,1,0,0,0,1
-0.7487907836181711,-1.0331224013585834,0.722493085153298,1,1,1,1,0,0,0,0,0,0,0,0
-0.9342420234575868,-0.9924020376385532,-1.504314895069307,0,0,0,1,0,1,0,0,1,0,1,0
1.4923081472115478,1.5729808767233588,0.5214156481331973,0,1,0,1,0,0,0,1,0,0,0,1
-0.9245801175399392,-1.0738427650786138,-1.276648706046548,0,0,0,0,0,1,0,0,1,0,1,0
-0.9970664710682277,-1.2774445836787656,-1.4960059100684764,0,0,0,0,0,0,0,0,0,0,1,0
-0.2126432417724472,-0.3001558543980371,0.3269853991137605,1,1,1,1,0,0,0,0,0,0,0,0
2.544352934938611,1.6137012404433893,1.58330393123935,1,1,1,1,1,0,1,0,0,0,0,1
1.784812422252663,1.5729808767233588,0.8504514541660894,0,0,1,1,0,1,1,1,0,0,0,1
1.6985170433717545,1.6137012404433893,0.642726829145324,0,1,0,1,1,0,1,0,0,0,0,1
-0.2211360129557676,-0.3815965818380978,0.3402797751150897,1,1,0,0,0,0,1,0,0,0,0,0
0.3984833370917343,0.2699292376823877,0.5064594751317021,0,0,0,1,0,1,1,1,0,1,0,1
1.0359264770512442,0.7992939660427822,0.8919963791702424,1,1,0,1,0,0,1,1,0,0,0,0
-0.5084784478490982,-0.7888002190384014,0.572931355138347,1,1,1,0,1,0,0,0,0,0,0,1
1.6541119826132504,1.125056875803025,1.1877962451998123,1,1,0,1,1,0,0,0,0,1,0,1
-0.0024857584906447,-0.2594354906780068,0.7440964461554579,1,1,0,0,0,0,1,1,0,1,0,0
2.493903668195094,1.6137012404433893,1.4952286902305454,1,1,0,1,1,0,0,1,0,0,0,1
-0.8723881782678972,-1.1552834925186746,0.3618831361172495,1,1,1,0,0,0,0,0,0,0,0,0
-0.9011091862696716,-1.1145631287986442,-0.4789861459668089,0,0,1,0,1,0,0,0,0,0,0,0
-0.9486245866044049,-1.0738427650786138,-1.4976677070686424,0,0,0,0,0,0,0,0,0,0,1,0
-0.9797279823666952,-1.2367242199587352,-1.125425179031431,0,1,1,0,0,0,0,1,0,0,0,0
-0.4326391041393431,-0.7888002190384014,1.3091074262119398,1,1,0,0,0,1,0,0,0,1,0,1
0.4728667771700632,-0.0151133083578247,1.3340343812144315,1,1,1,1,1,0,0,1,0,0,0,1
-0.5867222384653,0.3920903288424788,-1.3198554280508674,0,0,1,0,0,0,0,0,0,1,1,0
-0.6195021293183238,0.3513699651224484,-1.4660935640654862,0,0,0,1,0,0,0,0,0,0,1,0
-0.2885708220659251,-0.62591876415828,0.966777244177718,1,0,1,0,0,0,1,0,0,0,0,1
-0.8863957359338932,-0.7073594915983407,-1.4993295040688086,0,0,0,0,0,1,0,0,1,1,1,0
-0.9899413669326106,-1.2774445836787656,-0.9592454790148186,0,0,1,0,0,0,0,0,0,0,0,1
1.925218886101584,1.3286586944031769,1.17616366619865,1,1,0,1,0,0,1,1,0,1,0,0
0.2549444745206533,-0.2187151269579764,1.5201556452330371,1,1,0,0,1,0,1,0,0,1,0,1
-0.9182050243659662,-1.2367242199587352,1.177825463198816,1,0,1,0,0,0,1,0,0,0,0,1
1.2991141471504557,1.369379058123207,0.5214156481331973,1,1,0,0,1,0,0,0,0,0,0,0
-0.9812721225818444,-1.2774445836787656,-0.3061592579495322,0,0,0,0,0,0,0,0,1,0,0,1
-0.8880060535868345,-1.1145631287986442,-0.2995120699488677,0,1,0,0,0,0,1,1,1,0,0,0
0.3298573341013189,1.125056875803025,-0.4640299729653139,0,1,1,0,0,0,0,0,0,0,0,1
-0.632539084563369,-0.9109613101984924,0.5147684601325326,1,1,0,0,0,0,0,0,0,0,0,1
-0.7320037735649065,-0.9516816739185228,0.0494653000860181,0,0,0,0,0,0,0,1,1,0,0,0
-0.1893046653777639,-0.4223169455581282,0.7391110551549593,1,1,0,1,0,0,0,0,0,0,0,0
-0.8562629425925535,-1.1552834925186746,0.6942425361504742,1,1,1,0,0,0,0,0,0,0,0,1
-0.9706175550973154,-1.2774445836787656,0.4964886931307054,1,1,1,0,0,0,0,0,0,0,0,1
-0.8556673456524246,-1.0331224013585834,-0.533825446972291,0,0,1,1,0,1,0,0,0,0,0,0
-0.9018150789394542,-1.1552834925186746,-0.4723389579661445,0,1,0,0,0,0,1,0,0,0,0,0
-0.8652189558404189,-1.1960038562387048,1.435403998224565,1,1,1,0,0,0,0,1,0,0,0,1
-0.3785280191713299,-0.2187151269579764,-0.533825446972291,0,0,0,1,0,0,1,0,0,1,0,0
2.099905262726817,1.4508197855632678,1.2958130502106109,1,1,0,1,0,1,0,1,0,0,0,1
0.4264984524237264,0.880734693482843,-0.1649065129354117,0,1,0,1,0,1,0,0,0,0,0,0
-0.7552761725217977,-1.0738427650786138,0.8172155141627669,1,1,1,0,1,0,0,0,0,0,0,1
2.7161495634469213,1.6137012404433893,1.7478218342557958,1,1,0,0,1,0,1,1,0,0,0,1
-0.9812059451440526,-1.2774445836787656,-0.3011738669490337,0,1,0,0,0,0,0,0,1,0,0,1
-0.8585791529152773,-1.0331224013585834,-0.6651074099854147,0,0,1,1,0,1,0,0,0,0,0,0
-0.7874384072887618,-0.2594354906780068,-1.4993295040688086,0,0,0,1,0,1,0,0,0,0,1,0
-0.9967135247333362,-1.2774445836787656,-1.4694171580658184,0,0,0,0,0,0,0,0,0,0,1,0
0.7670475473019114,1.002895784642934,0.3170146171127639,1,1,1,1,0,1,0,0,0,0,0,0
-0.975977927558476,-1.1552834925186746,-1.4993295040688086,0,1,0,0,0,0,0,0,1,0,1,0
-0.1495320252647074,-0.3815965818380978,0.7324638671542947,1,0,0,1,0,1,0,1,1,1,0,0
-0.4781471221943823,1.4100994218432374,-1.505976692069473,0,1,0,0,0,0,0,0,1,1,1,0
-0.9645512899663722,-1.1552834925186746,-1.5009913010689746,0,0,0,1,0,0,0,0,1,0,1,0
-0.3669910858495724,1.4915401492832985,-1.5109620830699717,0,1,0,0,0,0,0,0,0,0,1,0
-0.5774573971744049,0.7178532386027215,-1.4827115340671475,0,0,0,0,0,1,0,0,0,0,1,0
1.9452706497525925,1.6137012404433893,0.9468356801757248,0,1,0,1,0,1,1,1,0,0,0,1
0.8534752810584038,1.5322605130033284,-0.2130986259402292,0,1,0,0,0,0,1,1,0,0,0,1
2.516690765941509,1.5729808767233588,1.5450826002355291,1,1,1,0,0,0,0,1,0,0,0,1
0.1990907170241146,0.3106496014024181,0.0893484280900052,0,0,1,0,0,0,1,0,0,0,0,1
-0.9656983655547686,-1.2774445836787656,0.8670694241677506,1,1,1,0,0,1,0,0,0,0,0,1
-0.7403862490185734,-0.0151133083578247,-1.491020519067978,0,0,0,0,0,0,0,0,0,0,1,0
-0.9838751018016674,-1.2774445836787656,-0.5022513039691348,0,1,0,0,0,0,0,0,1,0,0,0
-0.626980179788832,-0.9109613101984924,0.7042133181514708,1,0,1,1,0,1,0,0,0,0,0,1
-0.9748749702619408,-1.2774445836787656,0.1757618720986434,1,1,1,0,0,0,0,0,0,0,0,0
0.2314956023963164,-0.0965540357978854,0.9750862291785486,1,1,0,1,0,0,0,1,0,0,0,0
-0.1091637882115219,-0.3815965818380978,0.612814483142334,1,0,0,0,0,0,0,1,0,0,0,0
0.1159056777194354,-0.3408762181180675,1.325725396213601,1,1,1,1,0,0,0,0,0,0,0,1
-0.9272051559056927,-1.2367242199587352,1.003336778181373,1,0,1,0,0,0,0,0,0,0,0,1
-0.9269404461545244,-0.9924020376385532,-1.4760643460664828,0,0,0,0,0,1,0,0,1,0,1,0
-0.8243433584308271,-0.5851984004382496,-1.4993295040688086,0,0,0,0,0,0,0,0,1,1,1,0
-0.9729778837119004,-1.2774445836787656,0.3186764141129299,1,1,1,0,0,0,0,0,0,0,0,0
-0.7630851101812663,-0.2187151269579764,-1.491020519067978,0,0,0,1,0,1,0,0,1,0,1,0
-0.97485291111601,-1.2774445836787656,0.1774236690988095,1,1,1,0,0,0,0,0,0,0,0,0
0.0725815151115358,0.4328106925625091,-0.3094828519498643,0,0,1,0,0,0,0,1,0,1,0,0
-0.5957885474428187,-0.8702409464784621,0.4732235351283796,1,1,0,0,0,0,1,0,0,0,0,0
-0.8850060097402589,-1.1960038562387048,0.7823177771592784,1,1,0,1,1,1,1,1,1,0,0,0
-0.7214374426641,0.1070477828022663,-1.4843733310673135,0,1,0,0,0,1,0,0,0,1,1,0
-0.946396612865404,-1.2367242199587352,-0.1266851819315907,0,0,0,0,0,1,1,0,0,0,0,0
-0.4349773736079976,-0.3001558543980371,-0.5487816199737862,0,1,1,0,0,0,0,0,0,0,0,1
0.6007877644222068,1.1657772395230557,-0.1649065129354117,0,0,1,1,0,1,1,0,0,0,0,0
-0.9054327788720896,-0.8295205827584317,-1.505976692069473,0,0,0,0,0,0,0,0,0,0,1,0
1.6273762977452388,1.3286586944031769,0.9285559131738974,1,1,0,1,1,0,1,0,0,0,0,0
0.4001157138906064,-0.055833672077855,1.1695164781979852,1,1,1,0,1,0,0,0,0,0,0,1
-0.9408597672367977,-1.2367242199587352,0.1873944510998066,1,0,1,1,0,1,0,0,0,0,0,0
-0.822049207254034,-0.5037576729981889,-1.4876969250676455,0,1,0,1,0,0,0,0,1,1,1,0
0.1961127323234698,-0.055833672077855,0.7590526191569525,1,0,1,0,0,0,1,1,0,0,0,0
2.352438365341499,1.4508197855632678,1.503537675231376,1,1,0,1,0,0,0,1,0,0,0,1
0.5287205346666018,0.7178532386027215,0.2006888271011353,0,1,0,0,0,1,1,1,0,1,0,0
-0.7165844305593455,-1.0331224013585834,1.0049985751815391,1,0,0,0,0,0,0,0,1,0,0,1
0.4005568968092204,0.3513699651224484,0.3303089931140931,0,1,0,1,0,1,1,1,0,1,0,1
1.3168276413328095,1.1657772395230557,0.6693155811479823,0,0,0,1,0,1,1,1,0,1,0,1
1.1596562265765542,1.6137012404433893,0.1624674960973147,0,0,0,0,0,0,1,1,0,0,0,0
0.0899641221049294,-0.1779947632379461,0.8803638001690798,1,1,0,0,0,0,0,1,0,1,0,0
-0.5688763894073616,-0.8702409464784621,0.8122301231622688,1,1,1,0,0,0,0,0,0,0,0,0
-0.9965591107118212,-1.2774445836787656,-1.4577845790646555,0,0,0,0,0,0,0,0,1,0,1,0
-0.7335037954881942,-0.8295205827584317,-0.4956041159684701,0,1,0,1,0,0,0,0,0,0,0,1
-0.3048504717627836,-0.5037576729981889,0.3735157151184122,0,0,0,1,0,1,1,0,0,1,0,1
1.73198076774863,1.0436161483629645,1.3539759452164248,1,1,0,1,1,0,1,1,0,1,0,1
0.0150292033783331,0.188488510242327,0.0278619390838584,0,0,0,0,0,0,1,1,0,0,0,0
-0.9619041924546878,-1.1145631287986442,-1.4694171580658184,0,0,1,1,0,1,0,0,0,1,1,0
-0.87373378616967,-0.748079855318371,-1.4860351280674795,0,1,1,0,0,0,0,0,0,0,1,0
-0.9641321661936888,-1.2774445836787656,0.9850570111795456,1,0,1,0,0,0,0,0,0,0,0,1
-0.7748205758164001,-1.0738427650786138,0.6676537841478158,1,1,1,0,0,0,0,0,0,0,0,0
1.1497737291995995,1.4915401492832985,0.2970730531107706,0,0,0,1,0,1,1,1,0,1,0,0
1.516837917486489,1.5322605130033284,0.5197538511330312,0,1,0,1,0,1,0,1,0,0,0,1
-0.9965591107118212,-1.2774445836787656,-1.4577845790646555,0,0,0,0,0,0,0,0,1,0,1,0
0.0707726651452183,-0.3408762181180675,1.2127232002023045,1,1,1,0,1,0,0,0,0,0,0,1
-0.9729337654200392,-1.2774445836787656,0.3220000081132624,1,1,1,1,1,0,0,0,0,0,0,0
-0.7245698413862597,-0.9516816739185228,0.356897745116751,1,0,0,0,1,0,0,0,0,0,0,0
-0.6286125565877039,0.3106496014024181,-1.4744025490663168,0,1,0,0,0,1,0,0,0,1,1,0
-0.7405186038941577,-0.8702409464784621,-0.3393951979528547,0,1,1,0,1,1,0,1,0,0,0,0
-0.0433172376083748,0.758573602322752,-0.6750781919864114,0,1,0,0,0,0,1,1,0,0,0,1
2.2147010581501925,1.4508197855632678,1.3473287572157604,1,1,1,1,1,0,0,0,0,0,0,1
-0.8842780579245457,-0.7888002190384014,-1.477726143066649,0,1,0,0,0,0,0,0,1,0,1,0
1.2821947822216069,1.0843365120829946,0.7308020701541287,0,1,1,1,0,1,1,1,0,0,0,1
-0.4756323795582822,-0.62591876415828,0.1857326540996401,0,1,0,1,0,1,1,0,0,1,0,0
1.051963476142865,1.5322605130033284,0.1059663980916664,0,0,0,1,0,0,1,1,1,0,0,1
-0.9729999428578312,-1.2774445836787656,0.3170146171127639,1,1,0,0,0,0,0,0,0,0,0,0
0.921682160276136,0.5142514200025698,1.0049985751815391,1,1,0,1,0,1,0,0,0,1,0,1
-0.3336817754942117,-0.055833672077855,-0.4889569279678058,0,1,1,0,0,0,0,0,0,1,0,1
0.906836355064773,0.3106496014024181,1.3689321182179202,1,1,0,0,0,0,0,1,0,1,0,1
-0.9703307862002162,-1.2367242199587352,-0.6219006879810957,0,0,0,0,0,0,0,0,0,0,0,0
0.044919346114435,-0.2594354906780068,0.966777244177718,1,1,1,1,1,0,0,0,0,0,0,1
1.0474192920811405,1.3286586944031769,0.2555281281066175,0,0,0,1,0,1,1,0,0,1,0,1
-0.9663601399326898,-1.2774445836787656,0.8172155141627669,1,1,1,0,0,1,0,0,0,0,0,1
-0.4000136273078341,-0.5851984004382496,0.3701921211180801,1,1,0,0,0,0,0,1,0,0,0,0
-0.1797971734816312,1.6137012404433893,-1.2932666760482092,0,0,0,1,0,0,0,0,0,0,1,0
-0.4710220180587655,-0.6666391278783103,0.220630391103129,0,1,0,0,0,0,0,0,0,0,0,1
2.027507145782252,1.4915401492832985,1.1429277261953277,1,0,0,1,0,0,1,0,0,0,0,1
-0.7950929309267156,-1.0738427650786138,0.6244470621434968,1,1,0,1,0,1,0,0,0,0,0,1
-0.9392273904379256,-1.0331224013585834,-1.343120586053193,0,1,0,0,0,0,0,0,0,1,0,0
0.5932214773679758,1.0436161483629645,-0.1665683099355778,0,0,0,1,0,1,1,1,1,0,0,1
1.2555032156454566,0.5142514200025698,1.691320736250148,1,1,1,0,0,0,1,1,0,0,0,1
0.0131541759742234,-0.2187151269579764,0.6659919871476498,0,1,0,1,1,0,0,1,0,0,0,1
-0.2711220376347395,0.0256070553622056,-0.3360716039525224,0,1,0,0,0,0,0,0,0,0,0,0
-0.0766265479637356,0.6771328748826912,-0.6966815529885713,0,0,0,0,1,0,0,0,1,0,0,0
-0.9557717498859524,-1.2367242199587352,-0.3211154309510272,0,1,0,0,0,0,1,0,1,0,0,0
-0.9706616733891767,-1.2774445836787656,0.4931650991303729,1,0,1,0,0,0,0,0,0,0,0,1
0.6422368996259967,1.0843365120829946,-0.0037122039192975,0,1,1,0,0,0,0,1,0,0,0,0
-0.9418083105118178,-0.9924020376385532,-1.4960059100684764,0,1,0,1,0,1,0,0,1,1,1,0
2.3427102819860592,1.6137012404433893,1.3373579752147635,1,1,0,1,0,0,1,0,0,0,0,1
-0.6071269484511997,-0.4223169455581282,-0.6983433499887373,0,1,0,0,0,0,0,0,0,1,0,1
-0.6100828740059139,-0.8702409464784621,0.5230774451333633,1,1,0,1,0,0,0,0,0,0,0,0
-0.3470496179282175,1.0843365120829946,-1.3397969920528607,0,0,1,0,0,0,0,0,0,0,1,0
0.2329073877358815,-0.055833672077855,0.8205391081630994,1,0,1,1,1,0,1,0,0,0,0,0
-0.9750955617212478,-1.2774445836787656,0.1591439020969822,1,0,0,0,0,0,0,0,1,0,0,0
-0.9864560218755596,-1.2774445836787656,-0.6966815529885713,0,0,1,0,0,0,0,0,0,0,0,0
0.8017686429968373,1.369379058123207,0.036170924084689,0,0,0,1,0,1,1,1,1,0,0,0
-0.4136461794930082,0.880734693482843,-1.329826210051864,0,1,0,1,0,1,0,0,0,1,1,0
-0.8136667318003671,-0.8295205827584317,-1.03568814102246,0,1,0,0,0,0,1,1,1,1,0,0
0.3281587798646549,0.3513699651224484,0.3253236021135945,0,1,0,1,0,1,1,0,0,0,0,0
1.6559208325795682,1.6137012404433893,0.6543594081464871,0,0,0,1,0,0,1,1,1,0,0,1
-0.8818736110180992,-0.62591876415828,-1.502653098069141,0,0,0,0,0,0,0,0,1,1,1,0
-0.576266203294147,0.188488510242327,-1.2018678410390724,0,0,0,0,0,0,0,1,0,0,0,0
-0.9832133274237465,-1.1960038562387048,-1.4694171580658184,0,1,0,1,0,0,0,0,0,0,1,0
-0.4429848435808425,-0.8295205827584317,1.3473287572157604,1,1,1,0,0,1,0,0,0,0,0,1
-0.3544835501068642,1.2064976032430856,-1.328164413051698,0,0,0,1,0,1,0,0,0,1,1,0
-0.973970545278782,-1.2774445836787656,0.2438955491054544,1,1,1,0,1,0,0,0,0,0,0,0
-0.5794868386000296,-0.7888002190384014,0.328647196113927,1,1,0,0,0,0,0,0,1,1,0,0
0.3112614740817367,0.6364125111626608,-0.1383177609327537,0,1,0,1,0,0,1,1,0,1,0,0
-0.927999285159198,-0.9109613101984924,-1.4760643460664828,0,0,0,0,0,0,0,0,1,1,1,0
-0.9968679387548512,-1.2774445836787656,-1.481049737066981,0,1,0,0,0,0,0,0,1,0,1,0
-0.9969782344845048,-1.2774445836787656,-1.4893587220678115,0,0,0,0,0,0,0,0,0,0,1,0
-0.5793544837244453,-0.8295205827584317,0.641065032145158,1,1,1,0,0,1,0,0,0,0,0,0
-0.4481687428745576,1.2064976032430856,-1.4860351280674795,0,0,0,1,0,1,0,0,0,0,1,0
-0.2364009419398137,-0.5851984004382496,0.9684390411778844,1,0,0,0,1,0,0,1,0,0,0,0
-0.6294066858412093,-0.9516816739185228,0.8205391081630994,1,0,1,1,0,0,0,0,0,0,0,1
-0.7922252419557243,-0.9516816739185228,-0.4872951309676395,0,1,1,0,0,1,0,0,0,0,0,0
-0.1833266368305436,1.6137012404433893,-1.2965902700485417,0,0,0,1,0,0,0,0,0,0,1,0
-0.8002547710745,-0.5444780367182193,-1.33148800705203,0,0,0,0,0,0,0,0,0,0,1,0
-0.958771793732528,-1.2367242199587352,-0.5105602889699654,0,1,1,0,0,0,0,0,0,0,0,0
2.011293673523185,1.5322605130033284,1.1346187411944968,1,0,1,0,0,0,0,0,0,1,0,1
-0.4156976800645636,1.4915401492832985,-1.4827115340671475,0,0,0,1,0,1,0,0,0,0,1,0
0.5269778621380763,0.1477681465222966,1.0182929511828682,1,1,1,1,0,0,0,0,0,0,0,1
1.615221708337422,1.3286586944031769,0.9003053641710731,1,1,0,1,0,0,0,0,0,0,0,0
-0.4059034192713316,0.4735310562825394,-1.1437049460332582,0,1,1,1,1,0,0,0,0,0,0,0
2.507006800877931,1.6137012404433893,1.5234792392333694,1,1,0,1,0,0,0,1,0,0,0,1
-0.3286743493679423,-0.6666391278783103,1.1711782751981514,1,1,1,1,0,0,0,0,0,0,0,1
0.6813918836529936,0.6771328748826912,0.4399875951250571,0,0,0,1,0,1,0,0,0,1,0,1
0.1938847585844687,1.4508197855632678,-0.8595376590048512,0,0,0,0,0,0,1,1,1,0,0,0
-0.5648395657020431,-0.7888002190384014,0.3402797751150897,1,1,0,0,0,0,0,0,1,0,0,0
-0.9876030974639562,-1.2367242199587352,-1.477726143066649,0,0,0,0,0,0,0,0,1,0,1,0
1.0564856010586583,0.5549717837226001,1.2077378092018058,1,1,1,0,0,0,0,0,0,1,0,1
-0.9715881575182662,-1.1552834925186746,-1.4760643460664828,0,0,0,0,0,0,0,0,1,0,1,0
-0.3699911296961481,-0.5444780367182193,0.2804550831091094,1,1,1,1,0,0,1,0,0,0,0,0
-0.979308858594012,-1.2774445836787656,-0.1582593249347472,0,1,1,0,0,1,1,1,0,0,0,0
-0.5349714821118718,-0.3815965818380978,-0.5454580259734538,0,1,0,1,0,1,0,0,0,1,0,0
-0.381263353266737,-0.748079855318371,1.1894580421999783,1,1,1,0,0,0,0,0,0,0,0,1
-0.3990871431787446,-0.6666391278783103,0.684271754149477,1,1,0,1,1,0,0,0,0,0,0,1
0.0552871447018652,0.0256070553622056,0.3037202411114352,0,1,0,1,0,1,0,1,1,1,0,1
-0.9557055724481603,-1.0738427650786138,-1.505976692069473,0,0,0,1,0,1,0,0,1,1,1,0
-0.5583100585065551,0.3920903288424788,-1.3896509020578445,0,0,1,1,0,1,0,0,0,0,1,0
-0.9194623956840162,-1.1960038562387048,-0.0120211889201281,0,1,0,0,0,0,1,1,0,0,0,0
0.7090319935041639,1.0843365120829946,-0.0236537679212913,0,1,0,1,1,0,1,1,0,0,0,1
1.4695651677569934,0.7178532386027215,1.4553455622265583,1,0,1,1,0,0,1,1,0,1,0,1
-0.4577203530625518,-0.3408762181180675,-0.3377334009526884,0,0,0,0,0,0,0,1,0,1,0,0
-0.1960768231784896,-0.3815965818380978,0.4848561141295422,1,1,0,0,1,0,0,0,1,0,0,0
0.6895096493554922,0.9214550572028734,0.142525932095321,1,1,0,1,0,1,0,0,0,0,0,0
-0.2806736478227337,-0.3815965818380978,0.3535741511164189,1,1,0,0,1,0,1,0,0,0,0,0
-0.9943973144106124,-1.2774445836787656,-1.2949284730483754,0,1,0,0,1,0,0,0,1,0,0,0
-0.7881001816666828,-1.0738427650786138,0.5147684601325326,0,1,0,0,0,0,1,1,1,0,0,1
-0.5387435960660221,-0.7888002190384014,0.6543594081464871,1,1,1,0,0,0,0,0,0,0,0,0
-0.4726764540035681,-0.748079855318371,0.827186296163764,1,1,0,1,0,1,0,1,0,0,0,1
2.310900993553986,1.6137012404433893,1.302460238211275,1,0,0,1,0,1,1,1,0,0,0,1
-0.5093608136863264,-0.4630373092781585,-0.3377334009526884,0,0,0,1,0,0,0,0,0,0,0,0
0.1205160392189524,0.188488510242327,0.1857326540996401,1,1,0,0,0,0,0,0,1,0,0,0
1.6153099449211448,1.125056875803025,1.1595456961969886,1,1,1,0,0,0,0,0,0,0,0,1
2.376240183800727,1.4915401492832985,1.6481140142458286,1,1,0,1,0,1,1,1,0,0,0,1
0.6515017409168917,0.1070477828022663,1.4005062612210766,1,1,1,1,0,1,1,1,0,0,0,1
0.4120717709850471,0.2699292376823877,0.5529897911363537,1,0,0,0,0,0,0,0,0,1,0,0
-0.8487628329761147,-0.8295205827584317,-1.1786026830367469,0,1,0,1,1,1,0,1,1,0,0,0
2.572125399665365,1.6137012404433893,1.478610720228884,1,1,1,1,0,0,0,1,0,1,0,1
1.6748034614962493,1.369379058123207,0.895319973170575,0,0,0,1,0,0,1,1,0,0,0,1
-0.8638292296467845,-1.1552834925186746,0.3369561811147576,1,1,1,0,1,0,0,0,0,0,0,0
-0.6547526445155863,-0.8702409464784621,0.4898415051300408,1,1,0,0,0,0,1,0,0,0,0,0
-0.3366818193407873,-0.1779947632379461,-0.344380588953353,0,1,0,0,0,1,0,1,0,1,0,0
-0.528662566375691,-0.9109613101984924,1.3174164112127704,1,1,1,0,0,0,1,0,0,0,0,1
1.253848779700654,0.880734693482843,0.9966895901807084,1,1,0,0,0,0,0,0,0,1,0,0
1.268297520285264,1.5729808767233588,0.2854404741096075,0,1,0,1,0,1,0,1,0,0,0,1
1.6328249067901226,1.2879383306831464,0.9335413041743956,1,1,1,1,0,1,0,0,0,1,0,1
-0.7937473230249428,-0.8295205827584317,-0.6717545979860794,0,1,1,0,0,1,0,0,0,0,0,0
0.8550414804194837,0.7992939660427822,0.4981504901308714,0,1,0,0,0,0,1,1,0,0,0,1
0.7538782371812821,0.2292088739623573,1.2924894562102784,1,1,1,0,0,0,0,1,0,0,0,1
0.5425075008732909,1.002895784642934,-0.1715537009360761,0,0,0,1,0,1,1,1,1,1,0,0
0.4426457472450008,0.880734693482843,-0.1250233849314247,0,1,1,0,0,1,0,1,0,1,0,0
1.9448956442717704,1.2879383306831464,1.2409737492051285,1,0,1,0,1,0,0,1,0,1,0,1
-0.0094785077506773,1.002895784642934,-0.7864185909975417,0,1,0,0,0,0,1,1,0,1,0,0
1.3926890441884952,1.5729808767233588,0.3751775121185782,1,0,1,1,0,1,0,0,0,0,0,0
-0.9746323196567032,-1.2774445836787656,0.1940416391004707,1,1,0,0,0,0,0,0,1,0,0,0
-0.9861030755406685,-1.2774445836787656,-0.6700928009859131,0,0,0,0,0,0,0,0,1,0,0,0
-0.9744999647811188,-1.2774445836787656,0.2040124211014678,1,0,0,0,0,0,0,0,1,0,0,0
-0.9286610595371192,-1.2367242199587352,1.0382345151848615,1,1,1,0,0,0,0,0,0,0,0,1
1.5826403497977743,1.125056875803025,1.1030445981913404,1,1,1,1,1,0,0,0,0,1,0,1
2.224076195170741,1.4508197855632678,1.4270950132237343,1,1,1,1,0,0,1,1,0,0,0,1
1.3347176086826091,1.0436161483629645,0.9335413041743956,1,1,1,1,0,1,0,0,0,0,0,1
-0.7172903232291279,-0.9516816739185228,0.5247392421335293,1,0,1,0,0,0,0,0,0,0,0,0
1.5965817300259786,1.369379058123207,0.8055829351616043,1,0,1,1,0,0,1,1,0,1,0,0
-0.5342214711502281,-0.9109613101984924,1.2409737492051285,1,1,0,1,0,1,0,0,0,0,0,1
-0.997331180819396,-1.2774445836787656,-1.51594747407047,0,0,0,0,0,0,0,0,1,0,1,0
0.1153762582170987,0.6771328748826912,-0.4307940329619915,0,1,0,1,0,1,0,0,0,1,0,1
-0.9516466895969112,-1.1960038562387048,-0.6700928009859131,0,0,1,0,0,0,0,0,0,0,0,0
-0.8376009051351793,-0.8295205827584317,-1.1769408860365806,0,1,0,0,1,0,0,0,0,0,0,0
1.0807065432905705,1.1657772395230557,0.3519123541162524,0,0,0,1,0,0,1,1,0,0,0,1
-0.9266977955492868,-1.2367242199587352,0.7906267621601091,1,1,1,0,1,0,0,0,0,0,0,1
2.115324605732378,1.4508197855632678,1.2791950802089491,1,1,0,1,0,1,1,0,0,0,0,1
-0.9973532399653268,-1.2774445836787656,-1.517609271070636,0,1,0,0,0,0,0,0,1,0,1,0
2.2725401387804944,1.4915401492832985,1.505199472231542,1,1,0,0,0,0,1,0,0,0,0,1
-0.9841839298446974,-1.2774445836787656,-0.5255164619714603,0,0,1,0,0,1,0,0,0,0,0,0
-0.985308946287163,-1.2367242199587352,-1.3381351950526947,0,0,1,0,0,0,0,0,0,0,0,0
1.6616562105215509,1.5729808767233588,0.6659919871476498,0,1,0,1,0,0,1,1,0,1,0,1
-0.8554026359012562,-1.1552834925186746,0.5396954151350245,1,1,1,0,0,0,0,0,0,0,0,0
-0.5229713067255698,1.002895784642934,-1.5275800530716328,0,0,0,0,0,0,0,0,0,0,1,0
-0.9443009940019872,-1.1960038562387048,-1.0140847800203006,0,0,0,0,0,0,1,1,1,0,0,0
0.0636696201555321,0.880734693482843,-0.6235624849812617,0,0,0,1,0,1,0,1,0,0,0,1
0.7575400554057787,1.369379058123207,-0.1665683099355778,0,1,1,1,0,1,1,0,0,0,0,0
-0.8284904778657992,-0.5851984004382496,-1.4843733310673135,0,0,0,0,0,0,0,0,1,1,1,0
-0.9787132616538832,-1.1960038562387048,-1.5009913010689746,0,0,0,0,0,0,0,0,1,1,1,0
-0.3613660036372433,-0.62591876415828,0.7806559801591124,1,0,1,1,0,1,0,0,0,0,0,0
-0.997397358257188,-1.2774445836787656,-1.520932865070968,0,1,0,1,0,1,0,0,1,0,1,0
0.8904022913463997,0.6771328748826912,0.682609957149311,1,1,0,1,0,0,0,0,0,0,0,0
1.690178686209949,1.6137012404433893,0.7025515211513048,0,1,0,1,0,1,1,1,0,0,0,1
-0.9660513118896598,-1.2367242199587352,-0.6734163949862454,0,1,1,1,0,1,0,0,0,0,0,0
-0.9241830529131866,-0.8702409464784621,-1.4694171580658184,0,1,0,1,0,0,0,0,1,1,1,0
-0.9816471280626666,-1.1960038562387048,-1.5109620830699717,0,0,0,1,0,1,0,0,1,0,1,0
0.40933643688964,0.0663274190822359,1.0930738161903435,1,1,1,1,0,0,0,0,0,0,0,1
-0.9715440392264048,-1.1552834925186746,-1.4710789550659844,0,1,0,1,0,1,0,0,1,0,1,0
0.2352897754963974,0.5956921474426305,-0.1948188589384019,0,1,0,0,0,0,1,1,1,1,0,0
-0.6706793478775536,-0.9924020376385532,0.9966895901807084,1,1,1,1,0,1,0,0,0,0,0,1
-0.9749852659915944,-1.2774445836787656,0.1674528870978128,1,1,1,0,0,0,0,0,0,0,0,0
0.4941759121391217,1.2879383306831464,-0.3626603559551803,0,1,0,1,0,1,0,0,0,1,0,0
1.3904610704494942,0.7178532386027215,1.4453747802255617,1,1,1,1,0,1,1,0,0,1,0,1
-0.5639351407188843,0.9214550572028734,-1.517609271070636,0,0,0,0,0,1,0,0,0,1,1,0
-0.2069961004141874,1.5729808767233588,-1.33148800705203,0,0,0,1,0,1,0,0,0,0,1,0
-0.9129990659263204,-1.1960038562387048,0.3153528201125979,1,1,1,0,0,0,0,0,0,0,0,0
-0.8067622191240572,-1.0331224013585834,0.1524967140963176,1,1,1,1,0,0,0,0,0,0,0,0
1.6966420159676447,1.2064976032430856,1.0631614701873533,1,1,1,0,0,0,0,0,0,1,0,1
1.981403530787084,1.5729808767233588,1.0099839661820376,1,1,0,1,0,1,1,1,0,1,0,0
-0.7399450660999595,-1.0331224013585834,0.6792863631489789,1,1,0,0,0,0,0,0,1,0,0,1
-0.9720734587287416,-1.2774445836787656,0.3868100911197414,1,1,0,1,1,0,0,0,1,0,0,0
-0.7359303015405715,-0.8295205827584317,-0.5105602889699654,0,1,1,0,0,0,0,0,0,0,0,0
1.83934263099336,1.6137012404433893,0.8238627021634315,0,1,0,1,1,1,1,1,0,0,0,1
2.033970475539947,1.369379058123207,1.305783832211607,1,1,1,1,0,0,0,1,0,1,0,1
1.25561351137511,1.0436161483629645,0.8338334841644282,1,1,0,1,1,1,1,1,0,1,0,0
0.7385250716135131,1.4100994218432374,-0.1449649489334182,0,1,0,1,0,1,1,1,0,0,0,0
-0.9351685075866762,-0.9924020376385532,-1.4943441130683104,0,0,1,1,0,1,0,0,0,1,1,0
0.2349147700155753,-0.1779947632379461,1.2143849972024705,1,1,0,1,1,0,0,1,0,0,0,1
-0.5535452829855234,0.7992939660427822,-1.4993295040688086,0,0,0,0,0,0,0,0,1,0,1,0
1.7808197168392057,1.6137012404433893,0.677624566148813,0,1,0,1,0,0,0,1,0,0,0,1
-0.5856413403146955,-0.7888002190384014,0.544680806135523,1,1,1,0,0,0,0,0,0,0,0,0
-0.1784515655798584,0.5956921474426305,-0.7598298389948839,0,0,0,0,0,0,1,1,1,0,0,0
-0.9384553203303512,-0.9924020376385532,-1.5093002860698053,0,1,0,1,0,1,0,0,1,0,1,0
0.7283337461935285,0.3920903288424788,1.0232783421833662,1,1,1,1,1,0,0,0,0,0,0,0
-0.49974302606054,-0.2594354906780068,-0.6302096729819263,0,0,0,0,0,1,1,1,1,0,0,1
-0.428271393245064,0.0256070553622056,-0.8528904710041867,0,1,1,0,0,0,0,0,0,1,0,0
-0.9946399650158504,-1.2774445836787656,-1.3132082400502028,0,0,1,0,1,0,0,0,0,0,0,0
-0.5923473206776291,0.5549717837226001,-1.451137391063991,0,1,1,0,0,0,0,0,0,0,1,0
-0.4159623898157319,-0.62591876415828,0.5230774451333633,1,1,0,1,0,0,0,0,0,0,0,0
-0.7148858763226814,-0.7888002190384014,-0.6900343649879066,0,0,0,0,0,1,0,0,1,0,0,0
-0.7043416045678056,-0.055833672077855,-1.4561227820644893,0,0,0,0,0,0,0,0,1,1,1,0
-0.97264699652294,-1.2774445836787656,0.3436033691154218,1,1,1,0,0,0,0,0,0,0,0,0
-0.4445731020878531,1.002895784642934,-1.4960059100684764,0,0,0,1,0,1,0,0,0,0,1,0
-0.5507437714523241,-0.4223169455581282,-0.5088984919697991,0,1,0,0,0,1,0,0,0,1,0,1
0.7721652691578343,0.6364125111626608,0.574593152138513,1,1,0,1,0,1,0,0,1,1,0,1
-0.774379392897786,-0.9109613101984924,-0.4357794239624898,0,1,0,0,0,0,1,0,1,0,0,0
0.3552253519216268,0.2292088739623573,0.5396954151350245,0,0,0,1,0,1,1,1,0,0,0,1
2.0609488110131964,1.5729808767233588,1.1595456961969886,1,1,0,0,1,0,0,0,0,0,0,1
-0.7950267534889235,-1.1145631287986442,0.8222009051632655,1,1,1,0,1,0,0,0,0,0,0,1
-0.5127358630137239,-0.748079855318371,0.3884718881199074,1,0,1,0,0,0,0,0,0,0,0,0
-0.8224462718807867,-1.1145631287986442,0.6676537841478158,1,1,0,0,1,0,0,0,1,0,0,0
-0.7498496226228448,-1.0331224013585834,0.5480044001358552,0,0,0,1,0,0,1,1,0,0,0,1
1.317092351083978,1.369379058123207,0.5247392421335293,0,1,0,1,1,0,0,0,0,0,0,1
-0.5525746805645725,0.6364125111626608,-1.481049737066981,0,0,0,1,0,1,0,0,0,0,1,0
-0.4593968481532852,-0.8295205827584317,1.1612074931971548,1,1,0,0,0,0,1,0,0,0,0,1
2.386894751285256,1.6137012404433893,1.3091074262119398,1,1,0,1,1,0,0,0,0,0,0,1
0.0014187103390895,-0.0151133083578247,0.3319707901142591,0,0,0,0,0,0,1,0,1,1,0,1
-0.3390642071013031,-0.6666391278783103,0.9867188081797118,1,1,1,0,1,0,0,1,0,0,0,1
-0.7730558441419438,-0.3001558543980371,-1.491020519067978,0,0,0,0,0,0,0,0,0,1,1,0
-0.8930355388590346,-0.748079855318371,-1.5275800530716328,0,0,0,1,0,1,0,0,1,0,1,0
2.819320188964817,1.6137012404433893,1.7528072252562945,1,0,0,1,0,1,1,1,0,0,0,1
0.2786359972502278,-0.055833672077855,1.1346187411944968,1,1,1,1,1,1,0,1,0,0,0,1
2.132905745039148,1.6137012404433893,1.1030445981913404,1,1,0,1,0,0,1,0,0,0,0,0
-0.515912380027745,0.8400143297628127,-1.5076384890696393,0,1,0,1,0,1,0,0,1,0,1,0
0.991653771168324,0.3513699651224484,1.653099405246327,1,1,0,0,0,0,1,1,0,0,0,1
0.4384545095181673,0.3513699651224484,0.6310942501441613,1,1,0,1,1,0,1,0,0,0,0,0
-0.4808162788519973,1.125056875803025,-1.4893587220678115,0,0,0,0,0,1,0,0,1,0,1,0
1.3458133590857524,1.4508197855632678,0.5280628361338618,0,1,1,0,0,0,0,0,0,0,0,1
-0.5878031366159043,-0.3815965818380978,-0.801374763999037,0,0,0,0,0,1,1,1,0,1,0,0
1.0888022498471377,1.1657772395230557,0.5413572121351905,0,1,0,1,0,0,1,1,1,0,0,1
-0.9310213881517044,-1.1960038562387048,-0.3344098069523561,0,1,0,0,0,1,0,0,0,0,0,0
0.9725064325004744,0.880734693482843,0.6526976111463211,1,0,1,0,0,0,1,1,0,1,0,0
-0.9158005774595196,-0.9924020376385532,-1.341458789053027,0,0,0,1,0,1,0,0,1,1,1,0
-0.2717617528667299,-0.4223169455581282,0.4615909561272169,0,1,0,1,0,1,0,1,1,1,0,1
0.0290367610443292,1.2064976032430856,-0.8695084410058479,0,1,0,1,0,0,1,1,0,0,0,0
-0.9689851782984432,-1.2774445836787656,0.6194616711429987,1,1,0,0,0,0,1,1,1,0,0,0
-0.7865560414515337,-1.0331224013585834,0.3452651661155883,1,1,0,1,0,0,0,0,0,0,0,0
2.568044457668185,1.6137012404433893,1.651437608246161,1,0,0,1,0,1,1,1,0,0,0,1
-0.6077225453913288,-0.7888002190384014,0.036170924084689,0,1,1,1,0,0,1,0,0,0,0,1
2.567912102792601,1.5729808767233588,1.656422999246659,1,0,0,1,0,1,1,1,0,0,0,1
0.4391604021879497,0.0256070553622056,1.0149693571825356,1,1,0,0,0,1,1,0,0,0,0,1
-0.986433962729629,-1.2774445836787656,-0.6950197559884049,0,1,0,0,0,0,0,0,0,0,0,0
-0.2828133849780118,1.2064976032430856,-1.288281285047711,0,0,0,0,0,1,0,0,0,0,1,0
1.7654886104173673,1.1657772395230557,1.3556377422165908,1,1,1,1,0,0,0,0,0,0,0,1
-0.3971238791909121,1.5729808767233588,-1.4926823160681442,0,0,0,1,0,0,0,0,0,0,1,0
1.8106878004293765,1.1657772395230557,1.2093996062019725,1,0,0,1,0,0,0,1,0,1,0,1
-0.6275978358748916,-0.9109613101984924,0.5047976781315361,1,1,1,1,0,0,0,0,0,0,0,0
0.0012422371716441,-0.3408762181180675,0.8570986421667539,1,1,0,0,0,0,0,0,0,0,0,0
1.0073378239250537,0.5956921474426305,1.0116457631822036,1,1,0,1,0,0,0,0,0,1,0,1
-0.646326050770058,0.2292088739623573,-1.479387940066815,0,1,0,1,0,0,0,0,0,1,1,0
-0.2491731874336905,1.2879383306831464,-1.303237458049206,0,0,0,1,0,0,0,0,1,0,1,0
0.8929170339824997,0.3920903288424788,1.1844726511994803,1,1,1,1,0,1,0,1,0,0,0,1
0.3370044973828665,0.758573602322752,-0.1615829189350795,0,0,0,0,0,0,1,1,0,1,0,0
-0.436058271758602,-0.2187151269579764,-0.5238546649712943,0,0,0,0,0,0,0,0,1,0,0,0
-0.8654395472997258,-1.1145631287986442,-0.0269773619216233,0,1,0,0,0,0,0,1,0,0,0,0
-0.7397906520784444,-0.0965540357978854,-1.5109620830699717,0,0,0,1,0,1,0,0,1,0,1,0
-0.3897781835959881,1.5729808767233588,-1.4943441130683104,0,0,0,1,0,1,0,0,1,0,1,0
-0.9968679387548512,-1.2774445836787656,-1.481049737066981,0,1,0,0,0,0,0,0,1,0,1,0
-0.4529114592496586,-0.4223169455581282,-0.3211154309510272,0,0,0,0,0,0,1,1,1,0,0,0
-0.7381803344255032,-0.9924020376385532,0.3236618051134285,1,1,1,0,1,0,0,0,0,0,0,0
-0.9841618706987666,-1.2774445836787656,-0.5238546649712943,0,0,0,0,0,0,0,1,0,0,0,0
1.8898801343205984,1.6137012404433893,0.8504514541660894,1,1,0,1,0,1,1,1,0,0,0,0
-0.9680586941693538,-1.1552834925186746,-1.4860351280674795,0,1,0,0,0,1,0,0,0,0,1,0
-0.9856618926220544,-1.2774445836787656,-0.6368568609825906,0,1,1,0,0,0,0,0,0,0,0,0
-0.875211748947027,-0.7073594915983407,-1.4694171580658184,0,0,0,1,0,1,0,0,1,1,1,0
-0.9311978613191498,-1.1960038562387048,-0.518869273970796,0,1,1,0,0,0,0,0,0,0,0,0
-0.7423936312982674,-0.7888002190384014,-0.6385186579827569,0,1,0,0,0,0,1,1,0,0,0,0
-0.1817824966153944,1.6137012404433893,-1.303237458049206,0,0,0,1,0,1,0,0,0,0,1,0
-0.722915405441457,-0.0151133083578247,-1.5076384890696393,0,0,0,1,0,0,0,0,0,0,1,0
-0.4663675382673871,1.0843365120829946,-1.504314895069307,0,0,0,1,0,1,0,0,0,0,1,0
-0.7332832040288872,0.1070477828022663,-1.5126238800701377,0,0,0,0,0,0,0,0,0,0,1,0
0.5028451564898878,0.8400143297628127,-0.0635368959252781,0,0,0,0,0,1,1,1,0,1,0,0
-0.8775941367075429,-0.6666391278783103,-1.4710789550659844,0,0,0,1,0,1,0,0,1,0,1,0
-0.971742571539781,-1.2367242199587352,-0.8096837489998675,0,1,0,0,0,0,0,1,0,0,0,0
-0.5334935193345148,0.7992939660427822,-1.4926823160681442,0,0,0,1,0,1,0,0,1,0,1,0
-0.3600203957354705,0.4328106925625091,-0.9825106370171444,0,1,0,0,0,0,1,0,0,1,0,0
-0.778680926354273,-0.3815965818380978,-1.30157566104904,0,1,0,1,0,1,0,0,0,0,1,0
-0.7563570706724021,-0.8702409464784621,-0.4723389579661445,0,0,1,1,0,1,1,0,0,0,0,1
2.411931881916604,1.6137012404433893,1.506861269231708,1,1,0,0,1,0,1,1,0,0,0,1
1.0758314720398847,0.6771328748826912,1.044881703185526,1,1,1,0,1,0,0,0,0,0,0,1
-0.345373122837484,-0.62591876415828,0.8105683261621028,1,1,1,0,1,0,0,0,0,0,0,0
-0.897756196088205,-1.1960038562387048,0.7075369121518029,1,1,0,0,0,0,1,0,1,0,0,1
0.0964715701544867,0.1477681465222966,0.0212147510831942,0,1,0,0,0,0,0,1,1,1,0,1
0.7666504826751588,0.5956921474426305,0.7457582431556239,1,0,1,1,0,1,0,0,0,0,0,0
-0.8731161300836102,-0.8702409464784621,-1.3215172250510334,0,0,0,1,0,1,0,0,1,0,1,0
0.2644740255627167,0.8400143297628127,-0.3709693409560109,0,1,1,0,0,0,1,1,0,1,0,0
-0.8215197877516971,-0.5037576729981889,-1.4876969250676455,0,0,1,1,0,1,0,0,0,0,1,0
-0.911035801938488,-1.1145631287986442,-0.6435040489832552,0,0,0,0,1,0,0,1,0,0,0,0
-0.9146314427251924,-1.1552834925186746,-0.4773243489666429,0,0,0,0,0,0,0,0,1,0,0,0
0.820232148140835,0.5956921474426305,0.7374492581547932,0,1,0,0,0,0,1,1,0,1,0,1
0.7548708987481637,0.4735310562825394,0.8105683261621028,1,0,0,0,1,0,0,0,0,1,0,1
-0.8490716610191446,-1.1552834925186746,0.8039211381614382,1,1,1,0,0,0,0,0,0,0,0,1
-0.9245359992480776,-1.2367242199587352,1.074794049188516,1,0,1,1,0,1,1,0,0,0,0,1
-0.6285243200039812,0.6364125111626608,-1.5126238800701377,0,0,0,1,0,0,0,0,1,0,1,0
1.7535766716147878,1.6137012404433893,0.8072447321617703,0,1,0,1,0,0,1,1,0,0,0,1
0.2721506083466012,0.0663274190822359,0.684271754149477,1,0,1,0,0,0,0,0,0,0,0,0
-0.9966914655874056,-1.2774445836787656,-1.4677553610656522,0,0,0,0,0,0,0,0,1,0,1,0
0.695752387653881,0.4328106925625091,0.8238627021634315,1,1,0,0,1,0,0,0,1,0,0,1
0.8277543169032047,0.8400143297628127,0.4200460311230638,0,0,0,1,0,0,1,1,0,1,0,0
-0.8596159327740204,-1.0331224013585834,-0.4989277099688025,0,1,1,1,0,1,1,0,0,1,0,0
1.3171364693758392,1.6137012404433893,0.2738078951084448,0,1,0,0,0,0,1,1,0,0,0,1
-0.9970223527763662,-1.2774445836787656,-1.4926823160681442,0,0,0,1,0,1,0,0,0,1,1,0
2.0997287895593715,1.4100994218432374,1.304122035211441,1,1,1,0,0,1,0,1,0,0,0,1
-0.8941605553015004,-1.1552834925186746,-0.0120211889201281,0,1,0,0,0,0,0,1,1,0,0,0
1.704473012773044,1.4915401492832985,0.8371570781647607,1,1,1,1,1,0,0,0,0,0,0,0
0.9315646576530906,0.5549717837226001,1.1645310871974868,1,1,1,0,0,1,0,0,0,0,0,1
0.3018863370611881,-0.2187151269579764,1.325725396213601,1,1,0,0,1,0,0,1,0,1,0,1
-0.965808661284422,-1.2774445836787656,0.85876043916692,1,1,1,1,1,0,0,0,0,0,0,0
0.7702461234618633,0.7178532386027215,0.356897745116751,0,0,1,1,0,1,1,1,0,1,0,1
-0.8602997662978722,-0.62591876415828,-1.491020519067978,0,0,0,1,0,1,0,0,0,1,1,0
-0.1042445986689752,-0.3001558543980371,0.6659919871476498,1,1,1,0,0,0,0,0,0,0,0,1
-0.9328964155558142,-1.1960038562387048,-0.3128064459501966,0,0,1,0,0,0,1,0,0,0,0,0
-0.9340655502901412,-1.2367242199587352,0.5563133851366857,1,0,0,0,1,0,0,0,1,0,0,0
-0.9683895813583144,-1.1552834925186746,-1.4744025490663168,0,1,0,0,0,1,0,0,1,1,1,0
-0.9969341161926432,-1.2774445836787656,-1.4860351280674795,0,0,0,0,0,0,0,0,1,0,1,0
0.3567033146989838,0.3920903288424788,0.2787932861089434,0,0,1,1,0,1,0,1,0,1,0,1
-0.8542555603128597,-0.9924020376385532,-0.6717545979860794,0,1,0,0,0,1,1,1,1,0,0,1
-0.2129300106695464,1.6137012404433893,-1.3082228490497043,0,0,0,1,0,0,0,0,1,0,1,0
0.97394027698597,1.2064976032430856,0.220630391103129,0,0,0,1,0,1,1,1,0,1,0,1
-0.4082416887399861,1.6137012404433893,-1.4760643460664828,0,0,1,1,0,1,0,0,0,0,1,0
1.2857463047164497,1.0843365120829946,0.8487896571659234,0,0,0,1,0,1,1,1,0,0,0,1
2.134957245610703,1.3286586944031769,1.438727592224897,1,1,0,1,0,0,0,1,0,1,0,1
0.1620754701523958,0.3106496014024181,-0.0951110389284345,0,1,0,0,0,0,1,1,1,0,0,0
0.0551989081181422,-0.3408762181180675,1.1595456961969886,1,1,0,0,0,0,0,0,0,0,0,1
-0.0658616847495529,0.1070477828022663,-0.1250233849314247,0,0,0,1,0,0,1,0,1,0,0,0
0.9451089732545418,0.758573602322752,0.6892571451499756,0,0,0,1,0,1,1,1,0,0,0,1
2.5526471738085545,1.6137012404433893,1.5251410362335358,1,1,0,1,0,0,1,0,0,0,0,1
0.7410177551036825,0.3920903288424788,1.0133075601823696,1,1,0,1,0,0,0,0,0,0,0,0
1.641251500535651,1.5729808767233588,0.572931355138347,0,1,0,1,0,1,1,1,0,0,0,1
1.4700063506756074,1.002895784642934,1.1911198392001443,1,1,1,1,0,1,0,0,0,0,0,1
-0.804115121612373,-1.0738427650786138,0.53304822713436,1,1,1,1,1,0,0,0,0,0,0,0
-0.5787809459302471,0.5549717837226001,-1.5076384890696393,0,0,0,1,0,1,0,0,1,0,1,0
-0.1670690462796159,-0.3001558543980371,0.356897745116751,1,1,1,1,0,1,0,0,0,0,0,0
-0.9909119693535616,-1.2367242199587352,-1.4860351280674795,0,0,0,0,0,0,0,0,1,0,1,0
0.6023539637832868,0.3513699651224484,0.788964965159943,1,1,0,0,0,1,0,0,0,0,0,0
-0.7923796559772391,-0.8702409464784621,-0.6883725679877406,0,1,1,1,0,0,0,0,0,0,0,0
-0.3202036373305525,-0.7073594915983407,1.2160467942026365,1,1,1,0,0,0,0,1,0,0,0,1
-0.88032947080295,-0.6666391278783103,-1.4960059100684764,0,0,0,0,0,0,0,0,1,0,1,0
-0.403873977845707,-0.7888002190384014,1.4005062612210766,1,1,1,0,1,0,0,0,0,0,0,1
-0.9970002936304354,-1.2774445836787656,-1.491020519067978,0,1,1,1,0,1,0,0,0,0,1,0
-0.9640880479018272,-1.1552834925186746,-1.4744025490663168,0,0,0,0,0,1,0,0,0,0,1,0
-0.6991356461281598,0.188488510242327,-1.4943441130683104,0,1,1,0,0,0,0,0,0,1,1,0
1.7457677339553193,1.125056875803025,1.3356961782145975,1,1,0,0,0,0,1,1,0,0,0,1
-0.8027253954187387,-0.2187151269579764,-1.5076384890696393,0,1,0,0,0,0,0,0,0,0,1,0
-0.6777603337213091,0.2292088739623573,-1.4744025490663168,0,0,0,1,0,0,0,0,0,0,1,0
-0.7802250665694221,-1.0331224013585834,0.3020584441112687,1,1,1,0,0,0,0,0,0,0,0,0
0.2772683302025241,0.4328106925625091,0.0029349840813665,0,1,0,1,0,0,0,1,0,1,0,0
-0.7058416264910934,-0.6666391278783103,-0.8562140650045189,0,1,0,0,1,0,0,0,1,0,0,0
-0.3893149415314434,1.5729808767233588,-1.491020519067978,0,0,0,1,0,1,0,0,0,0,1,0
0.0395148553614129,-0.0965540357978854,0.53304822713436,0,0,0,1,0,1,0,1,0,0,0,1
-0.5259051731343531,1.002895784642934,-1.4843733310673135,0,1,0,1,0,1,0,0,0,0,1,0
0.7999156747386581,0.9621754209229036,0.3020584441112687,1,1,1,0,0,0,0,0,0,0,0,0
-0.7304155150578959,-0.0151133083578247,-1.4960059100684764,0,0,0,0,0,0,0,0,0,1,1,0
-0.1218257379757451,0.0663274190822359,-0.130008775931923,0,1,0,1,0,0,1,1,0,0,0,0
1.5945081703084922,1.6137012404433893,0.6626683931473177,0,0,0,1,0,1,1,1,0,0,0,1
0.3178792178609474,0.0663274190822359,0.8005975441611056,1,0,0,1,0,0,0,0,1,0,0,1
-0.9752940940346242,-1.2774445836787656,0.144187729095487,1,0,1,0,1,0,0,0,0,0,0,0
-0.8837927567140703,-1.0738427650786138,-0.6667692069855808,0,0,0,0,1,0,0,0,0,0,0,0
-0.4467128392431312,0.1477681465222966,-0.9941432160183072,0,1,0,0,0,0,0,1,0,0,0,0
0.1682520310129925,0.1070477828022663,0.28876406810994,0,1,0,1,0,1,0,1,0,1,0,1
-0.9762426373096444,-1.1960038562387048,-1.329826210051864,0,0,1,0,0,0,0,0,0,0,0,0
-0.7780632702682132,-1.0331224013585834,0.1641292930974807,0,0,0,1,0,1,1,0,0,0,0,1
-0.9165505884211634,-1.1552834925186746,-0.5487816199737862,0,0,0,0,0,0,1,1,1,0,0,1
-0.9780294281300312,-1.1552834925186746,-1.4594463760648215,0,0,0,1,0,1,0,0,1,0,1,0
0.6072952124717641,1.4508197855632678,-0.3909109049580044,0,1,1,1,1,1,0,0,0,0,0,1
-0.81626971102019,-0.4630373092781585,-1.4710789550659844,0,0,0,0,1,0,0,0,0,1,1,0
1.5668460013113914,1.5729808767233588,0.5961965131406728,0,1,0,1,1,0,1,1,0,0,0,1
1.0240807156864566,0.9214550572028734,0.6759627691486464,1,1,1,1,0,1,1,0,0,0,0,0
1.456484094220087,0.9621754209229036,1.1246479591934997,1,0,1,0,0,0,0,0,0,0,0,1
1.119265930377438,0.7178532386027215,1.0282637331838649,1,1,1,0,1,0,0,0,0,0,0,1
0.6821198354687068,0.5956921474426305,0.5180920541328647,1,0,1,1,1,0,1,0,0,0,0,0
-0.8937634906747478,-0.9109613101984924,-1.341458789053027,0,1,0,1,0,1,0,0,1,0,1,0
-0.7535334999932721,-0.3408762181180675,-1.33148800705203,0,0,0,1,0,1,0,0,1,0,1,0
2.012528985695304,1.247217966963116,1.478610720228884,1,1,0,1,0,0,0,1,0,0,0,1
0.0548900800751125,-0.055833672077855,0.5014740841312035,1,1,0,0,0,0,0,1,0,0,0,0
1.7376940865446822,1.247217966963116,1.1047063951915064,1,0,0,0,0,0,1,0,0,0,0,0
-0.4360803309045327,-0.3408762181180675,-0.3310862129520241,0,0,0,0,1,0,0,0,0,0,0,0
1.3048715842383685,1.6137012404433893,0.3186764141129299,0,1,1,1,0,1,1,1,0,0,0,1
1.544080962710907,1.002895784642934,1.2143849972024705,1,0,0,0,1,0,1,1,0,0,0,1
-0.3697484790909103,1.4508197855632678,-1.5009913010689746,0,0,0,0,0,0,0,0,0,0,1,0
0.0794419094959844,0.5549717837226001,-0.3875873109576722,0,0,1,1,0,0,1,0,0,0,0,0
-0.134068563967285,-0.3815965818380978,0.7324638671542947,1,0,1,1,1,0,0,0,0,0,0,1
-0.7472245842570913,-1.0331224013585834,0.4964886931307054,1,1,1,0,0,0,0,0,0,0,0,0
1.8251586001599167,1.3286586944031769,1.1396041321949948,1,1,0,1,0,1,1,1,0,0,0,0
-0.0283611366673587,0.1070477828022663,-0.0868020539276039,0,1,0,1,0,0,1,0,0,1,0,0
-0.3928885231722172,-0.5037576729981889,0.2173067971027965,1,0,0,0,1,0,0,0,0,0,0,0
-0.1956576994058063,-0.5851984004382496,1.1628692901973208,1,0,0,1,1,0,0,1,0,0,0,1
-0.2822398471838135,-0.62591876415828,1.0266019361836989,1,1,0,0,0,0,0,1,0,0,0,1
1.5005362086436995,0.758573602322752,1.4187860282229037,1,0,0,0,0,0,1,0,0,1,0,1
2.542058783761817,1.6137012404433893,1.5783185402388515,1,1,0,1,0,1,0,1,0,0,0,1
0.2996583633221871,0.4735310562825394,0.1358787440946564,1,0,0,0,0,0,0,0,0,0,0,0
0.2130982746901107,0.3920903288424788,0.0577742850868488,0,0,0,0,0,0,0,1,0,0,0,1
-0.6136785147926184,-0.8702409464784621,0.6659919871476498,1,0,1,0,0,0,0,0,0,0,0,1
-0.1264140403293312,0.0663274190822359,-0.1167143999305941,0,0,0,1,0,1,1,1,1,1,0,1
0.2109364783889018,0.0256070553622056,0.6177998741428321,1,1,1,0,0,0,0,0,0,0,0,1
-0.997176766797881,-1.2774445836787656,-1.504314895069307,0,0,0,0,0,0,0,0,1,0,1,0
2.236385198600073,1.4915401492832985,1.3872118852197473,1,1,0,0,0,0,0,1,0,0,0,1
0.991896421773562,1.6137012404433893,-0.0103593919199621,0,0,0,1,0,1,1,1,0,0,0,1
2.1284718567070766,1.6137012404433893,1.071470455188184,1,1,0,1,0,0,1,1,0,0,0,0
0.3959685944556342,1.369379058123207,-0.5770321689766102,0,1,0,0,0,0,1,1,1,0,0,0
-0.968632231963552,-1.1552834925186746,-1.3065610520495383,0,1,0,0,0,1,0,0,1,0,1,0
-0.5585968274036544,0.4735310562825394,-1.326502616051532,0,0,1,1,0,1,0,0,0,1,1,0
-0.3970356426071893,1.6137012404433893,-1.4976677070686424,0,0,0,1,0,1,0,0,0,0,1,0
-0.3825427837307177,1.4915401492832985,-1.481049737066981,0,0,0,1,0,1,0,0,0,0,1,0
-0.0139785735205405,-0.3408762181180675,0.938526695174894,1,1,1,1,0,0,0,0,0,0,0,1
-0.7628645187219593,-1.1145631287986442,1.3473287572157604,1,0,1,0,0,0,0,0,0,0,0,1
1.402725955586965,1.3286586944031769,0.6676537841478158,0,1,0,0,0,0,1,1,0,0,0,1
1.871571043198116,1.1657772395230557,1.4287568102239003,1,1,1,0,0,0,1,0,0,1,0,1
1.611206943778034,1.5322605130033284,0.7042133181514708,0,1,0,1,0,1,0,1,0,0,0,1
2.7572898706076816,1.6137012404433893,1.741174646255132,1,1,0,1,0,0,1,1,0,0,0,1
-0.8539246731238991,-1.0331224013585834,-0.6318714699820923,0,1,0,0,1,1,0,0,1,0,0,0
-0.3875060915651258,1.5322605130033284,-1.5142856770703037,0,1,0,1,0,1,0,0,1,0,1,0
-0.1839001746247418,-0.4630373092781585,0.8404806721650927,1,1,1,0,0,0,0,0,0,0,0,1
0.0668902554614146,-0.3408762181180675,1.1479131171958254,1,1,0,1,0,0,0,0,0,0,0,1
-0.0034784200575263,-0.4630373092781585,1.3157546142126038,1,1,1,0,1,0,0,0,0,0,0,1
-0.4485437483553796,1.4100994218432374,-1.4860351280674795,0,1,0,1,1,0,0,0,0,0,1,0
-0.4922208572981705,-0.748079855318371,0.7058751151516368,1,1,0,0,0,1,1,1,1,0,0,0
0.811629081227861,1.4100994218432374,-0.1266851819315907,0,1,0,1,1,0,1,1,0,1,0,0
-0.3373435937187084,-0.62591876415828,0.9235705221733987,1,1,1,1,0,1,0,0,0,0,0,1
1.1143908591267526,1.3286586944031769,0.3136910231124318,0,1,0,0,0,0,0,1,0,0,0,1
2.4017846747884803,1.5729808767233588,1.3705939152180862,1,1,0,1,0,1,0,0,0,0,0,1
-0.9680807533152844,-1.2774445836787656,0.6875953481498096,1,1,1,0,0,0,0,0,0,0,0,0
-0.4693896412598934,-0.62591876415828,0.3253236021135945,0,0,0,1,0,1,1,0,1,0,0,1
-0.6881060731628086,0.1477681465222966,-1.4594463760648215,0,0,0,1,0,0,0,0,0,1,1,0
-0.9732867117549302,-1.2774445836787656,0.2954112561106046,1,1,1,0,1,0,0,0,0,0,0,0
-0.012831497932144,0.2292088739623573,-0.2529817539442163,0,1,0,0,1,0,1,0,0,0,0,0
1.329820478285993,1.4508197855632678,0.3668685271177476,0,1,0,1,0,1,0,1,0,1,0,1
-0.9560364596371208,-1.0738427650786138,-1.46443176706532,0,0,0,0,0,0,0,0,1,0,1,0
-0.9751837983049708,-1.2774445836787656,0.1524967140963176,1,1,1,0,0,0,0,0,0,0,0,0
1.3391514970146805,0.6364125111626608,1.5517297882361936,1,1,0,1,0,0,1,0,0,0,0,1
-0.9861913121243912,-1.2367242199587352,-1.5109620830699717,0,0,0,0,0,0,0,0,1,0,1,0
-0.3538658940208045,-0.2187151269579764,-0.3094828519498643,0,0,0,0,0,0,1,0,0,1,0,0
2.468535650374786,1.6137012404433893,1.4686399382278874,1,1,0,1,0,0,1,1,0,0,0,1
0.8191291908442999,1.369379058123207,-0.075169474926441,0,1,0,0,0,0,1,1,0,0,0,1
-0.6549732359748934,-0.748079855318371,-0.3011738669490337,0,0,0,0,0,0,1,1,1,1,0,0
2.6512736152647256,1.6137012404433893,1.638143232244832,1,1,0,1,0,1,1,1,0,0,0,1
2.026801253112469,1.247217966963116,1.42044782522307,1,1,1,1,0,0,0,0,0,1,0,1
2.077956412525768,1.4100994218432374,1.267562501207787,1,0,0,1,1,0,0,1,0,0,0,1
-0.3319391029656863,-0.5851984004382496,0.8388188751649267,1,1,0,0,0,0,0,0,0,0,0,0
-0.0065005230500325,0.4735310562825394,-0.5221928679711283,0,1,1,0,0,0,0,0,0,1,0,1
-0.0418613339769486,-0.3815965818380978,1.3190782082129364,1,1,1,1,1,0,0,0,0,0,0,1
1.4504840065269358,1.002895784642934,1.0149693571825356,1,1,0,1,1,1,0,1,0,0,0,0
-0.9654557149495308,-1.1552834925186746,-1.4827115340671475,0,0,1,1,0,0,0,0,0,0,1,0
-0.6016562802603855,0.6364125111626608,-1.4926823160681442,0,0,0,0,0,0,0,0,0,0,1,0
-0.0695676212659108,-0.2187151269579764,0.5546515881365197,1,1,1,0,1,0,0,0,0,0,0,0
-0.9615512461197966,-1.2774445836787656,1.179487260198982,1,1,0,0,0,0,0,0,0,0,0,1
1.216965887704519,0.758573602322752,1.1379423351948288,1,1,1,0,0,0,0,0,0,0,0,1
-0.8985944436335717,-1.1960038562387048,0.8886727851699104,1,1,0,1,0,0,0,0,0,0,0,1
1.1437515823605178,0.8400143297628127,0.9534828681763892,1,1,1,1,0,0,0,1,0,1,0,1
-0.9140137866391328,-0.8702409464784621,-1.479387940066815,0,0,0,0,0,0,0,0,1,0,1,0
1.7765402425286492,1.5322605130033284,0.7906267621601091,0,1,0,1,1,0,1,1,0,0,0,1
-0.7783720983112431,-1.0331224013585834,0.1691146840979788,1,1,0,0,0,0,0,0,0,0,0,0
-0.5971341553445915,-0.8702409464784621,0.3020584441112687,1,1,1,0,0,0,0,1,0,0,0,0
0.912770265320132,0.7992939660427822,0.642726829145324,1,0,1,1,0,0,1,0,0,0,0,0
-0.5967591498637697,0.5549717837226001,-1.4893587220678115,0,1,0,1,0,1,0,0,1,0,1,0
-0.9880883986744315,-1.2774445836787656,-0.8196545310008642,0,0,1,1,0,1,0,1,0,0,0,0
1.5011318055838287,1.6137012404433893,0.4549437681265523,0,0,0,1,1,0,1,1,0,0,0,1
0.847298720197807,0.5142514200025698,0.9684390411778844,1,1,0,0,1,0,0,0,0,0,0,1
-0.6480466641526529,-0.1779947632379461,-1.152013931034089,0,1,0,0,0,0,0,1,0,0,0,0
1.6311263525534585,1.369379058123207,0.8188773111629334,1,0,0,0,0,0,0,0,0,0,0,1
0.0057423029415073,-0.3815965818380978,1.1695164781979852,1,1,0,0,0,0,1,0,0,1,0,1
-0.9257051339824052,-1.2367242199587352,0.6942425361504742,1,1,1,0,0,0,0,0,0,0,0,0
-0.9748087928241488,-1.2774445836787656,0.180747263099142,1,1,1,0,1,0,0,0,0,0,0,0
0.4563665360138977,0.188488510242327,1.0133075601823696,1,1,1,1,0,1,0,0,0,0,0,1
-0.6046342649610303,-0.8295205827584317,0.4499583771260538,1,1,1,0,0,1,1,0,0,0,0,0
-0.9289257692882876,-1.1960038562387048,-0.005374000919464,0,0,1,0,0,0,0,1,0,0,0,0
-0.1543188599316698,-0.0965540357978854,-0.0086975949197961,0,0,0,0,0,1,0,0,0,1,0,0
-0.7491437299530623,-0.8702409464784621,-0.4573827849646494,0,0,0,1,0,1,1,0,0,0,0,0
1.4839918491956727,0.880734693482843,1.3506523512160928,1,1,0,0,0,0,1,1,0,1,0,1
1.1972229520965405,0.7992939660427822,1.109691786192005,1,0,0,1,0,1,1,0,0,0,0,1
2.3578869743863824,1.6137012404433893,1.5002140812310438,1,1,1,0,0,0,1,1,0,0,0,1
1.3791667877329747,0.7178532386027215,1.4919050962302134,1,1,0,1,0,0,1,1,0,0,0,1
-0.8753882221144726,-0.6666391278783103,-1.5093002860698053,0,0,0,0,0,0,0,0,0,1,1,0
1.7172011399750595,1.5729808767233588,0.719169491152966,1,1,0,0,0,0,0,1,0,0,0,0
-0.8621968528479126,-1.1552834925186746,0.2987348501109366,1,1,1,1,0,1,0,0,0,0,0,0
-0.5992738924998696,-0.748079855318371,0.1624674960973147,0,1,1,0,0,0,0,1,0,0,0,1
-0.9729999428578312,-1.2774445836787656,0.3170146171127639,1,1,0,0,0,0,0,1,1,0,0,0
0.0394045596317594,-0.3001558543980371,1.15456030519649,1,1,1,0,0,0,0,0,0,0,0,1
-0.9751837983049708,-1.2774445836787656,0.1524967140963176,1,1,1,0,0,0,0,0,0,0,0,0
-0.9196168097055312,-1.1552834925186746,-0.3477041829536853,0,0,1,0,0,0,0,0,0,0,0,1
-0.7575262054067292,-0.9924020376385532,0.1724382780983114,1,1,0,0,1,0,0,0,0,0,0,0
-0.5119417337602186,-0.3815965818380978,-0.5088984919697991,0,1,1,0,0,1,0,1,0,1,0,0
0.5016760217555606,-0.0151133083578247,1.305783832211607,1,1,0,0,0,0,0,0,0,1,0,1
-0.964860118009402,-1.1145631287986442,-1.4760643460664828,0,0,0,0,0,0,0,0,1,0,1,0
-0.4430069027267733,0.8400143297628127,-1.3181936310507012,0,0,0,1,1,0,0,0,0,0,1,0
-0.8054827886600765,-0.3815965818380978,-1.4577845790646555,0,0,0,1,0,1,0,0,1,0,1,0
-0.4993680205797181,1.0843365120829946,-1.504314895069307,0,0,0,1,0,1,0,0,1,0,1,0
0.1035746151441728,-0.3001558543980371,1.1213243651931677,1,1,1,1,1,0,0,0,0,0,0,1
-0.9747646745322872,-1.2774445836787656,0.184070857099474,1,1,1,1,1,0,0,0,0,0,0,0
2.119052601394667,1.3286586944031769,1.4254332162235683,1,1,0,1,0,0,0,1,0,0,0,1
-0.684664846397619,-0.748079855318371,-0.4424266119631542,0,0,0,0,0,0,0,0,0,1,0,0
1.131927880141661,1.002895784642934,0.6560212051466532,0,1,1,1,0,1,1,1,0,0,0,1
0.4053878497680442,0.4328106925625091,0.3469269631157543,1,1,1,0,0,0,1,0,0,0,0,0
-0.5435524898789151,-0.8702409464784621,0.82884809316393,1,0,0,0,1,0,0,0,0,0,0,1
0.0959421506521497,-0.055833672077855,0.4798707231290441,0,0,0,0,0,0,0,1,1,0,0,1
-0.974411728197396,-1.2774445836787656,0.2106596091021319,1,0,0,0,0,0,0,0,1,0,0,0
-0.6837383622685295,-0.8702409464784621,-0.1167143999305941,0,1,1,0,0,0,0,0,0,1,0,0
-0.5608248011426552,-0.9109613101984924,1.1229861621933337,1,0,1,0,0,0,1,0,0,0,0,1
0.4344618041047101,0.2292088739623573,0.6477122201458225,1,1,0,0,0,0,0,1,0,0,0,0
0.4080570064256593,-0.0151133083578247,1.156222102196656,1,1,0,1,0,1,1,0,0,0,0,1
-0.915535867708351,-0.9516816739185228,-1.4461520000634926,0,1,0,1,1,0,0,0,1,0,1,0
-0.8280492949471852,-0.4630373092781585,-1.4710789550659844,0,0,0,0,0,0,0,0,0,0,1,0
-0.7695925582308236,-0.1779947632379461,-1.479387940066815,0,0,0,0,0,1,0,0,1,0,1,0
2.077846116796114,1.4100994218432374,1.3506523512160928,1,1,1,1,0,1,0,0,0,1,0,1
-0.9968458796089206,-1.2774445836787656,-1.479387940066815,0,1,0,0,0,0,0,0,1,0,1,0
-0.1949297475900931,-0.3001558543980371,0.4516201741262198,0,1,0,0,0,0,1,1,0,0,0,0
-0.9692278289036812,-1.1552834925186746,-1.4727407520661506,0,0,0,0,0,0,0,0,0,0,1,0
-0.996956175338574,-1.2774445836787656,-1.4876969250676455,0,0,0,0,0,0,0,0,1,0,1,0
1.3301072471830926,1.125056875803025,0.8205391081630994,1,0,1,1,1,0,0,0,0,0,0,1
-0.8767779483081068,-0.748079855318371,-1.4744025490663168,0,0,0,1,0,0,0,0,1,0,1,0
-0.8288213650547598,-1.1145631287986442,0.6859335511496436,1,1,1,1,0,0,0,1,0,0,0,0
0.4105717490617593,1.2879383306831464,-0.4956041159684701,0,0,1,1,0,1,0,1,0,0,0,1
1.5011318055838287,0.8400143297628127,1.3556377422165908,1,0,1,0,0,0,0,0,0,0,0,1
0.8271366608171451,0.9214550572028734,0.3818247001192428,0,0,1,1,1,1,1,1,0,1,0,0
-0.9574261858307552,-1.1145631287986442,-1.4893587220678115,0,0,0,0,0,0,0,0,1,0,1,0
0.3979759767353283,-0.0965540357978854,1.3606231332170895,1,1,0,1,1,0,1,1,0,0,0,0
-0.9304037320656446,-1.2367242199587352,0.966777244177718,1,1,1,0,1,0,0,0,0,0,0,1
0.6922449834508995,1.4508197855632678,-0.2945266789483693,0,0,0,1,0,0,1,1,0,1,0,0
-0.764518954666762,-0.3001558543980371,-1.3082228490497043,0,1,0,1,0,1,0,0,0,0,1,0
-0.9020797886906228,-1.1960038562387048,0.6493740171459885,1,0,1,0,0,0,0,0,0,0,0,1
0.7144144251112554,0.0663274190822359,1.7112623002521414,1,0,0,0,0,0,1,1,0,1,0,1
-0.5086769801624745,0.9621754209229036,-1.4893587220678115,0,0,0,1,0,0,0,0,0,1,1,0
-0.895682636370719,-1.0331224013585834,-0.9725398550161476,0,1,0,0,0,0,0,1,0,1,0,0
-0.9504113774247918,-1.1145631287986442,-1.3198554280508674,0,0,0,1,0,1,0,0,1,0,0,0
-0.9422936117222932,-1.2367242199587352,0.1724382780983114,1,0,0,1,0,1,0,0,1,0,0,0
-0.473272050943697,-0.62591876415828,0.2006888271011353,1,1,1,0,0,0,0,0,0,0,0,0
1.7192305814006843,1.125056875803025,1.217708591202803,1,1,0,0,1,0,1,0,0,1,0,1
-0.6227889420619985,0.4735310562825394,-1.491020519067978,0,0,0,0,0,1,0,0,1,0,1,0
-0.9748970294078716,-1.2774445836787656,0.1741000750984774,1,0,1,1,0,0,0,0,0,0,0,0
-0.7825853951840073,-0.2594354906780068,-1.4860351280674795,0,1,0,1,0,1,0,0,0,1,1,0
1.6280160129772296,1.002895784642934,1.435403998224565,1,0,1,1,0,0,0,1,0,0,0,1
-0.5446333880295197,-0.5444780367182193,-0.2180840169407275,0,0,1,0,0,0,0,0,0,1,0,0
0.7120099782048087,0.3513699651224484,0.9817334171792133,1,1,0,1,0,1,1,0,0,0,0,0
-0.8445715952492813,-1.1552834925186746,0.893658176170409,1,1,1,1,0,0,0,0,0,0,0,0
2.7343924771316126,1.5729808767233588,1.7910285562601154,1,1,1,0,0,0,1,1,0,0,0,1
-0.6299802236354075,-0.8702409464784621,0.4399875951250571,1,1,0,0,0,1,0,0,1,0,0,0
1.8506369137098788,1.5322605130033284,0.9119379431722362,0,1,0,1,1,0,1,1,0,0,0,1
-0.941190654425758,-1.1552834925186746,-0.7432118689932226,0,0,0,0,0,0,1,1,1,0,0,0
-0.980125046993448,-1.1960038562387048,-1.4943441130683104,0,1,0,0,0,0,0,0,1,0,1,0
-0.4415951173872083,1.1657772395230557,-1.479387940066815,0,0,0,1,0,0,0,0,0,0,1,0
-0.9522864048289016,-1.1960038562387048,-1.274986909046382,0,1,0,0,0,1,0,0,1,0,1,0
-0.2485114130557694,0.3106496014024181,-0.7448736659933887,0,1,1,1,0,0,1,0,0,1,0,0
0.9865360493124014,0.6771328748826912,0.8670694241677506,1,1,0,0,1,0,0,0,0,0,0,1
-0.9971988259438118,-1.2774445836787656,-1.505976692069473,0,0,0,0,0,0,0,0,1,0,1,0
-0.0359274237215895,-0.3815965818380978,0.8753784091685812,0,1,0,1,0,1,1,1,0,0,0,1
-0.7319155369811837,0.1477681465222966,-1.502653098069141,0,0,0,0,0,0,0,0,1,1,1,0
0.675369736813912,0.188488510242327,1.1728400721983174,1,1,1,0,0,0,0,0,0,0,0,1
-0.7374744417557206,-0.8702409464784621,-0.3227772279511935,0,1,0,1,0,0,0,0,0,0,0,0
-0.7438274757837631,-0.8295205827584317,-0.4823097399671412,0,0,0,0,0,0,0,1,0,0,0,0
-0.9696248935304336,-1.2774445836787656,0.5712695581381809,1,1,1,0,0,0,0,0,0,0,0,1
-0.9858604249354308,-1.2774445836787656,-0.6518130339840859,0,0,1,0,0,0,0,0,0,0,0,0
-0.9783161970271304,-1.2367242199587352,-0.9991286070188056,0,1,1,0,0,0,0,0,0,0,0,1
-0.6960694248437922,-0.1372743995179157,-1.3165318340505352,0,0,1,0,0,0,0,0,0,0,1,0
-0.9708381465566224,-1.2774445836787656,0.4798707231290441,1,1,1,0,1,0,0,0,0,0,0,0
-0.9100872586634676,-1.1145631287986442,-0.5172074769706297,0,1,1,0,0,0,0,1,0,0,0,0
1.1508105090583425,1.6137012404433893,0.1325551500943243,0,0,0,1,0,1,1,0,0,0,0,1
2.5231540956992053,1.6137012404433893,1.5085230662318745,1,1,1,1,0,0,0,1,0,0,0,1
2.326739460332231,1.4508197855632678,1.5301264272340338,1,1,0,1,0,0,1,0,0,0,0,1
1.2970405874329691,0.9621754209229036,1.0664850641876853,1,1,1,0,1,0,1,0,0,0,0,1
-0.4456540002384576,-0.3408762181180675,-0.454059190964317,0,1,0,0,0,0,0,1,0,0,0,0
-0.9098004897663684,-1.1960038562387048,0.5097830691320341,1,0,0,0,0,0,0,1,0,0,0,0
0.4560356488249372,0.3920903288424788,0.50313588113137,1,0,1,0,0,0,0,0,0,0,0,0
-0.6915472999279981,-0.8702409464784621,0.1524967140963176,0,1,1,0,0,0,0,0,0,0,0,1
2.257275209796448,1.2879383306831464,1.6697173752479884,1,1,1,1,0,0,1,1,0,1,0,1
0.9949405839119988,0.3513699651224484,1.5683477582378549,1,1,1,1,1,1,0,1,0,1,0,1
2.105420049209493,1.369379058123207,1.4154624342225712,1,1,0,1,1,0,0,1,0,1,0,1
-0.4844119196387018,-0.748079855318371,0.5712695581381809,0,0,0,1,0,0,0,1,1,0,0,1
-0.8694101935672524,-0.8295205827584317,-1.181926277037079,0,0,0,1,0,1,0,0,1,0,0,0
-0.3157476898525506,0.3106496014024181,-0.8146691400003658,0,0,0,0,0,1,1,1,1,1,0,0
-0.671098471650237,-0.9516816739185228,0.684271754149477,1,1,1,0,0,0,0,0,0,0,0,0
1.3774461743503796,1.6137012404433893,0.4798707231290441,0,0,0,1,0,0,1,1,0,0,0,0
2.3225041043135355,1.6137012404433893,1.3539759452164248,1,1,1,1,0,0,1,0,0,0,0,1
-0.5996709571266223,-0.62591876415828,-0.3128064459501966,0,1,0,1,0,1,1,1,0,0,0,0
0.997014143629485,1.4508197855632678,-0.0136829859202946,0,0,0,0,0,0,1,1,0,0,0,1
0.2396795455366072,-0.055833672077855,0.8155537171626008,1,0,1,1,0,1,1,1,0,0,0,0
-0.7613424376527408,-1.0331224013585834,0.3635449331174155,0,1,1,1,0,1,1,1,0,0,0,0
0.0104188418788162,-0.0151133083578247,0.3369561811147576,1,1,1,1,1,0,0,0,0,0,0,0
-0.4668528394778626,-0.3815965818380978,-0.3493659799538514,0,0,1,1,0,0,0,1,0,0,0,0
-0.8934987809235794,-0.7888002190384014,-1.4727407520661506,0,1,0,1,0,1,0,0,1,0,1,0
-0.8051960197629773,-0.5851984004382496,-1.3115464430500368,0,0,0,0,0,1,0,0,0,0,1,0
-0.97516173915904,-1.2774445836787656,0.1541585110964841,1,1,0,1,0,0,0,0,1,0,0,0
-0.6682969601170378,-0.9924020376385532,0.6693155811479823,1,1,1,1,0,0,0,0,0,0,0,1
-0.8062107404757897,-0.4223169455581282,-1.462769970065154,0,0,0,1,0,1,0,0,0,1,1,0
-0.9186903255764416,-0.9516816739185228,-1.5009913010689746,0,0,0,1,0,1,0,0,1,0,1,0
-0.9678381027100468,-1.2774445836787656,0.7058751151516368,1,1,1,0,1,0,0,0,0,0,0,1
-0.5541188207797216,-0.2594354906780068,-0.8246399220013625,0,1,0,0,0,1,0,0,0,1,0,0
-0.6473628306288011,-0.5851984004382496,-0.6102681089799328,0,0,0,1,0,1,0,0,0,1,0,0
1.5152275998335476,1.6137012404433893,0.5131066631323666,0,0,0,1,0,1,1,1,0,0,0,0
-0.9629409723134308,-1.2367242199587352,-0.6700928009859131,0,0,1,1,0,0,0,0,0,0,0,1
-0.7758794148210738,-1.0331224013585834,0.328647196113927,0,1,1,0,0,0,0,1,0,0,0,1
-0.8889545968618547,-1.0331224013585834,-0.979187043016812,0,0,0,0,0,0,1,0,1,1,0,0
-0.8554026359012562,-0.7073594915983407,-1.505976692069473,0,1,0,1,0,0,0,0,0,0,1,0
0.484447828783682,1.5729808767233588,-0.5703849809759457,0,1,0,1,0,0,1,1,0,0,0,0
-0.1547379837043532,-0.2187151269579764,0.3652067301175816,1,1,0,1,0,1,0,0,0,0,0,0
0.4197042354770702,0.5549717837226001,0.1940416391004707,0,0,0,1,0,0,1,1,1,1,0,1
-0.7458127989175263,-0.055833672077855,-1.4843733310673135,0,0,0,0,0,1,0,0,0,1,1,0
0.6739579514743469,0.758573602322752,0.4233696251233959,1,1,1,1,1,0,1,0,0,0,0,0
-0.3860722470796301,-0.3001558543980371,-0.1466267459335843,0,0,1,1,0,1,0,0,0,0,0,0
-0.795070871780785,-0.3001558543980371,-1.51594747407047,0,1,0,1,0,1,0,0,1,0,1,0
2.4659106120090324,1.5322605130033284,1.6049072922415093,1,1,0,1,0,1,1,1,0,0,0,1
-0.3474908008468315,1.6137012404433893,-1.46443176706532,0,0,0,1,0,0,0,0,0,0,1,0
-0.9745220239270496,-1.2774445836787656,0.2023506241013013,1,0,0,1,1,0,0,0,1,0,0,0
-0.9497054847550094,-1.1960038562387048,-0.6567984249845842,0,0,1,0,1,0,0,0,0,0,0,0
-0.2260552024983143,-0.3001558543980371,0.2056742181016338,1,0,0,0,0,0,0,0,1,0,0,0
0.2595548360201702,0.3513699651224484,0.182409060099308,1,0,0,0,0,0,0,0,0,0,0,0
-0.996735583879267,-1.2774445836787656,-1.4710789550659844,0,1,0,1,0,1,0,0,1,0,1,0
2.218804059293303,1.5322605130033284,1.330710787214099,1,1,1,1,1,0,0,0,0,1,0,1
1.6566929026871429,1.0843365120829946,1.1728400721983174,1,1,0,1,0,0,0,1,1,0,0,1
-0.9090063605128632,-0.8295205827584317,-1.5093002860698053,0,1,0,0,0,0,0,0,0,1,1,0
-0.983455978028984,-1.2367242199587352,-1.5076384890696393,0,0,0,0,0,0,0,0,1,0,1,0
-0.7676072350970603,-0.9516816739185228,-0.2081132349397309,0,0,0,0,0,0,1,1,1,0,0,1
-0.2610851262362699,-0.5851984004382496,0.9950277931805424,1,1,1,1,0,0,0,0,0,0,0,1
-0.9946399650158504,-1.2774445836787656,-1.3132082400502028,0,0,0,0,0,0,0,0,0,0,0,0
-0.644031899593265,0.4735310562825394,-1.502653098069141,0,0,0,0,0,1,0,0,0,0,1,0
-0.5763103215860084,-0.7888002190384014,0.4998122871310375,1,1,1,0,0,0,0,0,0,0,0,0
0.347416414262158,0.1477681465222966,0.6693155811479823,1,1,1,0,0,0,0,0,0,0,0,1
-0.5160447349033292,0.8400143297628127,-1.491020519067978,0,0,0,1,0,0,0,0,0,0,1,0
2.6701341850354763,1.6137012404433893,1.653099405246327,1,1,0,1,1,0,1,1,1,0,0,1
-0.7893134346928715,-0.3408762181180675,-1.451137391063991,0,1,0,1,0,1,0,0,0,0,1,0
0.5022716186956895,0.7178532386027215,0.1574821050968162,0,0,0,0,0,0,0,1,0,0,0,1
-0.7016503887642599,-0.055833672077855,-1.4577845790646555,0,0,0,0,0,0,0,0,0,0,1,0
2.5581399011453,1.5729808767233588,1.6747027662484868,1,1,0,1,0,0,1,1,0,0,0,1
-0.2365774151072594,-0.62591876415828,1.3107692232121058,1,1,1,1,0,1,1,0,0,0,0,1
0.2769815613054252,1.125056875803025,-0.5088984919697991,0,1,0,1,1,0,0,0,0,0,0,1
-0.533405282750792,-0.62591876415828,-0.0934492419282683,0,1,0,1,0,1,0,1,1,1,0,0
-0.9417421330740255,-1.2367242199587352,0.4881797081298748,1,1,1,0,0,0,0,0,0,0,0,0
-0.1356127041824342,-0.2187151269579764,0.3203382111130964,1,0,0,1,0,1,1,0,1,0,0,0
-0.981316240873706,-1.2774445836787656,-0.3094828519498643,0,1,1,0,0,0,0,0,0,0,0,1
-0.315791808144412,1.2064976032430856,-1.2949284730483754,0,1,0,0,0,0,0,0,0,0,1,0
1.4777049926054224,1.2879383306831464,0.8471278601657574,1,0,0,1,0,1,0,0,0,1,0,1
-0.3939032438850295,1.4508197855632678,-1.4860351280674795,0,0,0,0,0,0,0,0,0,0,1,0
-0.6897163908157498,0.0663274190822359,-1.4660935640654862,0,0,0,1,0,1,0,0,1,0,1,0
-0.9488010597718504,-1.0331224013585834,-1.479387940066815,0,0,0,0,0,0,0,0,1,1,1,0
1.1394721080499617,0.8400143297628127,0.8770402061687477,1,1,1,1,0,0,0,1,0,1,0,1
-0.6362891393715884,-0.8295205827584317,0.1691146840979788,0,1,0,0,0,1,1,0,1,0,0,1
-0.6658483949187297,-0.9516816739185228,0.7141841001524675,1,0,1,0,0,0,0,1,0,0,0,0
-0.2734161888115325,-0.5444780367182193,0.85876043916692,1,1,1,0,1,0,1,0,0,0,0,0
0.1214645824939726,0.7992939660427822,-0.5305018529719588,0,1,0,0,1,0,1,0,0,0,0,1
-0.4992577248500646,-0.8295205827584317,1.0398963121850275,1,1,1,0,0,0,0,0,0,0,0,1
-0.5611556883316158,0.758573602322752,-1.517609271070636,0,0,1,0,0,0,0,0,0,1,1,0
2.229877750550516,1.6137012404433893,1.1927816362003112,1,0,0,1,0,0,1,0,0,0,0,0
-0.9725367007932864,-1.2774445836787656,0.3519123541162524,1,1,1,0,0,1,0,0,0,0,0,0
1.3937699423390997,0.6364125111626608,1.7511454282561283,1,0,1,1,1,0,1,1,0,0,0,1
-0.9919487492123046,-1.2774445836787656,-1.1104690060299358,0,1,0,0,0,1,0,0,1,0,0,0
-0.7087534337539461,-1.0331224013585834,1.1645310871974868,1,1,1,0,0,0,0,0,0,0,0,1
-0.2967106469143544,-0.62591876415828,0.9850570111795456,1,0,1,1,0,1,1,0,0,0,0,0
2.2517824824597032,1.369379058123207,1.6464522172456624,1,1,0,0,0,0,1,1,0,1,0,1
1.9489104088311584,1.6137012404433893,0.8836873941694119,0,1,0,0,0,0,1,1,0,0,0,1
-0.0382656931902441,-0.2594354906780068,0.5297246331340278,1,1,1,0,0,0,0,0,0,0,0,0
-0.97233816847991,-1.2774445836787656,0.3668685271177476,1,0,1,0,0,0,0,0,0,0,0,0
1.0519855352887957,0.5549717837226001,1.0266019361836989,1,1,0,0,0,0,1,0,0,1,0,0
-0.71484175803082,-0.9924020376385532,0.6942425361504742,1,1,0,1,0,0,0,0,0,0,0,1
-0.7905928651568523,-0.9924020376385532,-0.1582593249347472,0,1,1,0,0,0,1,0,0,0,0,0
1.5445662639213815,1.0436161483629645,1.1346187411944968,1,1,1,1,1,0,0,0,0,0,0,1
1.703458292060232,1.4100994218432374,0.9202469281730667,1,1,0,0,1,0,1,1,0,0,0,0
-0.265452837130549,1.4915401492832985,-1.3348116010523623,0,0,0,0,0,0,0,0,0,0,1,0
-0.5646851516805281,-0.8295205827584317,0.6743009721484804,1,1,0,1,0,0,0,0,0,0,0,1
0.6211924744081067,1.4508197855632678,-0.3427187919531868,0,0,0,0,0,0,1,0,1,0,0,0
0.622714555477325,0.2292088739623573,1.0083221691818711,1,1,0,0,0,0,0,0,0,0,0,1
-0.9804559341824084,-1.2367242199587352,-1.491020519067978,0,0,1,0,0,0,0,0,0,0,1,0
-0.8739984959208383,-1.0738427650786138,-0.6567984249845842,0,0,0,0,0,0,0,0,0,0,0,1
-0.5607586237048631,0.880734693482843,-1.4993295040688086,0,0,0,0,0,0,0,0,0,0,1,0
-0.9404627026100448,-1.1960038562387048,-0.6651074099854147,0,0,0,0,0,0,0,0,1,0,0,0
-0.2334008980932382,1.6137012404433893,-1.3364733980525287,0,0,1,1,0,0,0,0,0,0,1,0
0.4005568968092204,0.2292088739623573,0.642726829145324,0,0,0,0,0,0,1,0,0,1,0,1
-0.7945635114243788,-0.3815965818380978,-1.4744025490663168,0,0,0,1,0,1,0,0,0,0,1,0
-0.8894619572182608,-0.748079855318371,-1.4976677070686424,0,1,0,1,0,1,0,0,1,0,1,0
0.7565032755470356,0.2699292376823877,1.285842268209614,1,1,1,0,0,0,0,0,0,0,0,1
-0.9970223527763662,-1.2774445836787656,-1.4926823160681442,0,0,0,0,0,1,0,0,1,0,1,0
1.0937214393896846,1.6137012404433893,0.0694068640880114,0,0,0,1,0,1,1,1,0,0,0,0
-0.7360185381242943,-0.3815965818380978,-1.3181936310507012,0,0,0,1,0,1,0,0,1,0,1,0
0.1678549663862398,-0.3001558543980371,1.2642389072074542,1,1,0,0,1,0,1,0,1,0,0,1
-0.6288110889010803,-0.8295205827584317,0.3685303241179136,0,1,0,0,0,0,0,1,1,1,0,1
-0.9003371161620971,-0.8295205827584317,-1.5142856770703037,0,1,1,1,0,1,0,0,0,0,1,0
-0.6284360834202584,-0.9109613101984924,0.6809481601491449,1,1,1,1,0,0,0,0,0,0,0,1
-0.4979562352401532,-0.0151133083578247,-0.9476129000136556,0,1,0,1,0,1,0,1,1,1,0,0
-0.8266375096076202,-0.5037576729981889,-1.4860351280674795,0,0,0,1,0,1,0,0,1,0,1,0
1.1638474643033878,0.6771328748826912,1.1927816362003112,1,0,0,0,0,0,0,1,0,0,0,1
1.0846771895580969,0.7992939660427822,0.8803638001690798,1,0,1,0,0,0,1,0,0,1,0,0
1.6413617962653049,1.369379058123207,0.8022593411612722,1,1,0,0,0,0,0,0,0,1,0,0
-0.9749632068456636,-1.2774445836787656,0.1691146840979788,1,1,1,0,0,0,0,0,0,0,0,0
-0.8818074335803071,-1.1552834925186746,0.1873944510998066,1,0,1,0,0,0,0,0,0,0,0,0
-0.9319699314267244,-1.2367242199587352,1.0266019361836989,1,0,1,0,0,0,0,0,0,0,0,1
-0.9926105235902256,-1.2774445836787656,-1.160322916034919,0,1,1,1,0,0,0,0,0,0,0,0
0.1666858316519127,0.2292088739623573,0.1724382780983114,0,0,1,0,0,0,1,1,0,0,0,0
-0.0368097895588176,0.6364125111626608,-0.6567984249845842,0,0,0,1,0,1,1,0,0,1,0,1
-0.9666027905379272,-1.2774445836787656,0.7989357471609396,1,1,1,0,1,0,0,0,0,0,0,0
-0.7644748363749005,-1.0331224013585834,0.6659919871476498,1,1,1,0,1,0,0,0,0,0,0,0
-0.9688307642769284,-1.1145631287986442,-1.481049737066981,0,0,0,0,0,1,0,0,1,0,1,0
-0.7714455264890026,-0.8702409464784621,-0.454059190964317,0,0,1,0,0,0,0,0,0,0,0,0
-0.990956087645423,-1.2367242199587352,-1.4694171580658184,0,1,0,0,0,0,0,0,1,0,1,0
-0.8237477614906982,-0.62591876415828,-1.3165318340505352,0,1,0,1,0,1,0,0,1,0,1,0
-0.3446451710217709,-0.055833672077855,-0.5172074769706297,0,1,0,1,0,0,0,1,1,0,0,0
-0.303262213255773,-0.5037576729981889,0.5862257311396761,1,0,1,1,0,0,1,0,0,0,0,0
-0.480242741057799,-0.5037576729981889,-0.184848076937405,0,0,0,0,0,0,1,1,0,0,0,0
-0.8683072362707172,-0.7073594915983407,-1.4960059100684764,0,0,0,0,0,0,0,0,1,0,1,0
2.0742725351553406,1.369379058123207,1.3722557122182522,1,1,0,1,0,0,1,0,0,0,0,1
-0.90324892342495,-0.8295205827584317,-1.4843733310673135,0,1,0,1,0,1,0,0,0,0,1,0
2.264378254786134,1.5729808767233588,1.307445629211773,1,1,0,1,0,0,1,0,0,1,0,1
-0.4617351176219396,-0.2594354906780068,-0.641842251983089,0,0,1,0,0,0,0,0,0,0,0,0
0.6450604703051267,0.2292088739623573,1.2093996062019725,1,0,1,1,1,1,0,0,0,0,0,1
0.3195998312435423,-0.1372743995179157,1.1213243651931677,1,1,1,1,1,0,0,0,0,0,0,1
-0.4959488529604592,-0.7073594915983407,0.3901336851200734,0,0,0,1,0,1,0,1,0,0,0,1
1.0614047906012054,1.6137012404433893,-0.0552279109244475,0,1,0,1,1,0,1,1,0,0,0,1
-0.5304052389042165,-0.055833672077855,-0.9758634490164798,0,0,0,1,0,1,1,1,0,0,0,0
-0.7275698852328354,-0.3001558543980371,-1.304899255049372,0,0,0,1,0,1,0,0,0,0,1,0
-0.813159371443961,-0.9924020376385532,-0.183186279937239,0,1,1,0,0,0,0,0,0,0,0,0
-0.2835854550855864,-0.1372743995179157,-0.3128064459501966,0,1,0,1,0,1,1,1,0,1,0,1
-0.9724705233554942,-1.2774445836787656,0.356897745116751,0,1,1,0,0,0,0,1,0,0,0,1
2.508661236822734,1.6137012404433893,1.5733331492383529,1,0,0,1,0,0,1,1,0,0,0,1
-0.3783956642957457,-0.4223169455581282,-0.1200379939309264,0,0,0,1,0,1,1,0,1,0,0,0
-0.8638512887927152,-0.748079855318371,-1.328164413051698,0,1,0,0,0,0,0,0,0,1,1,0
-0.9479628122264836,-1.2367242199587352,0.2821168801092754,1,1,0,0,0,0,0,0,0,0,0,0
-0.6769662044678039,0.3106496014024181,-1.4744025490663168,0,1,0,1,0,1,0,0,0,0,1,0
-0.967970457585631,-1.2774445836787656,0.6959043331506402,1,1,1,0,1,0,0,0,0,0,0,0
-0.8931237754427575,-0.8295205827584317,-1.4727407520661506,0,0,0,0,0,0,0,0,1,0,1,0
-0.0296405671313393,-0.2187151269579764,0.5629605731373504,0,0,1,0,0,0,1,1,0,1,0,1
-0.4637204407557028,-0.1372743995179157,-0.6567984249845842,0,1,1,1,1,0,1,0,0,0,0,1
-0.9645071716745106,-1.2774445836787656,0.9568064621767214,1,1,1,0,1,0,0,0,0,0,0,1
-0.9968238204629898,-1.2774445836787656,-1.477726143066649,0,0,0,0,0,0,0,0,1,0,1,0
-0.6556791286446759,-0.9109613101984924,0.4815325201292102,1,1,1,0,1,0,0,0,0,0,0,1
-0.2367759474206357,-0.5444780367182193,1.0648232671875193,1,1,1,1,0,0,0,0,0,0,0,1
-0.5803250861453962,-0.9109613101984924,0.8753784091685812,1,1,1,0,0,1,0,1,0,0,0,0
-0.9439701068130268,-1.2367242199587352,0.3136910231124318,1,1,1,1,1,0,0,0,0,0,0,0
1.8480559936359868,1.6137012404433893,0.8703930181680831,0,1,0,1,0,0,1,1,0,0,0,1
-0.8646674771921513,-1.1552834925186746,0.5114448661322006,1,1,1,0,0,0,1,0,0,0,0,0
-0.6811133239027758,0.2292088739623573,-1.481049737066981,0,0,0,0,1,0,0,0,1,0,1,0
-0.4681763882337048,-0.8295205827584317,1.2160467942026365,1,1,1,1,1,0,0,0,0,0,0,1
1.9376602444065,1.4915401492832985,1.0116457631822036,1,1,0,1,0,1,0,1,0,0,0,1
0.1139644728775338,-0.0965540357978854,0.720831288153132,1,0,1,1,0,1,0,0,0,1,0,1
0.4351015193367004,1.002895784642934,-0.2413491749430533,0,1,0,1,0,0,0,1,0,0,0,1
-0.5001621498332234,0.8400143297628127,-1.4577845790646555,0,0,0,1,0,1,0,0,1,0,1,0
-0.8326155381548406,-1.1145631287986442,0.6626683931473177,1,1,1,0,1,0,0,0,0,0,0,0
-0.5676190180893116,0.4328106925625091,-1.3397969920528607,0,1,0,1,0,1,0,0,0,1,1,0
1.3432986164496523,1.3286586944031769,0.6460504231456565,0,1,0,1,0,1,0,1,0,0,0,1
-0.4023518967764886,-0.3408762181180675,-0.238025580942721,0,0,1,1,0,1,1,0,0,1,0,1
-0.9010871271237412,-0.8702409464784621,-1.4727407520661506,0,1,0,0,0,0,0,0,0,0,1,0
0.5827654421968229,0.5142514200025698,0.464914550127549,0,0,0,1,0,1,0,0,0,1,0,1
0.6031260338908614,0.188488510242327,1.0415581091851935,1,1,0,0,0,0,0,0,0,0,0,1
0.1188395441282189,0.4735310562825394,-0.3277626189516918,0,1,0,1,0,1,0,1,0,0,0,0
-0.8124314196282477,-0.7073594915983407,-1.1653083070354178,0,1,1,0,0,0,0,1,0,0,0,0
0.3048863809077638,-0.0151133083578247,0.9551446651765552,1,1,1,1,1,0,0,0,0,0,0,1
0.0968686347812393,0.4328106925625091,-0.2862176939475387,0,0,1,1,0,1,0,0,0,0,0,0
0.0362059834718075,-0.2594354906780068,0.8654076271675846,1,1,1,1,0,1,0,0,0,0,0,1
-0.0009195591295647,-0.2594354906780068,0.8105683261621028,1,1,1,0,1,0,0,0,0,0,0,0
1.3536443558911515,0.7178532386027215,1.397182667220744,1,1,1,0,1,0,0,1,0,1,0,1
-0.9970664710682277,-1.2774445836787656,-1.4960059100684764,0,0,0,0,0,1,0,0,1,0,1,0
-0.5041327961007499,-0.748079855318371,0.5214156481331973,0,0,0,1,0,1,0,1,0,0,0,1
1.482072703499702,0.880734693482843,1.302460238211275,1,1,0,0,0,0,1,0,0,1,0,1
0.2623784066992999,0.0663274190822359,0.6792863631489789,1,1,0,1,1,0,0,0,0,0,0,0
0.3262616933146144,-0.0151133083578247,1.04321990618536,1,1,0,0,1,0,0,0,0,0,0,1
1.5006244452274229,1.0436161483629645,1.182810854199314,1,0,0,1,0,0,0,0,0,1,0,1
0.2622460518237158,0.0663274190822359,0.7540672281564545,1,0,1,1,0,1,0,0,0,0,0,0
1.0521178901643795,1.6137012404433893,0.0295237360840249,0,1,0,1,0,1,1,1,0,0,0,1
-0.7881001816666828,-0.4223169455581282,-1.326502616051532,0,1,0,0,0,0,0,0,0,0,1,0
-0.1308479286614023,1.369379058123207,-1.1736172920362484,0,0,0,0,0,0,0,1,0,1,0,0
-0.8847412999890906,-1.1145631287986442,-0.2978502729487016,0,1,0,0,0,0,1,0,1,0,0,0
-0.9860368981028764,-1.2774445836787656,-0.6651074099854147,0,1,1,0,0,0,0,0,0,0,0,0
1.6716048853362973,0.9621754209229036,1.3572995392167568,1,1,0,1,0,0,1,0,0,1,0,1
-0.9722499318961872,-1.2774445836787656,0.3735157151184122,1,0,1,0,0,0,0,0,0,0,0,0
-0.9393376861675792,-1.0331224013585834,-1.4760643460664828,0,0,0,0,0,0,0,0,1,0,1,0
-0.7802250665694221,-0.2594354906780068,-1.477726143066649,0,1,1,0,0,0,0,0,0,0,1,0
-0.0576556824633315,-0.1372743995179157,0.3386179781149237,1,1,1,1,0,0,0,0,0,0,0,0
-0.7442686587023771,-0.62591876415828,-1.0090993890198023,0,0,0,1,0,0,1,0,1,0,0,0
-0.4905664213533678,-0.3408762181180675,-0.5005895069689685,0,1,0,0,0,0,0,0,1,0,0,0
-0.7671219338865848,-0.8295205827584317,-0.6966815529885713,0,0,0,0,0,0,0,0,0,0,0,0
-0.7984238619622517,-0.2187151269579764,-1.4926823160681442,0,0,0,0,0,0,0,0,0,0,1,0
-0.013140325975174,-0.4630373092781585,1.3739175092184182,1,1,1,1,0,0,0,1,0,0,0,1
0.468653480297299,0.2292088739623573,0.8089065291619363,1,1,0,0,0,0,0,0,1,1,0,1
1.837224952984012,1.247217966963116,1.2509445312061254,1,1,1,1,0,0,0,0,0,0,0,1
2.006396543126569,1.6137012404433893,1.0581760791868549,1,1,0,1,1,0,1,1,0,0,0,0
-0.1846943038782472,0.1070477828022663,-0.2629525359452129,0,0,1,1,0,0,0,1,0,0,0,0
-0.3991974389083981,-0.6666391278783103,0.8620840331672525,1,0,1,1,0,0,1,0,0,0,0,0
-0.9740146635706436,-1.1960038562387048,-1.4594463760648215,0,0,0,1,0,0,0,0,1,0,1,0
-0.9873163285668572,-1.2367242199587352,-1.4760643460664828,0,0,0,1,0,0,0,0,1,0,1,0
-0.8856898432641107,-1.1960038562387048,0.6992279271509723,1,0,1,0,0,0,0,1,0,0,0,1
-0.2263199122494827,1.5729808767233588,-1.3331498040521963,0,1,0,0,1,0,0,0,1,0,1,0
1.003896597159864,1.3286586944031769,0.2056742181016338,1,1,0,1,1,0,0,0,0,1,0,0
-0.9860148389569456,-1.2774445836787656,-0.6634456129852487,0,1,1,0,0,0,0,0,0,0,0,0
0.5275734590782054,0.188488510242327,1.1312951471941644,1,0,0,0,0,0,0,1,0,0,0,1
-0.8746161520068981,-0.7073594915983407,-1.4960059100684764,0,0,0,0,0,0,0,0,0,0,1,0
-0.914300555536232,-1.1552834925186746,-0.4590445819648154,0,1,0,0,1,0,0,0,0,0,0,1
-0.9747646745322872,-1.2774445836787656,0.184070857099474,1,1,1,0,0,0,0,0,0,0,0,0
0.0245146361285352,-0.2594354906780068,0.8321716871642622,1,0,1,0,0,0,0,0,0,0,0,0
0.8845345585288327,0.9621754209229036,0.3652067301175816,0,1,0,0,0,0,0,1,0,1,0,1
-0.204503416924018,1.5729808767233588,-1.3381351950526947,0,1,1,1,0,0,0,0,0,0,1,0
-0.6487525568224354,0.1070477828022663,-1.3065610520495383,0,0,0,1,0,1,0,0,0,0,1,0
-0.8841457030489616,-0.6666391278783103,-1.4876969250676455,0,0,0,0,0,0,0,0,1,0,1,0
-0.9844486395958658,-1.2367242199587352,-1.5126238800701377,0,0,0,0,0,1,0,0,1,0,1,0
-0.9335581899337352,-0.9516816739185228,-1.4827115340671475,0,1,0,0,0,0,0,0,1,1,1,0
0.0190219087917902,-0.3408762181180675,0.9750862291785486,1,1,1,0,0,0,0,0,0,0,0,1
-0.7528496664694204,-1.0738427650786138,0.8222009051632655,1,1,1,0,0,0,0,0,0,0,0,1
-0.4526908677903516,1.2064976032430856,-1.4926823160681442,0,0,0,0,0,0,0,0,0,0,1,0
-0.0316258902651025,0.7178532386027215,-0.721608507991063,0,1,0,0,0,1,1,0,0,1,0,0
0.2873273007469245,-0.0151133083578247,0.9451738831755588,1,1,1,1,1,0,0,0,0,0,0,1
1.3579679484935696,1.5729808767233588,0.290425865110106,0,0,0,1,0,0,1,1,0,0,0,0
-0.7018048027857748,0.1477681465222966,-1.5358890380724637,0,1,0,0,0,0,0,0,0,0,1,0
-0.9702425496164933,-1.2774445836787656,0.5247392421335293,1,1,1,1,0,0,0,0,0,0,0,0
-0.86682927349336,-0.8295205827584317,-1.274986909046382,0,0,0,1,0,1,0,0,1,1,1,0
-0.0898620355221571,0.2292088739623573,-0.3410569949530208,0,0,1,1,0,1,1,0,0,0,0,0
-0.1510320471879951,1.6137012404433893,-1.2982520670487077,0,1,0,1,1,0,0,0,0,0,1,0
1.3294895910970326,0.6771328748826912,1.435403998224565,1,1,0,1,0,1,0,1,0,0,0,1
0.5128379495964961,0.7178532386027215,0.1624674960973147,0,1,1,1,0,1,0,1,0,1,0,0
-0.904572472180792,-1.1145631287986442,-0.4590445819648154,0,1,0,0,0,0,0,0,0,0,0,1
-0.9749190885538024,-1.2774445836787656,0.1724382780983114,1,1,0,1,0,1,0,0,0,0,0,0
-0.5137726428724668,-0.7888002190384014,0.6593447991469852,1,1,1,0,0,0,0,0,0,0,0,1
-0.3479981612032377,-0.5444780367182193,0.4482965801258877,1,1,1,0,0,0,0,0,0,0,0,0
2.321732034205961,1.6137012404433893,1.3556377422165908,1,1,0,1,0,1,1,0,0,0,0,1
-0.711201998952254,-0.748079855318371,-0.6119299059800988,0,0,1,1,0,0,0,0,0,0,0,1
0.6381338984828862,0.1070477828022663,1.4486983742258936,1,1,1,0,1,0,1,0,0,1,0,1
-0.4106461356464327,-0.62591876415828,0.4698999411280475,1,0,1,1,0,0,1,0,0,0,0,0
1.87108574198764,1.6137012404433893,0.7740087921584478,0,0,0,1,0,0,1,1,0,0,0,1
-0.7782397434356589,-0.2594354906780068,-1.51594747407047,0,1,0,1,0,1,0,0,0,0,1,0
-0.9449627683799084,-1.1552834925186746,-1.034026344022294,0,1,1,0,0,0,1,0,0,0,0,0
0.7471281385264871,0.4735310562825394,0.7773323861587803,1,1,0,0,0,0,0,0,0,0,0,0
0.9051598599740396,0.7992939660427822,0.6327560471443273,1,1,0,0,0,0,0,0,0,0,0,1
0.5107864490249407,0.1070477828022663,1.1977670272008092,1,1,1,1,1,0,0,0,0,0,0,1
-0.9728234696903856,-1.2774445836787656,0.3303089931140931,1,0,1,0,1,0,0,1,0,0,0,0
0.232576500546921,-0.055833672077855,0.8354952811645946,1,1,1,0,0,0,0,0,0,0,0,1
0.7897905267564658,1.4915401492832985,-0.1665683099355778,0,1,0,1,0,1,1,0,0,0,0,0
-0.3181080184671357,-0.4630373092781585,0.2970730531107706,1,1,1,0,0,0,0,0,0,0,0,0
-0.2979018407946123,0.6364125111626608,-0.9991286070188056,0,0,0,1,0,0,0,0,1,1,0,0
0.6917155639485625,0.5549717837226001,0.6477122201458225,1,0,0,0,0,0,1,0,1,0,0,0
2.1413764570765377,1.2064976032430856,1.6713791722481544,1,1,0,0,0,0,1,1,0,1,0,1
-0.55061141657674,0.7992939660427822,-1.5093002860698053,0,0,0,1,0,1,0,0,1,0,1,0
-0.8591085724176142,-1.1552834925186746,0.53304822713436,1,0,0,0,0,1,0,1,0,0,0,0
1.0887360724093458,0.7178532386027215,0.9551446651765552,1,1,0,0,0,0,1,1,0,0,0,1
1.7056642066533023,1.0436161483629645,1.3855500882195813,1,1,1,0,0,0,1,0,0,1,0,1
-0.9948605564751573,-1.2774445836787656,-1.329826210051864,0,0,1,0,0,1,0,0,0,0,0,0
-0.9969782344845048,-1.2774445836787656,-1.4893587220678115,0,0,1,0,0,0,0,0,0,0,1,0
-0.3289831774109721,1.0843365120829946,-1.3065610520495383,0,0,0,1,0,1,0,0,1,0,1,0
-0.9643086393611344,-1.2774445836787656,0.9717626351782166,1,1,1,0,1,0,0,0,0,0,0,1
-0.6669954705071263,-0.9516816739185228,0.8504514541660894,1,1,1,1,0,1,0,0,0,1,0,0
-0.6473187123369397,0.1070477828022663,-1.3497677740538576,0,0,1,0,0,0,0,0,0,0,0,0
-0.7859604445114048,-0.9109613101984924,-0.4507355969639848,0,0,1,0,0,0,0,0,0,0,0,0
-0.3871310860843038,0.9621754209229036,-1.3497677740538576,0,0,0,1,0,1,0,0,0,0,1,0
0.8358720826057033,1.369379058123207,-0.0303009559219556,0,1,0,0,1,0,1,1,0,1,0,0
-0.2369083022962199,-0.4223169455581282,0.4798707231290441,0,1,1,1,0,0,1,1,0,0,0,1
0.0650152280573048,-0.0965540357978854,0.4831943171293762,0,1,0,0,0,0,1,0,0,1,0,1
0.548353174544927,0.5956921474426305,0.2937494591104381,0,0,1,1,0,0,0,0,0,0,0,1
-0.7170256134779596,-0.8295205827584317,-0.3477041829536853,0,1,1,0,0,0,0,1,0,0,0,0
1.1206115382792108,1.2064976032430856,0.5047976781315361,0,1,0,1,1,0,1,1,0,0,0,1
-0.9583085516679832,-1.0738427650786138,-1.4744025490663168,0,1,0,1,0,1,0,0,0,0,1,0
0.9977200362992672,0.5549717837226001,1.1944434332004772,1,1,1,1,1,1,1,0,0,0,0,0
-0.0946709293350503,0.5549717837226001,-0.6501512369839195,0,1,0,0,0,0,0,0,0,0,0,0
-0.7948502803214779,-0.3815965818380978,-1.4993295040688086,0,1,0,0,0,0,0,0,0,1,1,0
-0.3937047115716532,-0.62591876415828,0.5014740841312035,0,0,0,0,0,0,1,1,0,1,0,1
-0.0885826050581765,-0.2187151269579764,0.4466347831257217,0,0,0,0,0,0,0,1,1,1,0,1
-0.6761279569224371,-0.5851984004382496,-0.6351950639824246,0,1,0,0,0,1,0,0,0,0,0,0
-0.7511511122327562,-0.5444780367182193,-1.0124229830201346,0,1,0,1,1,0,0,0,0,0,0,0
0.1110306064687503,0.0256070553622056,0.4782089261288781,0,1,1,1,0,1,0,1,0,1,0,1
1.0943832137676055,1.6137012404433893,0.0660832700876794,0,0,0,1,0,1,1,1,0,0,0,0
-0.9062269081255948,-1.1960038562387048,0.1973652331008032,0,0,0,0,0,1,0,1,1,0,0,1
2.397306668164548,1.5729808767233588,1.42044782522307,1,1,1,1,1,0,1,0,0,0,0,1
-0.9433524507269668,-1.1960038562387048,-0.6451658459834212,0,1,1,0,0,0,0,0,0,0,0,0
1.810092203489248,0.9214550572028734,1.719571285252972,1,1,1,0,1,0,1,1,0,0,0,1
2.242605877752532,1.6137012404433893,1.2775332832087831,1,1,0,1,0,1,0,0,0,1,0,1
0.0763095107738245,1.0843365120829946,-0.788080387997708,0,1,0,1,0,0,0,0,0,0,0,1
-0.8627483314961801,-1.1552834925186746,0.5164302571326987,1,1,0,0,0,0,0,0,1,0,0,0
-0.6406127319740061,-0.8702409464784621,0.4782089261288781,1,1,0,0,1,0,0,0,0,0,0,1
-0.5632513071950325,-0.5037576729981889,-0.4906187249679718,0,0,0,0,0,0,0,1,1,0,0,0
-0.7625556906789295,-0.9109613101984924,-0.3061592579495322,0,1,0,1,0,1,0,0,1,0,0,0
-0.9708160874106916,-1.2774445836787656,0.4815325201292102,1,1,1,0,0,0,0,0,0,0,0,1
-0.3022033742510993,-0.5851984004382496,0.8005975441611056,1,1,1,1,0,0,0,1,0,0,0,0
-0.9855515968924008,-1.2774445836787656,-0.62854787598176,0,1,0,0,1,0,0,0,1,0,0,0
-0.4145506044761671,-0.6666391278783103,0.7141841001524675,1,1,1,0,0,0,0,0,0,0,0,1
-0.994882615621088,-1.2774445836787656,-1.33148800705203,0,0,0,0,0,1,0,0,1,0,0,0
1.066919577083881,1.2064976032430856,0.3170146171127639,0,1,0,0,0,0,1,0,0,1,0,1
-0.1650175457080605,-0.2594354906780068,0.290425865110106,0,1,0,1,0,0,0,0,0,0,0,1
-0.7370553179830374,-0.055833672077855,-1.4744025490663168,0,0,0,0,0,0,0,0,0,0,1,0
0.3031878266710995,0.880734693482843,-0.3094828519498643,0,1,1,0,1,0,0,0,0,1,0,1
-0.7051577929672416,-0.62591876415828,-0.6700928009859131,0,0,0,0,0,1,0,0,1,1,0,0
-0.9644409942367188,-1.2367242199587352,-0.6667692069855808,0,1,1,0,1,0,0,0,0,0,0,0
-0.970044017303117,-1.2367242199587352,-0.62854787598176,0,0,0,0,0,0,0,0,1,0,0,0
0.782863954934225,0.9621754209229036,0.2821168801092754,0,0,0,0,1,0,1,1,0,0,0,1
-0.835924410044446,-1.1145631287986442,0.5114448661322006,1,1,1,1,0,1,0,0,0,0,0,0
0.6234425072930383,0.2699292376823877,1.0232783421833662,1,1,1,0,0,0,1,1,0,1,0,0
-0.935653808797152,-1.0331224013585834,-1.4660935640654862,0,0,0,1,0,1,0,0,1,0,1,0
0.5260293188630562,0.6771328748826912,0.2339247671044577,0,0,1,1,0,0,1,0,0,1,0,1
2.118898187373152,1.369379058123207,1.478610720228884,1,0,0,1,0,1,1,0,0,0,0,1
1.929895425038893,1.2879383306831464,1.2526063282062914,1,1,0,1,0,0,0,1,0,1,0,1
1.0902581534785645,0.758573602322752,0.965115447177552,1,1,0,1,1,0,1,0,0,0,0,0
-0.0630160549244922,0.1070477828022663,-0.1765390919365744,0,1,0,1,0,1,1,0,0,0,0,0
1.05527234803247,1.4100994218432374,0.1475113230958195,0,1,0,1,0,0,1,1,0,0,0,1
-0.4616909993300783,-0.3408762181180675,-0.5138838829702976,0,1,0,0,0,0,0,0,0,0,0,0
0.5840007543689422,1.125056875803025,-0.1316705729320893,0,0,0,1,0,0,0,1,0,0,0,1
-0.9465069085950576,-1.2367242199587352,0.0311855330841909,0,0,0,1,0,1,0,0,1,0,0,1
-0.4829780751532062,-0.748079855318371,0.5945347161405068,1,1,1,1,0,0,0,0,0,0,0,0
-0.0925091330338414,-0.2594354906780068,0.5712695581381809,1,0,1,1,0,1,1,0,0,0,0,0
-0.536074439408407,-0.9109613101984924,1.179487260198982,1,1,1,1,0,1,1,0,0,0,0,1
-0.2111652789950902,-0.1372743995179157,0.0893484280900052,0,0,0,0,0,0,1,1,1,0,0,0
-0.663311593136699,0.4328106925625091,-1.5142856770703037,0,1,0,1,0,1,0,0,1,1,1,0
-0.620450672593344,0.5956921474426305,-1.479387940066815,0,0,0,1,0,1,0,0,0,0,1,0
-0.4858898824160588,-0.748079855318371,0.8371570781647607,1,1,1,0,0,0,0,1,0,0,0,0
-0.9970885302141584,-1.2774445836787656,-1.4976677070686424,0,0,0,0,0,0,0,0,1,0,1,0
0.7344661887622639,0.3920903288424788,1.0066603721817051,1,1,1,1,1,0,0,0,0,0,0,1
-0.6131711544362122,-0.9516816739185228,0.9966895901807084,1,1,1,0,0,0,0,0,0,0,0,1
1.5215585747156593,1.6137012404433893,0.53304822713436,0,1,1,1,0,1,1,1,0,0,0,1
1.80984955288401,1.4915401492832985,1.0166311541827018,1,1,0,1,1,0,0,0,0,0,0,1
1.8303204403077016,1.1657772395230557,1.3905354792200797,1,1,1,0,0,0,0,1,0,0,0,1
-0.771930827699478,-0.9516816739185228,-0.1748772949364084,0,1,0,0,0,0,0,1,0,0,0,0
1.5648386190316974,0.880734693482843,1.3656085242175875,1,1,1,0,0,1,1,1,0,1,0,1
0.1804948570045323,0.5549717837226001,-0.3028356639492,0,0,0,0,0,0,0,0,0,1,0,1
0.9703666953451962,1.247217966963116,0.2372483611047903,0,1,0,0,0,0,1,1,0,0,0,1
1.2287454716315145,0.880734693482843,1.0083221691818711,1,1,0,0,0,0,0,1,0,0,0,1
-0.7655336753795743,-1.0331224013585834,0.328647196113927,1,0,0,0,0,0,0,0,1,0,0,0
2.1096995235200486,1.5729808767233588,1.1379423351948288,1,1,0,1,0,1,1,0,0,0,0,0
0.6918920371160081,0.3513699651224484,1.001674981181207,1,1,0,1,0,1,0,0,0,0,0,1
-0.5229051292877777,-0.8295205827584317,0.8820255971692458,1,1,1,0,1,0,0,0,0,0,0,0
-0.906138671541872,-0.9109613101984924,-1.504314895069307,0,0,0,0,0,0,0,0,1,1,1,0
0.0376839462491645,-0.0965540357978854,0.4948268961305394,1,1,0,1,1,0,0,0,1,0,0,0
1.1924140582836475,1.5729808767233588,0.1475113230958195,0,0,1,1,1,1,1,0,0,1,0,0
-0.6437892489880273,-0.9924020376385532,1.1595456961969886,1,1,1,0,0,0,0,0,0,0,0,1
-0.6836721848307374,0.2292088739623573,-1.4843733310673135,0,0,0,0,0,0,0,0,1,1,1,0
-0.8880722310246266,-1.1960038562387048,0.9052907551715716,1,1,1,0,0,0,0,0,0,0,0,1
1.259760630810082,0.5956921474426305,1.307445629211773,1,1,1,1,0,0,0,0,0,0,0,1
-0.8137549683840899,-0.4630373092781585,-1.4594463760648215,0,1,0,0,0,0,0,0,0,0,1,0
2.289900686627957,1.6137012404433893,1.330710787214099,1,1,0,1,0,0,0,0,0,0,0,1
-0.5678175504026879,-0.5851984004382496,-0.236363783942555,0,0,0,0,0,1,1,0,1,0,0,0
-0.2933135384410262,1.4508197855632678,-1.3231790220511994,0,1,0,1,0,0,0,0,0,0,1,0
0.9953597076846824,0.5956921474426305,0.9983513871808744,1,0,0,0,0,0,1,0,0,1,0,0
-0.2763059369284545,-0.0151133083578247,-0.4706771609659783,0,0,0,1,0,1,0,0,0,0,0,1
-0.6930693809972166,0.1070477828022663,-1.4993295040688086,0,0,0,1,0,1,0,0,1,1,1,0
2.279665242916112,1.4915401492832985,1.302460238211275,1,1,1,1,0,1,0,0,0,0,0,1
-0.9968238204629898,-1.2774445836787656,-1.477726143066649,0,1,0,0,0,0,0,0,1,0,1,0
0.964013661317154,1.6137012404433893,-0.035286346922454,0,1,0,0,0,0,1,1,0,0,0,1
-0.8662777948450925,-0.8295205827584317,-1.3215172250510334,0,0,1,0,0,0,0,0,0,0,1,0
-0.6319876059151014,0.4735310562825394,-1.5093002860698053,0,1,0,1,1,0,0,0,0,0,1,0
2.47085186069751,1.6137012404433893,1.4919050962302134,1,1,1,1,0,0,1,0,0,0,0,1
0.5893611268301029,0.1477681465222966,1.1429277261953277,1,1,1,0,0,0,0,0,0,0,0,1
-0.6319655467691707,-0.9924020376385532,1.2825186742092811,1,1,0,0,0,0,1,1,0,0,0,1
-0.6286125565877039,0.3920903288424788,-1.479387940066815,0,0,0,1,0,1,0,0,1,1,1,0
-0.4604115688660974,-0.4630373092781585,-0.1565975279345811,0,1,0,0,1,0,0,0,0,0,0,0
1.3668136660117811,1.247217966963116,0.6610065961471517,1,1,0,1,0,0,1,1,0,0,0,0
1.5727799115667502,1.3286586944031769,0.8338334841644282,1,1,1,0,0,0,1,1,0,1,0,0
0.1621195884442571,0.0663274190822359,0.4715617381282135,1,1,0,1,0,1,0,0,0,1,0,1
0.1581048238848693,-0.0965540357978854,0.9850570111795456,1,1,0,0,0,0,0,1,0,1,0,1
1.8238129922581443,1.2064976032430856,1.17616366619865,1,1,1,0,0,1,0,0,0,1,0,1
-0.9745220239270496,-1.2774445836787656,0.2023506241013013,1,1,1,0,0,0,0,0,0,0,0,0
-0.8824692079582281,-0.62591876415828,-1.4843733310673135,0,1,0,0,0,0,0,0,1,1,1,0
1.594530229454423,0.9621754209229036,1.3905354792200797,1,1,0,0,0,0,1,0,0,0,0,1
-0.8647777729218048,-1.1552834925186746,0.6011819041411709,1,1,0,0,0,0,0,0,0,0,0,1
-0.8856236658263187,-0.7888002190384014,-1.4594463760648215,0,0,0,1,0,1,0,0,1,0,1,0
-0.3231154445934053,0.1477681465222966,-0.801374763999037,0,0,0,1,0,1,1,1,0,0,0,0
1.827938052547186,1.1657772395230557,1.302460238211275,1,1,1,0,0,0,0,0,0,1,0,1
-0.7862472134085039,-1.0738427650786138,0.4964886931307054,1,1,1,0,1,0,0,0,0,0,0,0
1.2774741249924364,1.1657772395230557,0.720831288153132,0,0,0,0,0,0,1,1,0,0,0,1
1.6434574151287211,1.0436161483629645,1.3390197722149295,1,1,0,1,0,1,0,1,0,1,0,1
-0.9183153200956196,-0.9109613101984924,-1.4943441130683104,0,1,0,0,0,0,0,0,1,1,1,0
1.2198997541133028,0.9214550572028734,0.8537750481664219,1,0,1,1,1,0,0,1,0,0,0,0
2.672560691087854,1.6137012404433893,1.722894879253304,1,1,0,1,0,1,1,1,0,0,0,1
-0.6249948566550688,-0.9109613101984924,0.8222009051632655,1,1,1,0,0,0,0,0,0,0,0,1
2.25765021527727,1.5322605130033284,1.3872118852197473,1,1,1,1,0,1,0,0,0,1,0,1
-0.5454716355748863,-0.6666391278783103,0.0145675630825296,0,1,0,0,0,0,0,0,0,0,0,1
-0.4876766732364458,-0.5037576729981889,-0.1050818209294312,0,1,0,0,1,0,0,0,1,0,0,1
-0.7063048685556381,0.0663274190822359,-1.5009913010689746,0,0,0,1,0,1,0,0,0,1,1,0
-0.3628660255605311,-0.7073594915983407,1.2127232002023045,1,1,1,0,0,0,0,0,0,0,0,1
-0.9830147951103702,-1.2367242199587352,-1.4926823160681442,0,0,0,0,0,0,0,0,1,0,1,0
0.3888876086118787,0.1070477828022663,0.8338334841644282,1,1,0,1,0,0,0,1,0,0,0,1
-0.6522599610254171,-0.9516816739185228,0.7740087921584478,1,1,1,1,0,0,1,0,0,0,0,1
-0.9623894936651632,-1.0738427650786138,-1.481049737066981,0,1,0,0,0,1,0,0,1,0,1,0
-0.974720556240426,-1.2774445836787656,0.1873944510998066,1,0,1,0,0,0,0,0,0,0,0,0
0.4190865793910105,0.8400143297628127,-0.1565975279345811,0,1,1,1,1,0,1,1,0,1,0,0
-0.7243051316350914,0.1070477828022663,-1.51594747407047,0,1,0,0,0,0,0,0,1,1,1,0
-0.3201815781846218,-0.4223169455581282,0.1491731200959855,1,1,1,1,0,0,0,0,0,0,0,0
-0.6527011439440311,0.0256070553622056,-1.3497677740538576,0,0,0,1,0,1,0,0,0,1,1,0
-0.8123652421904556,-0.9924020376385532,-0.6518130339840859,0,1,0,0,0,0,0,0,1,0,0,0
1.0860669157517306,1.4508197855632678,0.2056742181016338,0,0,0,1,0,0,1,0,0,0,0,1
1.9759328625962689,1.125056875803025,1.6780263602488188,1,0,0,1,0,1,1,1,0,0,0,1
-0.6433039477775518,0.1070477828022663,-1.3447823830533592,0,0,0,1,0,1,0,0,0,0,1,0
-0.4722793893768154,1.247217966963116,-1.4876969250676455,0,0,0,1,0,1,0,0,0,0,1,0
-0.9692940063414732,-1.2367242199587352,-0.6750781919864114,0,0,1,0,0,0,0,0,0,0,0,0
-0.8961899967271251,-1.1960038562387048,0.8338334841644282,1,0,1,1,0,1,1,0,0,0,0,0
-0.484764865973593,-0.748079855318371,0.7158458971526335,1,1,1,0,0,0,0,0,0,0,0,1
-0.5699131692661046,-0.8702409464784621,0.8438042661654253,1,0,1,0,0,0,0,1,0,0,0,0
-0.7439598306593472,-1.0331224013585834,0.8537750481664219,1,1,1,0,0,0,0,0,0,0,0,0
-0.3642336926082347,-0.62591876415828,0.8454660631655913,1,0,0,1,0,0,1,0,0,0,0,0
-0.7741588014384789,-1.0331224013585834,0.3452651661155883,1,1,1,0,0,0,0,0,0,0,0,0
0.3914023512479789,1.0436161483629645,-0.3078210549496983,0,1,0,1,0,1,0,1,0,0,0,1
-0.2725117638283738,0.1070477828022663,-0.6119299059800988,0,1,0,1,0,1,1,1,0,0,0,0
0.9618077467240838,0.5142514200025698,1.17616366619865,1,1,0,0,1,0,0,0,0,1,0,1
-0.9223080255090768,-1.2367242199587352,0.3635449331174155,1,1,1,0,0,0,1,0,0,0,0,0
-0.5471922489574811,0.8400143297628127,-1.4926823160681442,0,1,0,1,0,1,0,0,0,1,1,0
-0.9841398115528358,-1.2774445836787656,-0.5221928679711283,0,0,0,0,0,0,0,1,1,0,0,0
1.3968802819153288,1.5322605130033284,0.4516201741262198,0,0,0,1,0,1,1,1,0,1,0,1
-0.9086754733239027,-1.1960038562387048,0.1624674960973147,1,0,1,0,0,1,0,0,0,0,0,0
-0.9726690556688704,-1.2774445836787656,0.3419415721152558,1,1,0,0,0,0,0,0,1,0,0,0
1.703811238395123,1.6137012404433893,0.6659919871476498,1,1,0,1,1,0,1,1,0,0,0,0
-0.4506393672187963,-0.7073594915983407,0.6078290921418354,1,1,1,1,1,0,0,1,0,0,0,0
2.0323160395951443,1.4100994218432374,1.269224298207953,1,1,0,0,0,0,1,0,0,0,0,0
-0.0945606336053968,-0.1779947632379461,0.3917954821202394,1,0,0,1,0,0,0,1,0,0,0,0
-0.8925061193566978,-1.1960038562387048,0.6959043331506402,1,0,0,0,0,0,0,0,0,0,0,1
-0.1423407436912984,-0.2187151269579764,0.2272775791037931,0,0,0,1,0,1,0,1,0,0,0,1
-0.7667028101139015,-1.1145631287986442,1.307445629211773,1,0,0,0,0,0,0,0,1,0,0,1
0.3370486156747279,0.7992939660427822,-0.1765390919365744,0,1,1,0,0,0,0,0,0,0,0,1
-0.9683675222123836,-1.2774445836787656,0.6659919871476498,1,1,1,1,0,0,0,1,0,0,0,0
0.0344191926514205,-0.1372743995179157,0.6493740171459885,1,1,1,1,1,0,0,0,0,0,0,1
-0.275688280842395,1.3286586944031769,-1.288281285047711,0,0,0,1,0,1,0,0,0,0,1,0
1.0766035421474591,1.6137012404433893,-0.0103593919199621,0,0,0,1,0,1,1,0,0,0,0,0
-0.8913369846223705,-1.1145631287986442,-0.3011738669490337,0,1,0,1,0,1,0,1,1,0,0,0
-0.9745440830729802,-1.2774445836787656,0.2006888271011353,1,1,0,0,0,0,0,0,1,0,0,0
0.3001657236785933,1.4915401492832985,-0.6916961619880726,0,1,0,1,0,1,1,0,0,0,0,1
-0.1554879946659971,-0.2187151269579764,0.1524967140963176,0,0,0,0,0,0,1,1,0,1,0,0
-0.9972650033816036,-1.2774445836787656,-1.5109620830699717,0,1,0,0,0,1,0,0,1,0,1,0
-0.8829545091687035,-1.0331224013585834,-0.6933579589882389,0,0,0,0,0,0,0,0,1,0,0,0
0.1785095338707691,-0.1779947632379461,1.0581760791868549,1,0,0,1,0,0,0,0,0,0,0,0
0.2279661390474041,0.5142514200025698,-0.073507677926275,0,1,0,0,0,0,1,1,0,1,0,0
-0.1462010942291713,-0.4630373092781585,0.9817334171792133,1,1,1,1,0,0,0,0,0,0,0,1
2.074779895511747,1.5322605130033284,1.0930738161903435,1,1,1,1,0,0,0,0,0,1,0,1
1.8837256326059324,1.2879383306831464,1.1462513201956597,1,0,0,0,0,0,1,1,0,0,0,1
1.619346768626463,1.5322605130033284,0.720831288153132,0,0,0,1,0,0,1,1,0,0,0,1
2.7113186104880973,1.6137012404433893,1.6879971422498157,1,1,1,1,0,0,1,1,0,0,0,1
-0.8556232273605633,-0.62591876415828,-1.4976677070686424,0,0,0,0,0,0,0,0,0,0,1,0
-0.9966252881496136,-1.2774445836787656,-1.462769970065154,0,0,0,0,0,1,0,0,1,0,1,0
-0.7070769386632128,0.188488510242327,-1.4943441130683104,0,0,0,1,0,1,0,0,0,1,1,0
2.1603914408688034,1.4508197855632678,1.4520219682262263,1,0,1,0,0,0,0,1,0,1,0,1
0.5291175992933546,0.2292088739623573,0.895319973170575,1,0,0,1,0,0,1,0,0,0,0,0
-0.0306773469900825,-0.3408762181180675,0.8138919201624348,1,1,1,1,0,0,1,1,0,0,0,1
-0.515250605649824,-0.7073594915983407,0.4981504901308714,1,1,1,0,0,0,0,0,0,0,0,0
-0.6571791505679636,-0.9516816739185228,0.6344178441444933,1,1,1,0,1,0,0,0,0,0,0,1
0.8272469565467986,0.5549717837226001,0.96179185317722,1,1,1,0,0,0,1,0,0,0,0,1
2.471844522264392,1.5322605130033284,1.656422999246659,1,1,1,0,0,1,1,1,0,0,0,1
1.0492281420474576,0.9214550572028734,0.6759627691486464,0,1,0,1,0,1,1,1,0,0,0,1
-0.9747646745322872,-1.2774445836787656,0.184070857099474,1,1,1,0,0,0,0,0,0,0,0,0
-0.990139899245987,-1.2774445836787656,-0.9742016520163136,0,1,1,0,0,0,0,0,0,0,0,1
-0.4491393452955085,0.9621754209229036,-1.3447823830533592,0,0,1,1,0,0,0,0,0,1,1,0
-0.9701101947409092,-1.2774445836787656,0.534710024134526,1,1,0,0,0,0,0,0,1,0,0,1
-0.4202639232722189,0.9621754209229036,-1.3165318340505352,0,1,0,1,0,0,0,0,0,0,1,0
-0.7734087904768351,-1.0331224013585834,0.5164302571326987,1,1,0,0,0,0,0,0,1,0,0,0
-0.1948194518604395,0.6771328748826912,-0.8495668770038544,0,1,1,1,0,1,1,0,0,0,0,1
0.1497885258689945,-0.0151133083578247,0.5430190091353566,1,1,0,0,1,0,0,0,0,0,0,0
-0.2921664628526297,-0.62591876415828,0.9850570111795456,1,1,1,0,0,0,1,0,0,0,0,0
-0.4470878447239532,-0.3001558543980371,-0.3327480099521901,0,1,0,0,0,1,0,1,0,1,0,0
-0.9280434034510596,-1.1552834925186746,-0.6634456129852487,0,1,0,0,0,0,0,0,0,0,0,0
-0.327284623174308,-0.5851984004382496,0.6493740171459885,1,0,0,0,0,0,0,0,0,0,0,0
-0.9946840833077116,-1.2774445836787656,-1.3165318340505352,0,1,0,0,0,0,0,0,1,0,0,0
-0.9969341161926432,-1.2774445836787656,-1.4860351280674795,0,0,0,0,1,0,0,0,1,0,1,0
-0.657973279821469,-0.7888002190384014,-0.1615829189350795,0,1,1,0,1,0,0,0,0,0,0,0
-0.5073534314066324,-0.8702409464784621,1.1961052302006432,1,1,1,0,0,0,0,0,0,0,0,1
-0.3695940650693954,-0.1372743995179157,-0.4374412209626558,0,1,1,1,1,0,0,0,0,0,0,0
1.0037421831383493,0.758573602322752,0.8438042661654253,1,1,1,1,0,1,0,0,0,1,0,1
-0.8156299957881996,-0.9516816739185228,-0.6584602219847502,0,0,0,0,0,0,0,0,1,0,0,0
-0.8333434899705537,-0.5851984004382496,-1.4827115340671475,0,0,0,0,0,1,0,0,0,1,1,0
-0.1359877096632561,0.9621754209229036,-0.952598291014154,0,1,0,1,0,1,0,0,0,1,0,0
-0.8878295804193889,-0.8702409464784621,-1.4561227820644893,0,0,0,1,0,1,0,0,0,0,1,0
0.3890640817793244,0.1070477828022663,0.827186296163764,1,1,0,1,0,1,0,0,0,0,0,0
-0.920366820667175,-1.1552834925186746,-0.6235624849812617,0,1,0,0,0,0,0,0,1,0,0,0
-0.2108123326601989,1.5729808767233588,-1.289943082047877,0,1,0,1,0,0,0,0,0,0,1,0
-0.6985621083339616,-0.8295205827584317,-0.3693075439558449,0,0,0,1,0,1,0,0,0,1,0,1
0.5367280046394469,0.5956921474426305,0.3087056321119333,0,0,0,0,0,0,1,1,1,0,0,1
-0.1983709743552827,-0.0151133083578247,-0.3360716039525224,0,0,0,0,1,0,0,1,0,0,0,0
0.8047907459893432,1.4100994218432374,-0.1732154979362424,0,1,1,1,0,1,0,1,0,0,0,1
0.0339780097328065,0.758573602322752,-0.562075995975115,0,0,0,0,0,1,0,1,0,1,0,0
1.0833756999481852,0.5142514200025698,1.2426355462052947,1,1,0,0,1,0,0,0,0,1,0,1
0.50008776324855,0.2699292376823877,0.8620840331672525,1,0,1,0,1,0,0,0,0,0,0,1
1.365644531277454,1.4508197855632678,0.5180920541328647,1,0,0,1,0,1,1,0,0,0,0,0
-0.9821544884190726,-1.2774445836787656,-0.3726311379561772,0,1,0,1,0,0,1,0,1,0,0,0
1.3923140387076736,1.0436161483629645,0.9518210711762232,1,1,0,1,0,1,1,0,0,0,0,1
-0.2491731874336905,-0.4630373092781585,0.5363718211346925,0,0,0,1,0,0,1,1,1,1,0,1
-0.4874781409230695,0.5549717837226001,-1.3248408190513656,0,0,1,1,0,1,0,0,0,1,1,0
-0.955440862696992,-1.2367242199587352,-0.344380588953353,0,1,0,0,0,0,0,0,1,0,0,0
1.1647077709946851,1.6137012404433893,0.0245383450835263,0,0,0,1,0,0,1,1,0,0,0,1
-0.6476275403799695,-0.9109613101984924,0.3120292261122658,1,1,0,0,0,0,0,0,1,0,0,0
1.1448545396570529,0.9214550572028734,0.6875953481498096,1,1,1,1,1,0,0,0,0,0,0,0
2.086691834314326,1.4100994218432374,1.393859073220412,1,0,0,1,0,1,1,1,0,0,0,1
-0.7440260080971394,-0.9516816739185228,0.0278619390838584,0,1,0,1,0,1,0,1,1,1,0,0
-0.9923016955471956,-1.2774445836787656,-1.1370577580325938,0,0,0,0,0,0,0,1,1,0,0,0
-0.5246036835244418,0.7992939660427822,-1.4744025490663168,0,1,1,1,0,1,0,0,0,1,1,0
-0.5536996970070384,0.3106496014024181,-1.328164413051698,0,1,0,1,0,1,0,0,1,0,1,0
-0.8089681337171275,-0.7888002190384014,-0.9858342310174764,0,1,1,0,0,0,0,0,0,0,0,1
-0.1721647089896081,0.0663274190822359,-0.2596289419448806,0,0,0,0,0,0,1,0,1,1,0,0
-0.5688102119695695,0.8400143297628127,-1.519271068070802,0,0,0,1,0,0,0,0,0,1,1,0
-0.8184976847591909,-0.5851984004382496,-1.3630621500551865,0,0,0,0,0,0,0,0,1,1,1,0
0.8442766172053007,1.369379058123207,-0.1133908059302618,0,1,0,0,0,0,1,1,0,0,0,1
1.0369853160559177,0.5549717837226001,1.1595456961969886,1,0,0,1,0,1,1,1,1,0,0,1
-0.9729558245659696,-1.2774445836787656,0.3203382111130964,1,1,1,1,1,0,0,0,0,0,0,0
-0.8194241688882804,-1.1552834925186746,0.9966895901807084,1,1,1,0,1,0,0,0,0,0,0,1
-0.9655880698251152,-1.2367242199587352,-0.5155456799704636,0,1,1,0,1,0,1,0,0,0,0,0
2.2994522968159514,1.369379058123207,1.5317882242341998,1,1,1,1,1,0,0,1,0,1,0,1
0.8062687087667004,0.5956921474426305,0.682609957149311,0,1,0,1,0,1,1,1,0,0,0,1
-0.2949679743858288,-0.5851984004382496,0.6144762801425001,0,0,1,1,0,1,1,1,0,0,0,1
-0.767033697302862,-1.0331224013585834,0.3369561811147576,1,1,1,0,0,0,0,0,0,0,0,0
0.1392001358222573,-0.2187151269579764,1.0249401391835322,1,1,0,0,0,0,0,0,0,0,0,1
-0.6564732578981812,-0.8702409464784621,0.290425865110106,1,1,1,0,0,0,1,0,0,0,0,0
0.9771829714377832,0.6771328748826912,0.8521132511662559,1,1,0,1,0,1,0,0,0,0,0,0
1.5210732735051835,1.6137012404433893,0.534710024134526,0,1,0,1,0,1,1,1,0,0,0,0
-0.9857942474976384,-1.2774445836787656,-0.6468276429835875,0,1,1,0,0,0,0,0,0,0,0,0
-0.9424039074519468,-1.2367242199587352,-0.0186683769207927,0,1,0,1,0,0,0,1,1,0,0,1
-0.9372420673041624,-1.1960038562387048,-0.4706771609659783,0,1,1,0,0,0,0,0,0,0,0,1
-0.3713367375979209,-0.5851984004382496,0.3336325871144251,1,0,1,1,0,0,1,0,0,0,0,0
-0.5966488541341161,-0.8295205827584317,0.4715617381282135,1,1,1,0,0,0,1,0,0,0,0,0
2.243664716757205,1.5729808767233588,1.3091074262119398,1,1,0,1,0,0,0,1,0,0,0,1
-0.92868311868305,-1.2367242199587352,0.8637458301674186,1,0,0,0,0,0,1,0,1,0,0,1
-0.996956175338574,-1.2774445836787656,-1.4876969250676455,0,0,0,0,0,0,0,0,1,0,1,0
2.396380184035458,1.6137012404433893,1.476948923228718,1,1,0,1,0,1,0,1,0,0,0,1
1.1918184613435183,1.2064976032430856,0.5197538511330312,0,1,0,0,0,0,0,1,0,0,0,1
-0.5173021062213792,0.7992939660427822,-1.4544609850643233,0,0,0,0,0,0,0,0,0,0,1,0
-0.3611454121779363,-0.6666391278783103,0.9933659961803764,1,1,0,1,0,0,0,0,0,0,0,1
-0.2647469444607664,-0.3001558543980371,0.0345091270845229,0,1,0,0,0,0,0,1,0,0,0,1
-0.53993478994628,-0.5037576729981889,-0.357674964954682,0,0,0,0,1,0,1,1,1,1,0,0
-0.9542276096708032,-1.0738427650786138,-1.4993295040688086,0,0,0,0,0,0,0,0,0,0,1,0
-0.9971326485060196,-1.2774445836787656,-1.5009913010689746,0,1,0,0,0,0,0,0,1,0,1,0
0.0714564986690699,0.1070477828022663,0.1408641350951549,0,1,1,1,0,0,0,1,0,1,0,0
-0.8226448041941631,-0.3815965818380978,-1.4860351280674795,0,0,0,1,0,1,0,0,1,1,1,0
-0.9971547076519502,-1.2774445836787656,-1.502653098069141,0,0,0,0,0,1,0,0,1,0,1,0
0.0391177907346602,-0.3001558543980371,0.8089065291619363,1,1,1,1,0,1,0,0,0,0,0,1
-0.6983635760205852,-0.0151133083578247,-1.4710789550659844,0,0,0,0,0,1,0,0,1,0,1,0
-0.8478142897010945,-0.62591876415828,-1.5076384890696393,0,0,0,0,0,0,0,0,1,0,1,0
1.6241556624393567,1.0843365120829946,1.15456030519649,1,1,0,1,0,0,0,0,0,1,0,1
0.4340647394779574,1.5729808767233588,-0.5886647479777732,0,1,1,1,0,0,0,1,0,0,0,1
1.7398338236999604,1.3286586944031769,1.0199547481830342,1,1,0,0,1,0,0,0,0,0,0,0
-0.9586394388569438,-1.1960038562387048,-0.9742016520163136,0,1,0,0,0,0,1,0,1,0,0,0
1.5586399990251705,1.0436161483629645,1.127971553193832,1,1,1,1,1,0,0,0,0,0,0,1
-0.928815473558634,-1.2367242199587352,0.5047976781315361,1,1,1,0,0,0,0,0,0,0,0,0
-0.713429972691255,-0.9924020376385532,0.6560212051466532,1,0,0,0,0,0,0,0,0,0,0,1
-0.8365200069845748,-1.1145631287986442,0.328647196113927,1,1,1,0,0,0,0,0,0,0,0,0
1.0880963571773554,1.6137012404433893,-0.0020504069191315,0,1,1,1,0,0,1,1,0,0,0,1
0.3942479810730394,0.4328106925625091,0.2372483611047903,0,1,0,1,0,1,1,1,0,1,0,1
-0.7821442122653932,-1.0331224013585834,0.1408641350951549,1,1,1,1,0,1,0,0,0,0,0,0
-0.7067019331823907,0.1070477828022663,-1.5126238800701377,0,0,0,0,0,0,0,0,1,0,1,0
1.5152275998335476,1.4100994218432374,0.6809481601491449,0,1,0,0,0,0,1,1,1,0,0,1
-0.8938076089666093,-0.7888002190384014,-1.4893587220678115,0,1,1,0,0,0,0,0,0,1,1,0
-0.43568326627778,-0.4223169455581282,-0.2828940999472064,0,1,0,1,0,0,1,1,0,1,0,0
0.6397221569898968,0.3513699651224484,0.8238627021634315,1,1,1,0,0,0,0,1,0,1,0,0
2.1624650005862893,1.5729808767233588,1.1595456961969886,1,1,0,0,1,0,1,1,0,1,0,0
-0.9730440611496928,-1.2367242199587352,-0.6484894399837535,0,1,0,0,0,0,0,0,1,0,0,0
1.4726755073332225,0.9214550572028734,1.1312951471941644,1,1,1,0,1,0,1,0,0,0,0,1
1.3121731615414312,0.9621754209229036,0.9435120861753926,1,1,1,1,0,0,1,0,0,1,0,0
-0.7702322734628139,-0.3408762181180675,-1.4843733310673135,0,0,0,1,0,0,0,0,1,1,1,0
1.560779736180448,1.2879383306831464,0.85876043916692,0,1,0,1,0,1,1,1,1,0,0,1
2.459138454208307,1.6137012404433893,1.42044782522307,1,1,0,0,0,0,0,1,0,0,0,1
-0.2146285649062104,-0.2187151269579764,0.142525932095321,1,1,0,0,0,0,0,0,1,0,0,0
-0.6135682190629649,-0.6666391278783103,-0.3543513709543497,0,1,1,0,1,0,1,0,0,0,0,0
-0.9805441707661314,-1.1960038562387048,-1.4926823160681442,0,0,0,0,0,0,0,0,1,0,1,0
0.0282867500826852,0.2699292376823877,-0.1649065129354117,0,0,1,1,0,1,1,0,0,1,0,0
-0.753842328036302,-1.0331224013585834,0.4566055651267183,0,1,1,0,0,0,1,1,0,0,0,1
1.059728295510472,1.5729808767233588,0.0129057660823636,0,0,0,1,0,0,1,1,0,0,0,0
1.699862651273527,1.4508197855632678,0.8005975441611056,0,1,0,1,0,1,1,1,0,0,0,1
-0.5008018650652138,-0.5444780367182193,-0.1732154979362424,0,0,1,0,0,0,0,1,0,0,0,0
-0.4746176588454699,0.6364125111626608,-1.3364733980525287,0,0,0,0,0,0,0,0,0,1,1,0
1.819555577093519,1.5729808767233588,0.8570986421667539,0,0,0,1,0,0,1,1,0,0,0,1
-0.2680778754963026,-0.62591876415828,1.392197276220246,1,1,0,0,0,0,1,1,0,0,0,0
2.0479559740600126,1.6137012404433893,0.9867188081797118,1,1,0,1,0,0,1,0,0,0,0,1
-0.5699131692661046,0.2699292376823877,-1.3148700370503688,0,0,0,1,0,1,0,0,1,0,1,0
0.9222998163621956,1.369379058123207,0.0710686610881779,0,0,0,1,0,0,1,0,0,0,0,0
1.151295810268818,0.5956921474426305,1.274209689208451,1,1,1,0,0,0,0,0,0,1,0,1
0.3193351214923739,0.1477681465222966,0.7008897241511383,0,0,0,0,0,0,1,1,0,1,0,1
-0.718327103087871,-0.8702409464784621,-0.3643221529553466,0,0,0,0,0,0,0,1,0,1,0,0
-0.7825633360380766,-0.8295205827584317,-0.626886078981594,0,0,0,1,0,0,0,0,0,0,0,0
-0.6945473437745736,0.1070477828022663,-1.439504812062828,0,0,0,0,0,0,0,0,0,0,1,0
-0.6476937178177615,-0.9516816739185228,0.9734244321783826,1,1,1,0,0,0,0,0,0,0,0,1
-0.2907105592212033,-0.5444780367182193,0.8089065291619363,1,1,1,1,0,0,0,0,0,0,0,1
0.2305470591212964,0.2292088739623573,0.3087056321119333,0,0,1,1,0,1,1,1,0,1,0,0
1.8967846469969083,1.5322605130033284,0.9684390411778844,1,0,0,1,0,1,1,1,0,0,0,0
1.53572054640317,0.880734693482843,1.437065795224731,1,1,0,0,0,0,1,1,0,0,0,1
-0.1735323760373117,0.2699292376823877,-0.562075995975115,0,1,1,0,0,0,1,0,0,1,0,0
-0.9861913121243912,-1.2774445836787656,-0.6767399889865777,0,1,1,0,0,1,0,0,0,0,0,0
1.6540899234673196,1.5729808767233588,0.6875953481498096,1,1,0,0,0,1,1,0,0,1,0,0
-0.8863074993501704,-1.0738427650786138,-0.518869273970796,0,1,1,1,0,0,0,1,0,0,0,0
-0.5508761263279085,0.880734693482843,-1.522594662071134,0,1,0,1,1,0,0,0,1,0,1,0
0.1770977485312042,-0.2187151269579764,1.2343265612044645,1,1,0,1,0,0,1,1,0,1,0,1
-0.2834310410640715,-0.5444780367182193,0.749081837155956,1,1,1,0,1,0,1,0,0,0,0,1
1.988131570295948,1.6137012404433893,0.9185851311729007,0,1,1,1,0,0,1,1,0,0,0,1
1.9882639251715315,1.3286586944031769,1.3456669602155942,1,0,0,1,1,0,1,0,0,0,0,1
1.4037186171538465,1.4508197855632678,0.4931650991303729,1,0,0,0,0,0,0,0,0,1,0,0
-0.0313170622220728,-0.2594354906780068,0.7274784761537967,1,1,0,0,0,0,1,0,0,0,0,0
0.5935964828487977,0.0663274190822359,1.4669781412277214,1,1,1,1,1,1,0,1,0,0,0,1
2.152670739793057,1.2064976032430856,1.6879971422498157,1,0,0,1,0,1,1,1,0,0,0,1
-0.6078328411209822,0.5549717837226001,-1.4860351280674795,0,0,0,0,0,0,0,0,0,0,1,0
-0.6339067516110726,-0.9924020376385532,1.2093996062019725,1,0,1,1,0,0,0,0,0,0,0,1
-0.0311405890546271,0.2699292376823877,-0.181524482937073,0,0,1,0,0,0,0,1,0,1,0,1
-0.9584629656894982,-1.1960038562387048,-0.7781096059967111,0,0,0,0,0,0,1,1,1,0,0,0
-0.885226601199566,-0.7888002190384014,-1.481049737066981,0,0,0,0,0,0,0,0,1,1,1,0
-0.7887178377527426,-0.8702409464784621,-0.6501512369839195,0,0,0,0,0,0,0,0,0,0,0,0
-0.84170390627829,-1.1552834925186746,0.6659919871476498,1,1,0,1,0,1,0,0,0,0,0,0
-0.9913531522721756,-1.2367242199587352,-1.4876969250676455,0,0,0,0,0,0,0,0,1,0,1,0
1.115184988380258,1.6137012404433893,0.0262001420836923,0,1,0,0,0,0,1,1,0,0,0,1
1.9447853485421167,1.5729808767233588,1.0930738161903435,1,0,0,0,0,0,1,1,0,1,0,1
-0.9176094274258372,-1.1960038562387048,0.1691146840979788,1,1,1,0,0,0,0,0,0,0,0,0
1.4658371720947048,1.6137012404433893,0.4566055651267183,1,0,0,1,1,0,1,0,0,0,0,0
2.596081632146108,1.6137012404433893,1.6165398712426726,1,0,0,0,0,0,1,1,0,0,0,1
-0.5380377033962396,-0.9109613101984924,1.1911198392001443,1,1,1,0,0,0,0,0,0,0,0,1
2.3515118812124096,1.6137012404433893,1.3456669602155942,1,0,0,1,0,1,1,0,0,0,0,1
-0.3591159707523117,-0.5444780367182193,0.6277706561438292,1,1,1,1,0,1,0,0,0,0,0,1
-0.9044842355970693,-0.8295205827584317,-1.4943441130683104,0,0,0,1,0,1,0,0,0,1,1,0
-0.7168711994564446,-0.1372743995179157,-1.4660935640654862,0,1,0,1,0,1,0,0,1,0,1,0
-0.9623233162273712,-1.2367242199587352,-0.6518130339840859,0,1,1,0,0,0,0,0,0,0,0,0
-0.9091607745343782,-1.1145631287986442,-0.7149613199903985,0,1,0,0,0,0,1,1,1,0,0,0
0.3282028981565163,0.6364125111626608,0.1641292930974807,0,0,0,1,0,1,1,1,0,1,0,0
-0.6311714175156655,-0.7888002190384014,0.1890562480999726,1,0,0,1,1,0,0,0,0,0,0,0
0.680619813545419,0.7178532386027215,0.3452651661155883,0,1,0,1,1,1,1,0,0,0,0,1
-0.0030592962848428,-0.2187151269579764,0.5496661971360212,1,1,1,0,0,0,0,0,0,0,0,0
0.3299676298309725,0.0256070553622056,0.8039211381614382,1,1,1,0,0,0,1,1,0,0,0,0
-0.8054166112222844,-1.1145631287986442,0.8022593411612722,1,1,0,1,0,0,1,0,1,0,0,1
-0.823460992593599,-1.1145631287986442,0.8105683261621028,1,1,1,1,0,0,1,0,0,0,0,1
-0.9752499757427628,-1.2774445836787656,0.1475113230958195,1,1,1,0,0,0,0,0,0,0,0,0
-0.9514922755753962,-1.2367242199587352,-0.4590445819648154,0,0,0,0,0,0,1,0,1,0,0,0
2.0513530825333404,1.6137012404433893,1.116338974192669,1,0,0,1,1,0,0,0,0,0,0,1
-0.558839478008892,0.5956921474426305,-1.4694171580658184,0,0,0,0,0,1,0,0,0,1,1,0
2.013301055802879,1.6137012404433893,1.0083221691818711,1,1,1,1,0,1,1,0,0,0,0,0
1.558287052690279,1.125056875803025,0.9767480261787151,1,0,0,1,0,1,1,0,0,1,0,0
1.2866507296996086,1.369379058123207,0.4898415051300408,0,1,0,0,0,1,0,1,0,0,0,1
-0.9354552764837756,-1.2367242199587352,0.4981504901308714,1,1,0,0,1,0,0,0,0,0,0,1
0.9711608245987016,1.2879383306831464,0.180747263099142,0,1,0,0,1,0,1,1,0,0,0,0
-0.9680586941693538,-1.2367242199587352,-0.6484894399837535,0,1,1,0,0,0,0,0,0,0,0,1
1.464910687965615,1.5322605130033284,0.5114448661322006,0,1,0,1,0,1,1,0,0,0,0,1
1.7108481059470173,1.125056875803025,1.2542681252064576,1,0,0,1,0,0,0,0,0,1,0,1
-0.3829839666493317,-0.5851984004382496,0.5247392421335293,1,1,0,0,1,0,0,0,0,0,0,0
-0.1444804808465765,-0.3001558543980371,0.3170146171127639,1,0,0,0,0,0,1,0,0,0,0,0
1.802503857289086,1.5729808767233588,0.7706851981581158,0,0,0,1,0,0,1,1,0,0,0,1
-0.3811309983911528,1.5729808767233588,-1.4976677070686424,0,0,0,1,0,1,0,0,0,0,1,0
0.7705990697967546,0.2292088739623573,1.3373579752147635,1,1,1,1,0,0,0,1,0,0,0,1
2.145369162489995,1.4100994218432374,1.4054916522215746,1,1,0,1,1,0,1,0,0,1,0,1
-0.7571070816340459,-0.9924020376385532,0.2123214061022984,0,0,1,0,0,0,1,1,0,0,0,1
1.2269807399570585,1.4100994218432374,0.3635449331174155,1,1,0,0,1,0,0,0,1,0,0,0
2.7194363761905964,1.6137012404433893,1.69464433025048,1,1,0,1,1,0,1,1,0,0,0,1
2.4699915540062127,1.6137012404433893,1.476948923228718,1,0,0,0,0,0,0,1,0,0,0,1
-0.2655410737142718,0.3513699651224484,-0.8113455460000336,0,1,1,0,0,0,0,0,0,0,0,1
1.0303896314226375,0.5956921474426305,1.001674981181207,1,0,0,0,0,0,1,0,0,1,0,0
-0.6468995885642563,-0.3815965818380978,-1.0024522010191377,0,0,0,1,0,1,1,1,1,0,0,0
0.5611474791847345,0.4328106925625091,0.7091987091519689,1,1,0,1,0,0,1,0,0,0,0,0
-0.5971341553445915,-0.4630373092781585,-0.6584602219847502,0,1,1,1,0,1,0,0,0,0,0,0
-0.6187080000648186,-0.7888002190384014,-0.0003886099189655,0,1,1,1,0,1,0,0,0,1,0,1
1.7091936700022148,1.3286586944031769,1.0216165451832002,1,1,1,0,0,0,0,0,0,1,0,0
-0.0446187272182864,-0.3001558543980371,0.8521132511662559,1,1,1,1,0,1,0,0,0,1,0,1
-0.702157749120666,-0.7073594915983407,-0.46569176996548,0,0,1,0,0,0,0,0,0,1,0,1
1.9011523578911875,1.6137012404433893,0.82884809316393,1,1,1,1,0,1,0,0,0,1,0,0
0.6370309411863511,1.4508197855632678,-0.344380588953353,0,1,1,1,0,0,1,0,0,1,0,1
-0.8556011682146325,-1.0738427650786138,-0.3244390249513595,0,1,1,0,0,0,0,0,0,0,0,1
-0.727216938897944,-0.7073594915983407,-0.5288400559717926,0,0,0,0,0,0,0,0,1,0,0,0
-0.9268742687167324,-0.9516816739185228,-1.504314895069307,0,1,1,0,0,0,0,0,0,0,1,0
1.7680474713453287,1.0436161483629645,1.465316344227555,1,1,1,1,1,0,1,0,0,1,0,1
-0.7409597868127717,0.0256070553622056,-1.505976692069473,0,1,0,1,0,1,0,0,0,1,1,0
1.3276586819847844,1.2879383306831464,0.6493740171459885,1,1,0,0,0,0,1,0,0,1,0,0
-0.5172800470754485,-0.7073594915983407,0.3369561811147576,1,1,0,1,0,1,0,0,0,0,0,0
0.9346088197915272,0.4735310562825394,1.1894580421999783,1,0,1,0,0,0,0,1,0,0,0,1
-0.5646410333886667,-0.8702409464784621,0.9784098231788813,1,1,1,0,0,0,0,1,0,0,0,1
-0.3774471210207255,0.9621754209229036,-1.328164413051698,0,1,0,0,0,1,0,0,1,0,1,0
1.8671150957201137,1.6137012404433893,0.8654076271675846,1,1,0,1,0,1,0,0,0,0,0,1
-0.529853760255949,0.7992939660427822,-1.4843733310673135,0,0,0,1,0,1,0,0,0,0,1,0
-0.345306945399692,-0.4630373092781585,0.2306011731041257,0,0,0,1,1,0,0,0,0,1,0,1
0.7768859263870048,0.2699292376823877,1.3838882912194153,1,1,1,0,0,0,1,0,0,0,0,1
-0.9909119693535616,-1.2367242199587352,-1.491020519067978,0,1,0,0,0,0,0,0,0,0,1,0
1.3937920014850302,1.002895784642934,0.9717626351782166,1,0,0,1,1,0,0,0,0,0,0,1
-0.9705072593676618,-1.2774445836787656,0.5047976781315361,1,1,1,0,0,0,0,0,0,0,0,0
-0.947433392724147,-1.1145631287986442,-1.3447823830533592,0,1,0,1,0,1,0,0,1,0,1,0
-0.9081239946756352,-0.8702409464784621,-1.4843733310673135,0,0,0,0,0,1,0,0,0,0,1,0
-0.9335581899337352,-1.2367242199587352,0.6327560471443273,1,1,0,0,1,0,0,0,0,0,0,0
1.6760608328142994,1.3286586944031769,0.9900424021800438,1,0,0,1,0,1,1,1,0,0,0,0
-0.7088196111917382,-1.0331224013585834,0.9950277931805424,1,1,0,1,1,0,1,0,0,0,0,1
0.6355750375549246,0.6771328748826912,0.3269853991137605,1,1,0,0,0,0,0,0,0,0,0,0
0.6514796817709612,0.3106496014024181,0.9518210711762232,1,1,0,0,0,0,0,0,0,0,0,0
-0.8901678498880433,-0.8295205827584317,-1.4527991880641573,0,0,0,1,0,1,0,0,0,0,1,0
-0.8735573130022243,-1.1552834925186746,0.3203382111130964,0,1,1,0,0,0,0,1,0,0,0,1
-0.9750955617212478,-1.2774445836787656,0.1591439020969822,1,1,1,1,1,0,0,0,0,0,0,0
-0.7397465337865831,-0.7073594915983407,-0.8628612530051836,0,1,0,0,0,0,0,0,1,0,0,1
0.600324522357662,0.3106496014024181,0.9900424021800438,1,1,0,1,1,1,0,0,0,0,0,1
2.0963757993779044,1.247217966963116,1.4835961112293827,1,1,0,0,1,0,1,0,0,0,0,1
-0.9948384973292264,-1.2774445836787656,-1.328164413051698,0,1,1,1,1,0,0,0,0,0,0,0
0.5531841275037508,0.7178532386027215,0.1857326540996401,1,0,0,0,0,1,0,0,0,0,0,0
-0.9083887044268036,-1.1552834925186746,-0.6717545979860794,0,0,0,0,0,0,0,0,1,0,0,0
1.557889988063526,1.6137012404433893,0.4915033021302069,0,0,0,1,0,0,1,1,0,0,0,1
-0.9005577076214042,-1.1552834925186746,-0.2945266789483693,0,1,1,0,0,0,0,0,0,0,0,1
-0.3909473183303154,-0.4630373092781585,-0.1034200239292651,0,0,0,0,0,0,0,0,1,0,0,1
2.654935433489222,1.5729808767233588,1.7046151122514768,1,1,0,1,0,1,1,1,0,0,0,1
-0.2218198464796194,-0.5851984004382496,1.1661928841976528,1,1,0,0,0,0,0,1,0,0,0,1
-0.8235712883232525,-0.5037576729981889,-1.504314895069307,0,1,0,0,0,0,0,0,0,0,1,0
-0.9458892525089978,-1.2367242199587352,0.2289393761039596,1,1,1,1,0,1,0,0,0,0,0,0
-0.9384112020384896,-1.2367242199587352,0.4948268961305394,1,1,0,0,0,0,0,0,1,0,0,0
-0.8616012559077836,-0.6666391278783103,-1.522594662071134,0,0,0,0,0,0,0,0,0,0,1,0
-0.8249389553709561,-0.62591876415828,-1.3514295710540236,0,0,0,1,0,1,0,0,1,0,1,0
-0.5591262469059911,0.7992939660427822,-1.5009913010689746,0,0,0,1,0,1,0,0,0,1,1,0
-0.0199345429218302,0.1477681465222966,-0.1349941669324214,0,0,0,1,0,1,1,1,0,1,0,1
-0.2333347206554462,0.0256070553622056,-0.4906187249679718,0,1,1,1,1,0,0,1,0,0,0,0
-0.899013567406255,-1.1960038562387048,0.3485887601159204,1,0,1,0,0,0,0,0,0,0,0,0
-0.4610071658062265,1.247217966963116,-1.4893587220678115,0,1,0,1,0,0,0,0,0,0,1,0
1.3908140167843854,0.9621754209229036,1.069808658188018,1,1,0,1,0,1,0,1,0,0,0,0
-0.5233904304982531,-0.5444780367182193,-0.2845558969473725,0,1,1,0,0,0,0,0,0,0,0,1
-0.0743103376410118,-0.0965540357978854,0.3319707901142591,0,1,1,0,1,0,1,0,0,0,0,1
-0.5140594117695659,-0.7073594915983407,0.3519123541162524,1,0,0,1,0,0,0,0,0,0,0,0
-0.6795912428335574,0.1070477828022663,-1.4926823160681442,0,1,0,1,0,1,0,0,1,0,1,0
0.0300735409030722,-0.0151133083578247,0.1657910900976468,1,1,0,1,0,1,0,0,0,0,0,0
1.0917361162559214,1.6137012404433893,0.0112439690821971,0,1,0,1,0,1,1,1,0,0,0,1
-0.9733308300467916,-1.2774445836787656,0.2920876621102721,1,1,1,1,1,0,0,0,0,0,0,0
1.4149908407244356,0.7992939660427822,1.3805646972190828,1,1,1,1,0,0,1,1,0,0,0,1
-0.6693999174135729,0.2699292376823877,-1.46443176706532,0,0,0,0,0,0,0,0,0,0,1,0
-0.2553718074402179,0.2699292376823877,-0.7847567939973756,0,0,0,0,0,0,1,1,0,1,0,0
-0.1199507105716354,0.5549717837226001,-0.6916961619880726,0,1,1,1,0,0,0,0,0,0,0,1
-0.8907634468281722,-0.8295205827584317,-1.4827115340671475,0,0,1,0,0,0,0,0,0,1,1,0
-0.6371715052088165,0.4735310562825394,-1.504314895069307,0,0,0,0,0,0,0,0,0,1,1,0
-0.9950149704966722,-1.2774445836787656,-1.341458789053027,0,0,0,0,0,0,0,0,1,0,0,0
0.7049731106529147,0.7992939660427822,0.3070438351117673,0,0,0,0,0,0,1,1,0,1,0,0
2.489602134738607,1.6137012404433893,1.5334500212343665,1,0,0,1,0,1,0,1,0,0,0,1
-0.8514540487796605,-1.0331224013585834,-0.5305018529719588,0,0,1,1,0,1,0,0,0,0,0,0
-0.8766014751406613,-1.1552834925186746,0.468238144127881,1,1,1,0,1,0,0,0,0,0,0,0
-0.8049092508658783,-1.0738427650786138,0.8753784091685812,1,1,1,0,0,0,0,0,0,0,0,1
-0.3641895743163733,-0.3408762181180675,-0.2828940999472064,0,1,0,1,0,1,1,0,0,1,0,0
-0.4308081950270948,1.4508197855632678,-1.4893587220678115,0,1,0,1,0,1,0,0,0,0,1,0
2.5030582137563355,1.5729808767233588,1.608230886241842,1,1,0,1,0,0,0,1,0,1,0,1
-0.5885531475775483,0.5956921474426305,-1.4694171580658184,0,1,0,0,0,0,0,0,1,0,1,0
-0.3961532767699612,-0.1779947632379461,-0.4573827849646494,0,1,1,1,1,1,0,0,0,1,0,0
-0.1178109734163572,-0.5444780367182193,1.2808568772091151,1,0,1,1,0,1,0,1,0,0,0,1
0.55629446707998,0.0663274190822359,1.3489905542159264,1,1,1,0,0,0,0,1,0,0,0,1
-0.8840574664652386,-0.6666391278783103,-1.5093002860698053,0,0,0,1,0,1,0,0,1,0,1,0
1.5036906665117902,0.9621754209229036,1.1927816362003112,1,1,0,1,1,0,0,0,0,0,0,1
-0.905013655099406,-1.1960038562387048,0.4050898581215686,1,1,1,0,0,0,0,0,0,0,0,0
-0.468749926027903,-0.7073594915983407,0.5131066631323666,1,1,1,0,1,0,0,0,0,0,0,0
-0.4882943293225054,-0.0965540357978854,-0.8130073430001998,0,1,1,0,1,0,0,0,0,0,0,0
-0.9067342684820008,-0.8295205827584317,-1.477726143066649,0,0,0,1,0,1,0,0,0,0,1,0
-0.7590703456218785,-0.7888002190384014,-0.6634456129852487,0,0,0,1,0,1,0,0,0,0,0,0
1.3172688242514234,0.7178532386027215,1.2343265612044645,1,1,0,1,1,0,1,0,0,1,0,0
-0.9858163066435692,-1.2774445836787656,-0.6484894399837535,0,0,0,0,1,0,0,0,0,0,0,0
1.3539531839341816,1.0843365120829946,0.7972739501607736,1,1,0,1,1,1,0,0,0,0,0,1
0.715914447034543,0.6771328748826912,0.4831943171293762,0,0,0,1,0,1,0,1,0,0,0,1
-0.3346523779151626,1.6137012404433893,-1.461108173064988,0,1,0,0,0,0,0,0,1,0,1,0
-0.9111240385222106,-1.1552834925186746,-0.467353566965646,0,0,1,0,0,0,0,0,0,0,0,0
-0.996889997900782,-1.2774445836787656,-1.4827115340671475,0,1,0,1,0,1,0,0,0,0,1,0
0.545088420947183,1.5729808767233588,-0.5122220859701314,0,0,1,1,0,0,0,0,0,0,0,1
-0.9857942474976384,-1.2367242199587352,-1.4760643460664828,0,0,0,0,0,0,0,0,1,0,1,0
-0.9971547076519502,-1.2774445836787656,-1.502653098069141,0,0,0,0,0,0,0,0,1,0,1,0
1.702862695120103,0.9621754209229036,1.5201556452330371,1,0,1,0,1,0,1,0,0,1,0,1
0.3745932820487836,0.0663274190822359,0.8438042661654253,1,0,0,1,1,0,1,1,1,1,0,0
1.698318511058378,1.6137012404433893,0.682609957149311,0,0,0,1,0,1,1,1,0,0,0,1
-0.9148299750385688,-1.1960038562387048,0.4200460311230638,0,1,1,0,0,0,1,0,0,0,0,1
-0.538898010087537,-0.9109613101984924,1.1213243651931677,1,1,1,0,0,0,0,1,0,0,0,1
-0.4354847339644037,1.4508197855632678,-1.5093002860698053,0,1,0,1,0,1,0,0,0,0,1,0
-0.2451143045824412,1.5322605130033284,-1.3464441800535252,0,0,0,1,0,0,0,0,0,0,1,0
-0.97264699652294,-1.2774445836787656,0.3436033691154218,1,1,1,0,0,0,0,0,0,0,0,0
-0.4552938470101745,-0.5851984004382496,0.2106596091021319,1,1,1,0,0,0,0,0,0,0,0,0
-0.6780250434724775,-0.7888002190384014,-0.3194536339508612,0,0,0,0,0,0,1,1,1,1,0,0
1.683869770473768,1.6137012404433893,0.6526976111463211,0,1,0,1,0,0,1,1,0,0,0,1
0.7563268023795902,1.4100994218432374,-0.1565975279345811,0,0,0,1,0,1,1,1,1,1,0,0
-0.5158462025899528,0.4735310562825394,-1.2982520670487077,0,0,0,1,0,1,0,0,1,1,1,0
-0.7950929309267156,-1.0331224013585834,0.1475113230958195,1,1,0,1,0,0,0,0,0,0,0,0
1.4124540389424047,0.7992939660427822,1.3190782082129364,1,1,0,1,1,0,1,1,0,1,0,1
1.5907581155002728,1.0436161483629645,1.2409737492051285,1,1,0,1,0,0,0,1,0,0,0,1
0.4850875440156723,0.1477681465222966,0.935203101174562,0,1,0,1,0,1,1,1,0,0,0,1
-0.7346949893684522,-0.0151133083578247,-1.4860351280674795,0,1,0,0,0,0,0,0,0,0,1,0
-0.4739338253216181,-0.6666391278783103,0.1724382780983114,1,1,0,0,0,0,0,0,0,0,0,0
-0.809078429446781,-0.9924020376385532,-0.3327480099521901,0,1,0,1,0,0,0,0,1,0,0,0
-0.8090343111549195,-1.0331224013585834,-0.0153447829204607,0,0,0,0,0,0,0,1,0,0,0,0
0.5082496472429099,1.4100994218432374,-0.4723389579661445,0,0,0,1,0,1,0,0,0,1,0,0
-0.3816604178934896,1.6137012404433893,-1.4943441130683104,0,1,0,1,0,1,0,0,0,0,1,0
-0.9085210593023878,-1.0331224013585834,-1.1619847130350858,0,0,0,1,1,0,1,0,0,0,0,0
-0.8192918140126962,-0.4630373092781585,-1.4760643460664828,0,1,0,0,0,0,0,0,1,1,1,0
-0.8281595906768386,-0.8702409464784621,-0.9542600880143204,0,1,0,0,0,1,1,1,1,1,0,0
0.0844934539141152,0.1070477828022663,0.2738078951084448,0,1,1,0,1,0,0,1,0,1,0,1
0.3484090758290396,1.125056875803025,-0.4989277099688025,0,1,1,1,0,1,0,0,0,0,0,1
-0.9078813440703972,-0.9924020376385532,-1.1752790890364146,0,1,1,0,1,0,0,0,0,0,0,0
1.128486653376472,0.758573602322752,0.9983513871808744,1,1,1,0,0,0,1,0,0,1,0,0
0.8184453573204484,0.2699292376823877,1.327387193213767,1,1,0,1,0,0,1,1,0,1,0,1
-0.9410803586961046,-1.2367242199587352,0.1674528870978128,1,1,1,0,0,0,0,0,0,0,0,0
-0.7072313526847276,-1.0331224013585834,0.8222009051632655,1,1,1,1,1,0,0,0,0,0,0,1
-0.8430495141800628,-0.8295205827584317,-1.1470285400335904,0,0,0,1,0,1,0,1,0,1,0,0
-0.9171020670694312,-1.1552834925186746,-0.5388108379727895,0,1,1,1,0,0,0,0,0,0,0,1
1.2050539489019398,1.6137012404433893,0.1957034361006372,0,1,0,1,0,1,1,0,0,0,0,0
1.1958332259029063,0.7992939660427822,1.0465435001856922,1,1,0,1,0,1,0,1,0,0,0,1
-0.6051195661715058,0.5549717837226001,-1.5142856770703037,0,0,0,0,0,0,0,0,0,0,1,0
1.5152496589794784,1.369379058123207,0.6394032351449919,0,1,0,1,0,1,1,1,1,0,0,1
-0.618972709815987,-0.8295205827584317,0.468238144127881,0,0,1,1,0,0,1,0,0,1,0,1
0.5566253542689406,0.188488510242327,1.181149057199148,1,0,0,0,0,0,0,1,0,0,0,1
-0.4452348764657742,1.125056875803025,-1.4561227820644893,0,1,0,1,0,1,0,0,0,0,1,0
-0.3158138672903427,-0.62591876415828,0.9983513871808744,1,1,1,1,1,0,0,0,0,0,0,1
-0.6866501695313822,-0.8702409464784621,0.0129057660823636,0,1,0,1,0,1,1,0,0,0,0,0
-0.6308184711807742,0.3920903288424788,-1.4943441130683104,0,0,0,0,0,0,0,0,0,1,1,0
0.6199571622359872,0.1477681465222966,1.3207400052131024,1,1,0,1,0,1,1,0,0,0,0,1
0.5847728244765168,0.5549717837226001,0.5197538511330312,1,1,1,1,1,0,0,0,0,0,0,1
-0.8879839944409038,-0.8295205827584317,-1.4860351280674795,0,0,0,0,0,0,0,0,0,1,1,0
-0.989544302305858,-1.2367242199587352,-1.479387940066815,0,0,0,0,0,0,0,0,1,0,1,0
-0.3979621267362788,1.4508197855632678,-1.4893587220678115,0,0,0,1,0,1,0,0,0,0,1,0
-0.6837383622685295,-0.9924020376385532,0.9086143491719036,1,1,1,0,1,0,0,0,0,0,0,1
1.955969335528983,1.247217966963116,1.3506523512160928,1,0,1,0,0,0,0,1,0,0,0,1
0.0616842970217689,0.4735310562825394,-0.2828940999472064,0,0,0,1,0,1,1,1,0,0,0,0
2.4814402507442472,1.5729808767233588,1.4935668932303794,1,1,0,1,1,0,1,1,0,0,0,1
-0.5625012962333886,-0.1372743995179157,-1.0124229830201346,0,0,1,0,0,0,0,1,0,0,0,0
0.7060319496575884,1.6137012404433893,-0.3028356639492,0,0,0,1,0,1,1,1,0,0,0,1
-0.9664483765164124,-1.2774445836787656,0.8105683261621028,1,0,0,1,0,1,0,0,1,0,0,1
-0.5056107588781069,0.6364125111626608,-1.343120586053193,0,0,0,0,0,0,0,0,0,1,1,0
-0.8048210142821554,-1.1145631287986442,0.8654076271675846,1,1,1,0,0,0,0,0,0,0,0,0
1.6133246217873816,1.2064976032430856,1.1030445981913404,1,1,0,1,1,0,0,0,0,1,0,0
2.002845020631726,1.369379058123207,1.3240635992134344,1,0,0,1,1,0,0,0,0,1,0,1
-0.960558584552915,-1.1552834925186746,-1.3148700370503688,0,1,0,0,1,0,0,0,0,0,0,0
-0.4243228061234682,0.1477681465222966,-0.977525246016646,0,0,0,1,0,0,1,0,1,1,0,0
-0.608957857563448,0.3513699651224484,-1.4960059100684764,0,1,1,1,0,0,0,0,0,0,1,0
2.012330453381928,1.2064976032430856,1.5301264272340338,1,1,1,1,0,1,0,1,0,1,0,1
-0.990956087645423,-1.2774445836787656,-1.03568814102246,0,0,0,0,0,1,0,1,1,0,0,0
-0.676436784965467,-0.9516816739185228,0.6743009721484804,1,1,1,0,1,0,0,0,0,0,0,1
1.8284895311954537,1.369379058123207,1.0581760791868549,1,0,0,1,0,0,1,1,1,0,0,0
-0.6724220204060791,-0.055833672077855,-1.2965902700485417,0,0,0,1,0,1,0,0,1,0,1,0
0.1990245395863224,0.2699292376823877,0.2787932861089434,1,1,0,0,0,0,0,0,0,0,0,0
1.214186435317251,0.5142514200025698,1.5766567432386855,1,0,0,0,0,0,1,1,0,1,0,1
2.677854886111222,1.6137012404433893,1.6747027662484868,1,0,0,1,0,0,1,1,0,0,0,1
-0.9374847179094,-1.2367242199587352,0.1873944510998066,1,1,0,1,0,0,0,0,0,0,0,0
-0.6070828301593383,0.5142514200025698,-1.5142856770703037,0,0,1,1,0,1,0,0,0,0,1,0
-0.7687101923935955,-0.2187151269579764,-1.51594747407047,0,0,0,0,0,1,0,0,1,0,1,0
-0.9021018478365532,-1.1960038562387048,0.1458495260956535,0,1,0,1,0,1,0,0,0,0,0,0
1.7870845142835248,1.247217966963116,1.1612074931971548,1,0,0,1,0,0,1,0,0,0,0,1
-0.9454480695903836,-1.0331224013585834,-1.505976692069473,0,0,0,0,0,1,0,0,1,1,1,0
0.1255455244911526,0.0663274190822359,0.4499583771260538,1,0,1,1,0,1,0,0,0,0,0,0
-0.49722828342444,-0.4223169455581282,-0.3510277769540174,0,1,1,1,0,0,1,1,0,0,0,0
-0.9703969636380084,-1.2774445836787656,0.5131066631323666,1,1,0,0,0,0,0,0,1,0,0,0
1.752892838090936,1.0843365120829946,1.395520870220578,1,1,1,1,0,0,1,1,0,0,0,0
-0.9260580803172964,-0.9516816739185228,-1.4976677070686424,0,0,0,0,0,0,0,0,0,0,1,0
-0.5546702994279893,-0.2594354906780068,-0.9642308700153168,0,0,1,0,0,0,0,1,0,0,0,0
0.418976283661357,0.3920903288424788,0.3120292261122658,1,1,0,1,1,0,1,0,0,0,0,0
-0.1162227149093467,0.0256070553622056,-0.1732154979362424,0,0,0,1,0,0,1,1,0,0,0,1
-0.8214756694598357,-1.1145631287986442,0.5978583101408388,1,1,1,0,0,0,0,1,0,0,0,0
-0.6442083727607106,-0.9924020376385532,1.1994288242009752,1,0,1,0,0,0,0,0,0,0,0,1
-0.0383098114821054,-0.3815965818380978,1.0149693571825356,1,0,0,0,0,0,0,0,1,0,0,1
-0.5950605956271054,0.1477681465222966,-1.3181936310507012,0,0,0,1,0,1,0,0,0,0,1,0
-0.8512334573203535,-1.1145631287986442,0.1059663980916664,0,0,0,1,0,0,0,1,0,0,0,0
-0.5294566956291963,1.0436161483629645,-1.502653098069141,0,0,0,1,0,1,0,0,0,0,1,0
0.094817134209684,-0.3408762181180675,1.3091074262119398,1,1,1,0,0,0,0,0,0,0,0,1
-0.9116534580245476,-1.1960038562387048,0.2106596091021319,0,0,0,0,0,0,1,1,1,0,0,1
-0.6407230277036596,-0.9516816739185228,1.034910921184529,1,1,0,0,0,0,0,1,0,0,0,1
-0.9191315084950556,-1.1960038562387048,0.3020584441112687,1,0,1,0,1,0,0,0,0,0,0,0
2.086096237374197,1.1657772395230557,1.6730409692483204,1,0,0,1,0,1,1,1,0,0,0,1
1.713980504669177,1.2064976032430856,1.2160467942026365,1,1,1,1,0,0,0,0,0,0,0,1
-0.8931678937346188,-0.9109613101984924,-1.1719554950360824,0,0,0,0,0,0,0,0,1,0,0,0
-0.6011489199039793,0.0663274190822359,-1.30157566104904,0,1,0,1,0,1,0,0,0,1,1,0
1.161023893624258,1.4508197855632678,0.2040124211014678,0,0,0,1,0,0,1,1,0,0,0,0
1.1050377812521348,1.6137012404433893,0.0145675630825296,0,1,0,1,0,1,1,1,0,0,0,1
-0.4893752274731099,-0.6666391278783103,0.3253236021135945,1,1,0,0,0,0,0,1,0,0,0,0
-0.6615909797541041,-0.4630373092781585,-0.9559218850144864,0,1,0,0,0,0,0,1,1,0,0,0
-0.6597821297877866,0.188488510242327,-1.4926823160681442,0,0,0,0,0,0,0,0,1,0,1,0
-0.4062784247521537,-0.7888002190384014,1.182810854199314,1,1,1,0,0,0,1,0,0,0,0,1
-0.553501164693662,-0.2594354906780068,-0.8611994560050172,0,0,0,1,0,1,1,1,0,0,0,0
-0.6956723602170395,0.1477681465222966,-1.5142856770703037,0,0,0,1,0,1,0,0,0,0,1,0
-0.8613144870106845,-0.6666391278783103,-1.479387940066815,0,0,0,0,0,0,0,0,0,0,1,0
0.8417839337151315,0.3513699651224484,1.1180007711928357,1,1,1,0,1,0,0,0,0,0,0,1
0.0880229172630276,0.188488510242327,0.1109517890921645,0,0,0,1,0,0,1,1,0,1,0,0
-0.9967576430251978,-1.2774445836787656,-1.4727407520661506,0,0,0,0,0,0,0,0,1,0,1,0
0.7362088612907893,1.4508197855632678,-0.2779087089467081,0,1,0,1,0,1,1,1,1,0,0,1
-0.970639614243246,-1.2774445836787656,0.4948268961305394,1,1,1,0,0,0,0,0,0,0,0,0
-0.4222933646978437,-0.62591876415828,0.3535741511164189,0,1,0,1,0,0,0,0,0,0,0,1
-0.0706926377083767,-0.4630373092781585,1.0831030341893466,1,1,1,0,0,0,0,0,0,0,0,1
0.8994024228861265,0.5956921474426305,0.8554368451665879,0,1,0,1,0,1,1,1,1,0,0,1
0.8207615676431722,1.002895784642934,0.2106596091021319,0,1,0,1,1,0,0,0,0,1,0,0
-0.7616292065498399,-0.9924020376385532,0.1973652331008032,1,0,0,0,0,0,0,0,0,0,0,0
0.0879346806793048,0.9214550572028734,-0.6617838159850825,0,1,1,0,1,0,1,0,0,0,0,0
-0.2864752032025084,0.2699292376823877,-0.8130073430001998,0,1,0,0,0,0,1,1,0,1,0,0
0.1236925562329735,0.9621754209229036,-0.6551366279844181,0,0,0,0,0,0,1,1,0,0,0,0
-0.3309243822528739,1.6137012404433893,-1.491020519067978,0,0,0,0,0,1,0,0,0,0,1,0
-0.8709763929283322,-1.1552834925186746,0.2472191431057869,1,1,0,0,0,0,0,0,0,0,0,0
-0.9971988259438118,-1.2774445836787656,-1.505976692069473,0,1,1,0,1,0,0,0,0,0,1,0
-0.2291876012204741,-0.5444780367182193,1.003336778181373,1,1,1,1,1,0,0,0,0,0,0,1
0.7671357838856343,0.758573602322752,0.4782089261288781,1,1,0,1,0,1,1,0,0,0,0,0
1.421851235108884,1.4915401492832985,0.4881797081298748,0,1,0,0,0,1,1,1,0,0,0,0
0.1173395222049311,1.4100994218432374,-0.9658926670154828,0,0,0,1,0,1,1,1,0,0,0,0
-0.9170579487775696,-1.1552834925186746,-0.4324558299621575,0,0,0,0,0,0,0,0,0,0,0,0
-0.938830325811173,-1.2367242199587352,0.3386179781149237,1,0,1,0,0,0,0,0,0,0,0,0
2.4788813898162854,1.6137012404433893,1.4935668932303794,1,0,0,1,1,0,0,1,0,0,0,1
0.9125276147148944,0.8400143297628127,0.5264010391336954,1,1,0,0,0,0,0,1,1,0,0,0
-0.9970664710682277,-1.2774445836787656,-1.4960059100684764,0,0,0,0,0,0,0,0,1,0,1,0
-0.4139329483901074,1.5322605130033284,-1.4976677070686424,0,0,0,0,0,0,0,0,0,1,1,0
-0.9644409942367188,-1.1960038562387048,-0.9409657120129912,0,1,0,1,1,0,0,0,1,0,0,0
-0.3850795855127485,-0.2594354906780068,-0.3327480099521901,0,1,0,0,0,0,0,0,0,0,0,0
0.4385648052478209,0.5142514200025698,0.3718539181182462,0,1,1,0,0,0,1,0,0,0,0,1
-0.5031842528257296,0.5956921474426305,-1.3082228490497043,0,0,1,1,0,0,0,0,0,0,1,0
2.0397499717737912,1.2879383306831464,1.3589613362169235,1,1,0,0,0,0,0,1,0,1,0,1
-0.4376024119737512,-0.7073594915983407,0.6543594081464871,0,0,0,0,0,0,1,1,1,0,0,1
1.7407603078290497,1.0436161483629645,1.3440051632154282,1,1,0,1,0,1,0,0,0,1,0,1
-0.6380318119001139,0.3920903288424788,-1.4876969250676455,0,0,0,1,0,1,0,0,1,0,1,0
-0.6541129292835961,0.1070477828022663,-1.3780183230566818,0,0,0,0,0,0,0,0,0,0,1,0
1.7534663758851343,1.2879383306831464,1.1728400721983174,1,1,0,0,0,0,0,0,0,1,0,1
-0.9969341161926432,-1.2774445836787656,-1.4860351280674795,0,0,0,0,0,1,0,0,1,0,1,0
-0.6780029843265468,-0.9924020376385532,0.9867188081797118,1,1,0,0,1,0,0,0,0,0,0,1
-0.9752940940346242,-1.2774445836787656,0.144187729095487,1,1,0,1,0,1,0,0,1,0,0,0
1.2912610911991254,0.8400143297628127,1.0631614701873533,1,1,0,0,1,0,1,1,1,1,0,1
-0.9855736560383316,-1.2774445836787656,-0.6302096729819263,0,0,1,0,0,0,0,0,0,0,0,0
0.1670608371327346,0.188488510242327,0.2438955491054544,0,0,0,1,0,0,0,1,1,1,0,1
-0.6015901028225934,-0.6666391278783103,-0.3294244159518578,0,0,0,0,0,0,1,1,1,0,0,0
-0.8222918578592717,-0.5037576729981889,-1.4976677070686424,0,1,0,0,0,0,0,0,1,1,1,0
-0.9705734368054538,-1.1960038562387048,-1.3181936310507012,0,0,1,0,0,0,0,0,0,0,0,0
-0.3915429152704444,-0.7073594915983407,1.0548524851865226,1,1,1,1,1,0,1,0,0,0,0,0
0.3895273238438692,0.2292088739623573,0.5214156481331973,1,1,0,0,1,1,1,0,1,0,0,0
0.5479340507722437,1.4100994218432374,-0.4590445819648154,0,1,0,1,0,0,1,1,0,0,0,1
0.5269116847002843,0.1070477828022663,1.0199547481830342,1,1,1,0,1,0,0,0,0,0,0,1
0.9013877460198896,1.4100994218432374,0.0295237360840249,0,0,0,1,0,0,1,0,1,0,0,0
-0.8237918797825595,-1.1145631287986442,0.5064594751317021,1,1,1,0,0,0,0,0,0,0,0,1
0.991389061417156,1.0436161483629645,0.4998122871310375,1,1,0,0,0,0,1,0,0,0,0,0
-0.7909016931998821,-1.0738427650786138,0.8138919201624348,1,1,1,0,0,0,0,1,0,0,0,1
-0.5053681082728692,1.002895784642934,-1.5009913010689746,0,1,0,1,0,0,0,0,0,0,1,0
2.488697709755448,1.6137012404433893,1.4885815022298807,1,1,0,1,1,0,1,0,0,0,0,1
-0.9727352331066628,-1.2367242199587352,-0.6684310039857471,0,0,0,0,0,0,0,0,1,0,0,0
-0.3048725309087143,-0.0965540357978854,-0.3427187919531868,0,1,0,1,0,1,1,0,0,0,0,0
-0.8282037089687,-1.1145631287986442,0.360221339117083,1,0,1,0,0,0,0,0,0,0,0,0
0.2969671475186415,-0.1372743995179157,1.1396041321949948,1,1,0,1,1,0,0,0,0,0,0,1
0.3828434026268663,1.2879383306831464,-0.562075995975115,0,0,1,1,0,0,1,1,0,0,0,1
-0.6259875182219504,0.4735310562825394,-1.4876969250676455,0,0,0,1,0,1,0,0,0,1,1,0
0.595361214523254,0.6364125111626608,0.2056742181016338,0,1,0,0,0,0,1,1,0,1,0,1
0.3168865562940658,-0.1779947632379461,1.3639467272174215,1,1,1,1,1,0,0,1,0,0,0,1
-0.0381774566065213,0.2292088739623573,-0.1582593249347472,0,1,0,1,0,0,1,1,0,0,0,1
1.498374412342491,1.5729808767233588,0.5297246331340278,1,1,0,1,1,0,1,0,0,0,0,0
-0.9315949259459024,-1.1960038562387048,-0.4856333339674735,0,1,1,1,0,1,0,0,0,0,0,0
1.030080803379608,0.758573602322752,0.8504514541660894,1,1,0,1,0,0,0,0,0,1,0,1
-0.8938076089666093,-1.1960038562387048,0.5180920541328647,1,1,1,0,0,0,0,0,0,0,0,1
2.0619414725800778,1.2879383306831464,1.541759006235197,1,1,1,1,0,0,0,1,0,0,0,1
1.4588664819806028,1.2064976032430856,0.8620840331672525,1,0,0,0,0,0,1,0,0,0,0,0
-0.941345068447273,-1.2367242199587352,0.5131066631323666,1,1,1,0,0,0,0,0,0,0,0,0
-0.9121167000890922,-0.8295205827584317,-1.5093002860698053,0,0,0,0,0,1,0,0,0,0,1,0
-0.994882615621088,-1.2774445836787656,-1.33148800705203,0,1,1,0,0,1,0,0,0,0,0,0
0.510168792938881,0.1477681465222966,1.0548524851865226,1,1,1,1,1,0,0,0,0,0,0,1
-0.3589615567307968,-0.3001558543980371,-0.3211154309510272,0,1,0,1,0,1,0,1,1,1,0,0
-0.516949159886488,-0.62591876415828,0.1408641350951549,0,1,0,0,0,0,0,1,1,0,0,0
-0.9705293185135924,-1.2774445836787656,0.50313588113137,1,0,1,0,0,0,0,0,0,0,0,1
1.3661960099257215,0.7992939660427822,1.3406815692150955,1,1,0,1,1,0,0,0,0,1,0,1
-0.6979665113938326,-0.055833672077855,-1.4544609850643233,0,0,0,1,0,1,0,0,1,0,1,0
-0.5947076492922142,-0.7888002190384014,0.179085466098976,1,1,1,0,0,0,0,0,0,0,0,0
0.7467090147538038,1.0436161483629645,0.1209225710931616,0,1,1,1,0,0,1,1,0,1,0,1
-0.9368450026774098,-0.9924020376385532,-1.4827115340671475,0,0,0,1,0,0,0,0,0,0,1,0
-0.9947943790373652,-1.2774445836787656,-1.3248408190513656,0,1,0,0,0,0,0,0,1,0,0,0
1.1585532692800191,0.758573602322752,0.9717626351782166,1,1,0,0,1,0,0,0,0,1,0,1
-0.4467790166809234,1.3286586944031769,-1.4926823160681442,0,1,0,1,0,1,0,0,0,0,1,0
-0.4199550952291892,-0.3815965818380978,-0.2978502729487016,0,0,0,0,0,0,0,0,0,1,0,0
-0.6137226330844797,-0.8702409464784621,0.3485887601159204,1,0,1,0,0,0,0,0,0,0,0,0
0.5007054193346098,0.0663274190822359,1.1861344481996463,1,1,1,1,0,0,0,0,0,0,0,1
-0.6394877155315403,0.3106496014024181,-1.4993295040688086,0,0,0,0,0,0,0,0,0,0,1,0
-0.922528616968384,-1.1960038562387048,-0.3776165289566755,0,0,0,0,0,0,0,0,0,0,0,0
1.863320922620033,1.4508197855632678,1.034910921184529,1,1,1,0,1,0,0,0,0,0,0,1
0.220488088576896,1.4915401492832985,-0.8528904710041867,0,0,0,1,0,1,1,1,1,0,0,0
-0.689032557291898,0.1477681465222966,-1.479387940066815,0,0,0,1,0,1,0,0,0,0,1,0
-0.9709043239944144,-1.1552834925186746,-1.4710789550659844,0,0,0,1,0,0,0,0,0,1,1,0
-0.7472687025489526,-0.9924020376385532,0.5480044001358552,1,1,1,0,1,0,0,0,0,0,0,0
-0.2370406571718041,-0.4630373092781585,0.4798707231290441,1,0,1,1,0,0,0,1,0,1,0,0
1.137795612959228,1.5322605130033284,0.1392023380949889,0,0,0,1,0,1,1,0,0,0,0,0
0.4514694056172818,0.3106496014024181,0.6676537841478158,1,1,1,1,0,1,0,1,0,0,0,0
-0.3356229803361136,1.0436161483629645,-1.33148800705203,0,1,0,0,0,0,0,0,0,0,1,0
0.5743609075972252,0.4328106925625091,0.5131066631323666,0,1,1,1,0,0,1,0,0,1,0,1
1.831423397604237,1.2879383306831464,1.071470455188184,1,0,0,1,1,0,1,0,0,1,0,1
-0.715437354970949,-0.9924020376385532,0.3402797751150897,1,1,0,1,0,0,1,0,1,0,0,0
0.3364089004427376,0.7992939660427822,-0.2263930019415581,0,0,0,0,0,0,1,1,0,1,0,0
-0.0565306660208657,-0.2187151269579764,0.6792863631489789,1,1,0,1,0,1,0,1,0,0,0,0
-0.6012592156336328,-0.8295205827584317,0.6560212051466532,1,1,1,1,0,1,0,0,0,0,0,0
-0.900712121642919,-0.9516816739185228,-1.4827115340671475,0,0,0,0,0,0,0,0,0,0,1,0
-0.8820942024774062,-1.1552834925186746,0.180747263099142,1,1,1,1,1,0,0,0,0,0,0,0
-0.8758735233249481,-1.1552834925186746,0.3220000081132624,1,1,1,0,1,0,0,0,0,0,0,0
1.742833867546536,1.6137012404433893,0.7424346491552913,0,1,0,1,0,0,1,1,0,0,0,1
-0.9345508515006168,-1.0738427650786138,-1.1736172920362484,0,0,0,0,0,0,1,0,0,0,0,0
-0.97485291111601,-1.2774445836787656,0.1774236690988095,1,0,1,0,0,0,0,0,0,0,0,0
-0.9973532399653268,-1.2774445836787656,-1.517609271070636,0,0,0,0,0,0,0,0,1,0,1,0
-0.5727808582370959,-0.7888002190384014,0.3801629031190768,0,1,1,1,0,0,1,1,0,0,0,0
0.4542047397126888,0.5956921474426305,0.1923798421003046,1,0,0,1,1,1,0,0,0,0,0,0
0.0957215591928427,-0.3408762181180675,1.269224298207953,1,1,0,0,1,0,0,0,0,0,0,1
-0.7466289873169623,-0.3408762181180675,-1.3514295710540236,0,1,0,1,0,1,0,0,0,0,1,0
-0.2294964292635039,1.4100994218432374,-1.2849576910473786,0,1,0,0,0,0,0,0,1,0,1,0
0.998028864342297,1.0843365120829946,0.398442670120904,0,0,0,1,0,1,0,1,0,1,0,1
0.1341265322581958,0.6771328748826912,-0.4191614539608286,0,1,0,1,0,0,0,0,0,0,0,0
1.6545090472400028,1.5729808767233588,0.6875953481498096,0,0,0,1,0,1,1,1,0,0,0,1
2.1316042554292363,1.2879383306831464,1.4686399382278874,1,1,0,0,1,0,1,1,0,0,0,1
0.5163674129454084,1.002895784642934,-0.1665683099355778,0,1,1,1,0,0,1,1,0,0,0,0
-0.3144903185345005,1.6137012404433893,-1.479387940066815,0,0,0,0,0,0,0,0,0,0,1,0
-0.972713173960732,-1.2774445836787656,0.3386179781149237,1,1,1,0,0,0,0,0,0,0,0,0
-0.4736911747163804,-0.4223169455581282,-0.3194536339508612,0,0,1,1,0,1,0,1,0,0,0,0
0.3261955158768223,0.188488510242327,0.5081212721318681,1,0,1,0,0,0,0,0,0,1,0,0
0.1043246261058166,-0.1372743995179157,0.6693155811479823,1,1,1,0,0,0,0,0,0,0,0,1
0.0176763008900174,0.5142514200025698,-0.3526895739541836,0,1,0,1,0,1,0,1,0,1,0,0
-0.9551761529458236,-1.2367242199587352,-0.5039131009693008,0,1,0,0,0,0,0,0,1,0,0,0
0.0633828512584329,-0.2187151269579764,0.8438042661654253,1,0,0,1,0,0,0,0,0,0,0,1
-0.1863928581149112,-0.4630373092781585,0.7241548821534641,1,0,0,1,1,0,0,0,0,0,0,0
-0.9165947067130248,-1.1145631287986442,-0.6883725679877406,0,1,0,0,0,0,0,0,0,0,0,0
1.7529369563827977,1.247217966963116,1.086426628189679,1,0,0,0,0,0,0,0,0,0,0,1
-0.2932253018573034,-0.4223169455581282,0.3668685271177476,1,1,0,1,0,1,0,0,0,0,0,0
1.4973596916296783,1.1657772395230557,1.0548524851865226,1,1,0,1,0,0,0,0,0,1,0,1
-0.8624836217450117,-0.748079855318371,-1.5093002860698053,0,0,0,0,0,0,0,0,1,1,1,0
-0.7089960843591838,-0.748079855318371,-0.6119299059800988,0,1,1,0,1,0,0,0,0,0,0,1
-0.5354126650304859,0.5549717837226001,-1.3397969920528607,0,1,0,1,0,0,0,0,0,1,1,0
-0.5620821724607052,0.8400143297628127,-1.5309036470719648,0,0,0,0,0,0,0,0,1,0,1,0
-0.5461554690987381,0.5956921474426305,-1.4444902030633266,0,1,0,1,0,1,0,0,0,0,1,0
-0.5383244722933387,-0.8295205827584317,0.6543594081464871,1,1,1,0,0,0,0,0,0,0,0,0
-0.256408587298961,1.3286586944031769,-1.2716633150460497,0,0,0,0,0,0,0,0,0,0,1,0
-0.0419716297066021,-0.2594354906780068,0.6792863631489789,1,1,1,0,0,0,0,1,0,1,0,0
-0.9327640606802298,-0.9924020376385532,-1.4827115340671475,0,0,0,1,0,1,0,0,1,0,1,0
0.924196902912236,1.125056875803025,0.2322629701042917,0,1,1,0,1,0,1,0,0,1,0,1
-0.160385125062613,-0.5037576729981889,1.0216165451832002,1,1,0,1,0,1,0,1,0,0,0,1
-0.8707558014690251,-0.8295205827584317,-1.4494755940638249,0,1,1,1,0,1,0,0,0,0,1,0
-0.9812059451440526,-1.1552834925186746,-1.481049737066981,0,1,1,0,0,0,0,0,0,0,1,0
-0.9634042143779756,-1.1552834925186746,-1.3464441800535252,0,1,0,0,0,0,0,0,1,0,0,0
-0.9381464922873212,-1.0738427650786138,-1.3082228490497043,0,0,0,1,0,1,0,0,1,0,1,0
-0.7884751871475049,-1.1145631287986442,1.0548524851865226,1,0,0,0,0,0,0,0,0,0,0,1
-0.9884413450093228,-1.2367242199587352,-1.4960059100684764,0,0,0,0,0,0,0,0,1,0,1,0
1.449336930938539,1.5729808767233588,0.4765471291287116,0,1,0,1,0,0,0,1,0,0,0,1
-0.6763264892358134,0.1070477828022663,-1.4860351280674795,0,0,0,1,0,1,0,0,0,1,1,0
-0.7691513753122096,-0.3001558543980371,-1.4827115340671475,0,1,0,0,0,0,0,0,1,0,1,0
1.904814176115684,1.247217966963116,1.330710787214099,1,1,0,1,0,1,0,0,0,0,0,1
1.6969508440106749,1.5729808767233588,0.612814483142334,0,0,1,1,0,0,1,1,0,0,0,1
1.6164570205095412,1.1657772395230557,1.151236711196158,1,0,0,1,0,0,1,1,0,0,0,0
0.1672373103001803,0.188488510242327,0.3436033691154218,0,0,0,1,0,1,1,0,0,1,0,1
-0.972558759939217,-1.2774445836787656,0.3502505571160864,1,1,0,0,1,0,0,0,0,0,0,0
0.6362588710787764,0.6771328748826912,0.3220000081132624,0,1,0,0,0,0,0,1,0,0,0,1
-0.6121784928693306,0.5142514200025698,-1.4594463760648215,0,0,0,1,0,1,0,0,1,0,1,0
2.5972728260263658,1.5729808767233588,1.624848856243503,1,0,0,1,0,1,1,1,0,0,0,1
-0.9728234696903856,-1.2774445836787656,0.3303089931140931,1,1,1,1,0,1,0,0,0,0,0,0
-0.942006842825194,-1.2367242199587352,0.5147684601325326,1,1,1,0,0,0,0,0,0,0,0,0
-0.8900575541583898,-1.1145631287986442,-0.4457502059634864,0,1,1,0,0,0,0,0,0,0,0,0
-0.9843383438662122,-1.2774445836787656,-0.5371490409726233,0,1,0,0,0,0,1,0,0,0,0,0
1.7404955980778811,1.6137012404433893,0.7274784761537967,0,0,0,0,0,0,1,1,0,0,0,1
0.1532959300719761,-0.0965540357978854,0.8404806721650927,1,1,1,1,1,0,0,0,0,0,0,0
0.6500678964313961,1.2064976032430856,-0.1532739339342488,0,1,0,1,0,0,0,1,0,0,0,0
0.9676313612497892,0.758573602322752,0.750743634156122,1,1,1,0,0,0,0,1,0,0,0,0
-0.6628483510721542,-0.9924020376385532,0.9784098231788813,1,1,1,1,0,1,0,0,0,0,0,1
-0.2042607663187803,-0.4223169455581282,0.6643301901474837,1,1,1,0,0,1,0,0,0,0,0,1
-0.7039886582329143,-0.2594354906780068,-1.288281285047711,0,0,0,1,0,0,0,0,1,1,1,0
2.2112157130931416,1.5729808767233588,1.3456669602155942,1,1,1,1,0,0,0,1,0,0,0,1
0.1591857220354739,0.4328106925625091,-0.1449649489334182,0,1,0,1,0,1,1,1,0,1,0,1
-0.600509204671989,-0.9516816739185228,1.1877962451998123,1,1,1,0,1,0,0,0,0,0,0,1
2.1567296226443067,1.5729808767233588,1.151236711196158,1,1,1,1,1,0,1,1,0,0,0,0
0.4592783432767504,0.3513699651224484,0.5014740841312035,0,1,0,0,0,0,1,1,0,1,0,1
-0.4296170011468368,-0.5851984004382496,0.2787932861089434,1,1,1,1,0,0,0,0,0,0,0,0
-0.2679675797666491,1.369379058123207,-1.3115464430500368,0,1,0,1,0,1,0,0,0,0,1,0
1.9460647790060976,1.369379058123207,1.1977670272008092,1,1,1,1,1,0,0,0,0,0,0,1
-0.8782338519395333,-1.1960038562387048,0.8737166121684152,1,0,1,0,1,0,0,0,0,0,0,0
-0.6671498845286412,-0.748079855318371,-0.3078210549496983,0,1,0,0,0,0,0,0,0,0,0,0
0.4782712679230853,0.8400143297628127,0.0079203750818651,0,0,0,1,0,1,0,1,0,0,0,0
-0.6572453280057557,0.2699292376823877,-1.4727407520661506,0,1,0,1,0,0,0,0,0,0,1,0
-0.8433804013690234,-1.1552834925186746,0.8404806721650927,1,1,1,0,0,0,0,0,0,0,0,1
-0.9706837325351072,-1.2774445836787656,0.4915033021302069,1,1,0,0,0,0,0,0,1,0,0,0
-0.24068041625037,0.0663274190822359,-0.4972659129686364,0,1,1,0,0,0,0,0,0,0,0,0
-0.369329355318227,0.0663274190822359,-0.6617838159850825,0,1,1,1,0,1,0,1,0,0,0,0
0.462057795664019,-0.0965540357978854,1.5184938482328711,1,0,0,0,0,0,0,1,0,1,0,1
0.1980318780194408,0.3513699651224484,0.0577742850868488,0,1,0,1,0,1,0,1,0,1,0,1
0.3213645629179985,0.0256070553622056,1.0049985751815391,1,1,0,1,0,0,0,1,0,0,0,1
0.8968215028122342,0.5549717837226001,0.9933659961803764,1,1,1,1,0,0,0,0,0,1,0,0
-0.9903163724134324,-1.2774445836787656,-0.9874960280176428,0,0,0,0,0,0,0,0,1,0,0,1
-0.9244257035184242,-1.1552834925186746,-0.5105602889699654,0,1,1,0,0,1,1,0,0,0,0,0
1.1572517796701078,0.9621754209229036,0.6925807391503077,1,1,0,1,0,0,0,0,0,0,0,0
-0.9688307642769284,-1.1552834925186746,-1.46443176706532,0,1,0,0,0,0,0,0,0,0,1,0
-0.9970002936304354,-1.2774445836787656,-1.491020519067978,0,0,0,0,0,0,0,0,1,0,1,0
-0.9818015420841816,-1.2774445836787656,-0.346042385953519,0,0,1,0,0,0,0,0,0,0,0,0
-0.5420745271015581,-0.0151133083578247,-0.9841724340173104,0,1,1,1,0,1,1,0,0,0,0,0
-0.9026753856307516,-1.1960038562387048,0.5513279941361872,1,1,1,0,1,0,0,0,0,0,0,0
-0.9483157585613752,-0.9924020376385532,-1.4976677070686424,0,0,0,1,0,1,0,0,1,0,1,0
-0.9185579707008574,-1.2367242199587352,1.0332491241843629,1,1,1,0,0,0,0,0,0,0,0,1
-0.9967797021711284,-1.2774445836787656,-1.4744025490663168,0,0,0,0,0,0,0,0,1,0,1,0
-0.3610130573023521,-0.2187151269579764,-0.3759547319565092,0,0,0,0,0,0,1,1,1,0,0,0
0.6242586956924742,0.0256070553622056,1.5002140812310438,1,1,0,1,1,0,1,1,0,0,0,1
1.9728004638741088,1.1657772395230557,1.3822264942192488,1,1,1,1,0,0,0,1,0,0,0,1
-0.9967135247333362,-1.2774445836787656,-1.4694171580658184,0,0,0,1,0,1,0,0,1,0,1,0
0.9610797949083704,0.9214550572028734,0.4316786101242265,1,1,1,1,0,0,0,0,0,0,0,0
-0.2172315441260333,1.6137012404433893,-1.3148700370503688,0,0,0,1,0,1,0,0,0,0,1,0
-0.968632231963552,-1.1552834925186746,-1.5259182560714666,0,0,0,1,0,1,0,0,1,0,1,0
-0.8255566114570158,-1.1145631287986442,0.6909189421501416,1,1,1,0,1,0,0,0,0,0,0,1
1.4508810711536886,0.7992939660427822,1.3107692232121058,1,1,1,1,1,0,1,0,0,0,0,1
1.1111922829668008,1.369379058123207,0.3269853991137605,0,1,0,0,0,0,1,0,0,0,0,1
-0.9712352111833747,-1.1552834925186746,-1.4960059100684764,0,0,0,0,0,0,0,0,1,0,1,0
2.471734226534738,1.6137012404433893,1.5301264272340338,1,1,0,1,1,0,0,1,0,0,0,1
-0.9314405119243876,-1.2367242199587352,0.8770402061687477,1,1,1,0,0,0,1,0,0,0,0,0
-0.4000798047456262,1.4100994218432374,-1.5126238800701377,0,1,0,1,0,1,0,0,0,0,1,0
-0.4727646905872908,-0.3408762181180675,-0.4075288749596656,0,1,0,1,0,1,1,1,1,0,0,1
-0.7142020427988296,-1.0331224013585834,1.0166311541827018,1,1,1,0,0,0,0,0,0,0,0,1
-0.9675733929588785,-1.1552834925186746,-1.3397969920528607,0,1,1,0,0,0,0,0,0,0,0,0
-0.9398009282321238,-1.2367242199587352,0.4582673621268844,1,1,1,0,1,0,0,0,0,0,0,0
-0.3795647990300729,1.6137012404433893,-1.4494755940638249,0,1,0,0,0,0,0,0,0,0,1,0
-0.687929599995363,-0.9109613101984924,0.3502505571160864,1,0,1,1,1,0,1,0,0,0,0,0
-0.9834780371749148,-1.2774445836787656,-0.4723389579661445,0,0,1,0,0,0,0,0,0,0,0,0
0.72052480853406,0.4735310562825394,0.785641371159611,1,0,0,1,1,0,0,0,1,1,0,1
-0.3189242068665718,-0.62591876415828,0.9285559131738974,1,1,0,0,0,1,0,1,0,0,0,0
0.8017024655590449,1.0843365120829946,0.144187729095487,0,1,0,1,0,0,1,1,1,1,0,1
-0.2288346548855828,-0.5444780367182193,0.827186296163764,1,0,0,1,0,0,0,0,1,0,0,1
2.60430969357826,1.6137012404433893,1.624848856243503,1,1,0,1,0,0,1,1,0,0,0,1
-0.8865942682472695,-0.9109613101984924,-1.3381351950526947,0,1,0,0,0,0,0,0,1,0,1,0
-0.7662175089034261,-0.1779947632379461,-1.491020519067978,0,0,0,1,0,1,0,0,1,1,1,0
-0.0338097457122422,0.188488510242327,-0.1998042499389002,0,1,0,1,0,1,1,1,1,1,0,0
-0.5225521829528864,-0.7888002190384014,0.641065032145158,1,0,1,1,0,1,1,0,0,0,0,1
-0.5529717451913252,0.9214550572028734,-1.504314895069307,0,0,0,1,0,1,0,0,1,1,1,0
-0.9902281358297098,-1.2774445836787656,-0.980848840016978,0,1,0,0,0,0,0,0,0,0,0,1
1.1845610023323172,0.5142514200025698,1.4520219682262263,1,1,0,0,0,0,1,1,0,0,0,1
1.459903261839346,1.4100994218432374,0.6344178441444933,1,0,0,1,1,0,1,0,0,0,0,0
1.9200791050997303,1.3286586944031769,1.3406815692150955,1,0,0,0,0,0,0,0,0,0,0,1
2.3729313119111217,1.6137012404433893,1.4187860282229037,1,0,0,1,0,1,1,1,0,0,0,1
-0.9660513118896598,-1.1960038562387048,-1.166970104035584,0,0,0,0,0,1,0,0,1,0,0,0
0.1412736955397433,-0.2594354906780068,1.1877962451998123,1,1,0,0,0,0,0,0,0,0,0,1
1.3932625819826936,1.5322605130033284,0.3519123541162524,0,0,0,1,0,1,1,1,0,0,0,1
-0.5958326657346801,0.5142514200025698,-1.4760643460664828,0,0,0,1,0,1,0,0,1,0,1,0
0.0960083280899418,0.2292088739623573,0.179085466098976,0,1,0,0,1,0,0,1,0,1,0,0
-0.2675043377021042,1.4915401492832985,-1.30157566104904,0,1,0,1,0,1,0,0,0,0,1,0
0.4289470176220345,0.5956921474426305,0.0893484280900052,0,1,0,1,1,0,1,0,0,0,0,0
-0.2422466156114499,1.5729808767233588,-1.3397969920528607,0,0,0,1,0,0,0,0,0,0,1,0
-0.93088903327612,-0.9924020376385532,-1.4993295040688086,0,0,0,1,0,1,0,0,0,0,1,0
0.6296631864454963,0.3106496014024181,1.074794049188516,1,1,0,1,0,0,0,0,0,0,0,1
1.8183423240673304,1.125056875803025,1.3672703212177542,1,1,1,1,1,0,0,0,0,0,0,1
-0.970948442286276,-1.2774445836787656,0.4715617381282135,1,1,1,0,0,0,0,0,0,0,0,0
-0.2343494413682585,1.3286586944031769,-1.3115464430500368,0,1,0,1,0,1,0,0,0,0,1,0
-0.6577747475080926,-0.9109613101984924,0.5297246331340278,1,1,0,0,0,0,0,0,0,0,0,0
1.708553954770224,1.5729808767233588,0.6659919871476498,1,1,1,1,0,1,0,1,0,0,0,0
0.8201439115571123,1.5322605130033284,-0.1466267459335843,0,0,1,1,0,1,0,1,0,1,0,1
0.5195880482512909,0.9621754209229036,-0.1649065129354117,0,1,0,1,0,1,1,0,0,0,0,0
0.7856654664674244,0.4735310562825394,1.0083221691818711,1,1,0,1,0,0,1,1,0,0,0,0
-0.5936708694334712,-0.9109613101984924,0.9219087251732327,1,1,0,1,1,0,0,1,1,0,0,0
-0.7441363038267929,-0.8295205827584317,-0.5221928679711283,0,1,0,0,0,0,0,0,0,0,0,0
1.322849788171891,0.880734693482843,1.3140928172124378,1,1,1,1,0,0,0,0,0,0,0,1
1.4432927249535266,0.7178532386027215,1.4919050962302134,1,1,1,0,0,0,1,1,0,0,0,1
0.6959068016753959,1.3286586944031769,-0.1948188589384019,0,0,0,1,0,0,1,1,0,0,0,0
1.2129511231451315,1.247217966963116,0.5579751821368518,1,1,0,1,0,0,0,0,0,0,0,0
-0.3487261130189509,0.5549717837226001,-1.1304105700319294,0,1,0,0,0,0,1,0,0,1,0,0
-0.983169209131885,-1.2774445836787656,-0.4490737999638187,0,0,0,0,0,0,0,1,1,0,0,0
-0.9855515968924008,-1.2774445836787656,-0.62854787598176,0,1,0,1,0,1,0,0,1,0,0,0
0.0795963235174993,0.5549717837226001,-0.346042385953519,0,0,0,0,0,0,0,1,0,0,0,0
0.6025966143885244,0.4328106925625091,0.6676537841478158,1,1,1,0,1,0,0,0,0,0,0,0
0.0739933004511007,0.0256070553622056,0.2654989101076142,0,1,0,1,0,0,1,0,0,0,0,0
-0.9464407311572652,-1.1960038562387048,-0.6800635829869099,0,0,0,1,0,1,0,0,1,0,0,0
2.273113676574693,1.369379058123207,1.5334500212343665,1,0,0,0,1,0,0,1,0,1,0,1
-0.8627703906421108,-0.7073594915983407,-1.328164413051698,0,1,1,0,0,1,0,0,0,0,1,0
-0.1535247306781645,-0.5444780367182193,1.1695164781979852,1,1,1,0,0,0,0,0,0,0,0,1
-0.9649924728849862,-1.2367242199587352,-0.5637377929752814,0,1,1,0,0,0,1,0,0,0,0,0
0.932116136301358,1.2879383306831464,0.0461417060856861,0,1,0,1,0,0,1,0,0,1,0,0
-0.6377671021489455,-0.6666391278783103,-0.3609985589550142,0,1,0,0,0,0,0,1,1,0,0,0
0.30759965585724,0.188488510242327,0.4698999411280475,0,1,0,0,0,0,1,1,0,0,0,0
-0.8337405545973063,-0.7888002190384014,-1.1004982240289392,0,1,1,0,0,0,0,0,0,0,0,0
-0.3939473621768909,-0.1779947632379461,-0.4640299729653139,0,0,0,1,0,1,1,1,1,1,0,0
-0.6564953170441119,-0.9516816739185228,0.6892571451499756,1,1,1,0,0,0,0,0,0,0,0,0
0.5939935474755504,0.1070477828022663,1.249282734205959,1,1,0,0,0,0,0,0,0,1,0,1
-0.8194682871801419,-0.9516816739185228,-0.5371490409726233,0,0,0,1,0,1,1,0,1,1,0,0
-0.8086593056740976,-0.9924020376385532,-0.2995120699488677,0,0,1,1,0,1,0,0,0,0,0,0
0.9016083374791968,0.9214550572028734,0.4333404071243925,0,1,0,0,0,0,0,0,0,0,0,1
-0.0069196468227157,-0.3408762181180675,0.9568064621767214,1,1,1,1,1,0,0,0,0,0,0,1
-0.577898580093019,-0.5851984004382496,-0.2828940999472064,0,0,0,0,0,0,1,0,1,0,0,0
0.8754241312594527,1.6137012404433893,-0.1582593249347472,0,1,1,1,0,1,0,1,0,0,0,1
1.2285689984640686,1.4100994218432374,0.3436033691154218,0,0,0,1,0,0,1,0,1,1,0,1
-0.5835236623053481,-0.5851984004382496,-0.344380588953353,0,1,0,1,0,1,0,1,0,1,0,0
0.1638843201187133,1.0436161483629645,-0.6468276429835875,0,1,1,1,1,0,0,0,0,0,0,1
2.19798022553472,1.4915401492832985,1.3822264942192488,1,1,0,1,0,1,1,1,0,0,0,1
1.6419573932054332,1.2064976032430856,1.0415581091851935,1,0,1,1,0,0,1,0,0,1,0,1
2.5395440411257173,1.4508197855632678,1.742836443255298,1,1,0,0,0,0,1,1,0,1,0,1
0.2639225469144491,-0.055833672077855,1.0581760791868549,1,1,0,0,1,0,0,1,0,0,0,0
-0.3086667040087952,-0.055833672077855,-0.4773243489666429,0,1,0,1,1,0,1,0,0,1,0,1
-0.966183666765244,-1.2367242199587352,-0.6567984249845842,0,1,1,1,0,0,0,0,0,0,0,0
-0.9754926263480004,-1.2774445836787656,0.1292315560939922,1,0,1,0,0,0,0,0,0,0,0,0
1.019404176749148,1.0843365120829946,0.4798707231290441,1,1,0,0,1,0,0,0,0,0,0,0
-0.9359185185483204,-0.9924020376385532,-1.479387940066815,0,0,0,1,0,0,0,0,1,0,1,0
0.343423708848701,1.5322605130033284,-0.6700928009859131,0,1,0,0,0,0,1,1,0,0,0,0
0.8751594215082842,1.4915401492832985,-0.1316705729320893,0,1,0,1,0,0,0,1,0,1,0,1
-0.2272022780867108,1.5322605130033284,-1.3530913680541898,0,0,0,1,0,1,0,0,1,0,1,0
1.0003891929568822,0.6771328748826912,0.8404806721650927,1,0,0,1,1,0,0,0,0,0,0,1
-0.5531482183587707,-0.748079855318371,0.3519123541162524,1,0,1,0,0,0,0,0,0,0,0,0
-0.2942620817160464,-0.5851984004382496,0.8421424691652587,1,1,1,0,0,0,0,1,0,0,0,1
-0.8365641252764363,-0.8702409464784621,-0.9991286070188056,0,0,0,0,0,0,0,0,1,0,0,0
-0.1926576555592308,-0.3815965818380978,0.4582673621268844,0,1,1,0,0,0,1,0,0,1,0,1
-0.7636145296836031,-0.9924020376385532,0.3269853991137605,1,1,0,0,0,0,0,0,0,0,0,0
1.6828991680528171,1.6137012404433893,0.7274784761537967,0,0,0,1,0,0,1,1,0,0,0,1
-0.4012048211880921,-0.5037576729981889,0.1375405410948229,0,1,0,0,0,0,0,1,0,0,0,1
0.5638166358423494,0.7178532386027215,0.1657910900976468,1,1,0,1,0,1,0,0,0,0,0,0
0.972462314208613,0.5142514200025698,1.181149057199148,1,1,1,0,0,0,1,0,0,1,0,1
-0.4366538686987309,-0.7888002190384014,1.0066603721817051,1,1,1,0,1,0,0,0,0,0,0,1
-0.9815147731870822,-1.2774445836787656,-0.3244390249513595,0,1,0,0,0,0,0,0,0,0,0,0
0.7867463646180288,0.4735310562825394,0.8521132511662559,1,1,0,0,0,0,0,0,1,0,0,1
-0.3776897716259632,1.6137012404433893,-1.4860351280674795,0,0,0,1,0,0,0,0,0,0,1,0
-0.9056533703313964,-0.9924020376385532,-1.1802644800369129,0,1,0,0,0,0,0,0,1,0,0,0
-0.4282052158072718,0.2699292376823877,-0.9708780580159816,0,0,0,0,0,0,0,1,1,1,0,0
-0.7976076735628157,-0.2594354906780068,-1.5009913010689746,0,1,0,0,0,0,0,0,0,1,1,0
-0.385785478182531,-0.3001558543980371,-0.3061592579495322,0,0,0,1,0,0,0,0,0,0,0,0
-0.6119358422640928,-0.5851984004382496,-0.4906187249679718,0,1,0,0,0,0,0,0,1,0,0,0
0.2566430287573173,-0.0151133083578247,0.9701008381780504,1,1,0,1,1,1,0,0,1,0,0,1
2.066110651160981,1.5729808767233588,1.126309756193666,1,1,0,1,0,0,0,0,0,1,0,1
0.9901537492450364,0.880734693482843,0.7125223031523015,0,1,1,1,0,1,0,1,0,0,0,1
-0.4428966069971198,1.247217966963116,-1.4976677070686424,0,0,0,1,0,1,0,0,1,0,1,0
0.1185968935229813,0.4328106925625091,-0.1582593249347472,0,1,1,0,0,0,0,0,0,0,0,1
0.6397221569898968,0.3920903288424788,0.7025515211513048,1,1,0,1,0,0,0,1,0,0,0,0
-0.7618056797172855,-0.3408762181180675,-1.3165318340505352,0,0,0,0,0,0,0,0,0,0,1,0
1.4693225171517557,1.0436161483629645,0.9817334171792133,1,1,1,1,0,0,0,0,0,1,0,1
1.3809094602615002,0.9214550572028734,1.17616366619865,1,1,1,0,1,0,0,0,0,1,0,1
-0.2909752689723717,-0.1372743995179157,-0.3161300399505289,0,1,1,0,0,0,0,0,0,1,0,0
0.6299499553425955,1.247217966963116,-0.1914952649380696,0,0,1,1,0,1,1,0,0,0,0,1
0.2572165665515156,-0.1372743995179157,1.126309756193666,1,0,1,0,1,0,0,1,0,0,0,1
-0.942095079408917,-1.0331224013585834,-1.479387940066815,0,0,0,1,0,1,0,0,1,0,1,0
0.8944391150517185,0.758573602322752,0.6344178441444933,0,1,0,1,0,0,1,1,0,0,0,1
0.0164851070097594,-0.4630373092781585,1.5434208032353631,1,1,1,1,0,0,0,1,0,0,0,1
-0.9368008843855484,-1.2367242199587352,0.7341256641544608,1,1,0,1,1,0,0,0,1,0,0,0
-0.6241345499637714,0.4735310562825394,-1.4710789550659844,0,1,0,1,0,1,0,0,0,1,1,0
-0.2179815550876772,-0.1779947632379461,-0.128346978931757,0,0,0,1,0,0,1,1,1,0,0,0
-0.3831824989627081,1.5322605130033284,-1.4827115340671475,0,1,0,1,0,1,0,0,0,0,1,0
-0.7622689217818303,-0.9924020376385532,-0.128346978931757,0,0,0,1,1,0,1,0,0,0,0,0
-0.9854854194546088,-1.2774445836787656,-0.6235624849812617,0,0,1,1,1,0,0,0,0,0,0,0
-0.4170432879663364,-0.7888002190384014,1.071470455188184,1,0,1,1,0,1,0,0,0,0,0,1
1.3592914972494117,1.6137012404433893,0.3203382111130964,0,0,0,1,1,0,1,1,0,0,0,0
0.2254072781194427,0.7992939660427822,-0.3659839499555126,0,0,1,0,0,0,1,0,0,1,0,0
-0.978801498237606,-1.2774445836787656,-0.1200379939309264,0,0,1,0,0,0,1,0,0,0,0,0
0.2068996546835832,1.2064976032430856,-0.7033287409892356,0,1,0,0,0,0,0,0,0,0,0,1
-0.2183124422766377,1.4100994218432374,-1.30157566104904,0,0,0,1,0,0,0,0,0,0,1,0
-0.5721190838591749,0.6364125111626608,-1.4827115340671475,0,0,0,0,0,0,0,0,0,0,1,0
0.3908288134537805,0.1070477828022663,0.82884809316393,1,1,1,1,0,1,0,1,0,1,0,0
0.5296911370875527,0.5142514200025698,0.3452651661155883,0,0,0,1,1,0,1,1,0,0,0,1
-0.9103960867064976,-0.8702409464784621,-1.4976677070686424,0,0,0,0,0,1,0,0,0,0,1,0
-0.895748813808511,-1.1552834925186746,-0.1150526029304281,0,1,1,0,0,0,0,1,0,0,0,0
-0.8751235123633042,-0.6666391278783103,-1.4843733310673135,0,0,0,0,0,0,0,0,1,1,1,0
-0.8340493826403362,-0.5851984004382496,-1.502653098069141,0,1,0,0,0,0,0,0,1,0,1,0
-0.9968458796089206,-1.2774445836787656,-1.479387940066815,0,1,0,0,0,0,0,0,1,0,1,0
-0.8323287692577414,-0.5037576729981889,-1.4760643460664828,0,0,0,1,0,0,0,0,1,1,1,0
1.598589112305672,1.4100994218432374,0.7989357471609396,0,1,0,0,0,0,1,1,0,1,0,1
2.509080360595417,1.6137012404433893,1.5135084572323727,1,1,0,1,0,1,1,0,0,0,0,1
-0.8727411246027884,-0.6666391278783103,-1.4976677070686424,0,0,0,1,0,1,0,0,1,0,1,0
-0.8845868859675755,-0.8295205827584317,-1.3132082400502028,0,0,0,1,0,1,0,0,0,0,1,0
2.590875673706462,1.5322605130033284,1.721233082253138,1,1,0,1,0,1,1,1,0,0,0,1
-0.9574703041226166,-1.0738427650786138,-1.4561227820644893,0,1,0,0,0,0,0,0,1,0,1,0
1.3706519574037237,1.0843365120829946,0.9501592741760568,1,0,1,1,0,0,0,1,0,0,0,0
-0.1530835477595505,0.7178532386027215,-0.8329489070021932,0,0,0,0,0,0,0,1,0,0,0,0
0.5367280046394469,0.1070477828022663,1.217708591202803,1,1,1,0,1,0,0,0,0,0,0,1
-0.7443127769942385,-0.7888002190384014,-0.6966815529885713,0,0,1,1,0,0,0,0,0,1,0,0
0.1358692047867212,-0.055833672077855,0.4881797081298748,0,1,0,0,0,1,0,1,1,1,0,1
-0.7996812332803017,-0.4630373092781585,-1.33148800705203,0,0,0,0,0,1,0,0,1,0,1,0
-0.6397965435745702,-0.9924020376385532,1.3539759452164248,1,1,1,0,1,0,0,0,0,0,0,1
0.6215674798889286,0.0663274190822359,1.3489905542159264,1,1,0,0,0,1,1,0,0,0,0,1
-0.791276698680704,-0.3815965818380978,-1.5109620830699717,0,0,0,1,0,0,0,0,0,1,1,0
0.2326647371306437,-0.1372743995179157,1.1312951471941644,1,1,0,0,0,0,0,1,0,0,0,1
0.6742447203714461,0.9621754209229036,0.1325551500943243,0,1,0,1,0,1,1,0,0,1,0,1
0.1351191938250774,0.3106496014024181,0.0112439690821971,0,0,0,0,0,0,1,0,1,0,0,0
0.0288823470228141,0.188488510242327,-0.0003886099189655,0,1,1,0,0,0,0,0,0,0,0,1
1.1512516919769564,0.6771328748826912,1.116338974192669,1,1,1,1,0,1,0,0,0,0,0,1
-0.1618630878399701,0.4328106925625091,-0.8080219519997013,0,1,1,0,0,1,1,0,0,0,0,0
1.4563737984904337,1.0843365120829946,1.0598378761870213,1,1,0,1,0,1,0,1,0,0,0,1
-0.0815457375062823,0.1070477828022663,-0.1715537009360761,0,1,1,0,0,0,1,0,0,0,0,0
-0.7357317692271953,-0.8295205827584317,-0.4490737999638187,0,1,1,1,0,0,0,0,0,0,0,0
-0.7467613421925465,-0.0965540357978854,-1.46443176706532,0,0,0,1,0,0,0,0,0,1,1,0
-0.2404818839369937,1.6137012404433893,-1.3514295710540236,0,0,0,1,0,1,0,0,0,0,1,0
-0.8947120339497681,-1.1960038562387048,0.4948268961305394,1,1,0,1,0,0,0,1,0,0,0,0
0.8171659268564674,0.3106496014024181,1.330710787214099,1,0,0,0,0,0,0,1,0,0,0,1
1.1157364670285257,1.6137012404433893,0.112613586092331,0,0,0,1,0,0,1,1,1,0,0,0
-0.4323302760963133,-0.5851984004382496,0.1192607740929951,0,1,1,0,0,0,1,1,0,0,0,0
0.068566750552148,-0.055833672077855,0.4549437681265523,1,1,1,0,0,0,0,1,0,0,0,0
0.4616827901831969,0.3513699651224484,0.50313588113137,0,0,0,1,0,1,1,1,0,0,0,1
2.1272806628268186,1.5322605130033284,1.269224298207953,1,1,1,1,1,0,0,0,0,0,0,1
0.4223513329887545,1.125056875803025,-0.3709693409560109,0,0,1,0,0,0,1,0,0,0,0,1
-0.5287508029594138,-0.3815965818380978,-0.5005895069689685,0,0,0,0,0,0,0,0,0,0,0,0
2.182847651426258,1.3286586944031769,1.4835961112293827,1,1,0,1,1,0,1,0,0,0,0,1
1.2982317813132274,0.7178532386027215,1.3356961782145975,1,1,1,0,1,0,0,1,0,0,0,1
0.2571283299677929,0.2292088739623573,0.4715617381282135,0,0,0,1,0,1,0,0,0,1,0,1
1.1608915387486736,0.758573602322752,1.0515288911861906,1,1,0,1,0,0,1,0,0,1,0,1
-0.8771970720807902,-1.1145631287986442,-0.2862176939475387,0,0,1,0,0,0,0,1,0,0,0,0
1.6897375032913349,1.247217966963116,1.0382345151848615,1,1,1,1,0,0,0,0,0,1,0,1
-0.5953032462323432,-0.9109613101984924,1.0116457631822036,1,0,1,0,0,1,0,0,0,0,0,1
-0.936911180115202,-1.1552834925186746,-0.8711702380060141,0,0,0,1,0,1,1,0,0,0,0,0
0.0625887220049276,0.3920903288424788,-0.1532739339342488,0,1,0,0,0,0,1,0,0,1,0,0
2.096022853043013,1.5729808767233588,1.1877962451998123,1,0,0,1,0,1,1,0,0,0,0,0
-0.758210038930581,-0.2187151269579764,-1.5009913010689746,0,1,0,0,0,0,0,0,1,0,1,0
1.517940874783024,0.758573602322752,1.5550533822365258,1,1,1,1,0,0,1,1,0,1,0,1
1.4193585516187144,1.0843365120829946,0.830509890164096,1,1,1,0,1,0,1,0,0,0,0,0
0.1663108261710906,-0.1372743995179157,0.8421424691652587,1,0,0,1,1,0,1,0,0,1,0,1
1.301518594056902,1.002895784642934,0.8537750481664219,1,1,0,0,0,0,0,1,0,0,0,0
0.3085923174241217,-0.055833672077855,0.9883806051798778,1,1,1,0,0,0,0,0,0,0,0,1
-0.7640998308940786,-0.9516816739185228,0.006258578081699,0,0,0,0,0,0,1,1,1,0,0,1
0.7092084666716095,0.2292088739623573,1.332372584214265,1,1,1,0,0,0,1,0,0,1,0,1
-0.7059739813666775,-0.7073594915983407,-0.520531070970962,0,1,1,0,0,0,0,0,0,0,0,0
-0.9967797021711284,-1.2774445836787656,-1.4744025490663168,0,0,0,0,0,0,0,0,1,0,1,0
-0.957823250457508,-1.1960038562387048,-0.9276713360116622,0,1,0,0,0,0,0,1,1,0,0,0
-0.6004650863801275,0.6771328748826912,-1.520932865070968,0,0,0,1,0,0,0,0,0,1,1,0
-0.2769015338685836,-0.3815965818380978,0.1574821050968162,0,1,0,1,0,1,0,1,0,0,0,0
-0.9581100193546068,-1.1145631287986442,-1.4926823160681442,0,0,0,0,0,0,0,0,0,0,1,0
-0.7959091193261516,-0.9109613101984924,-0.5055748979694671,0,0,0,1,0,1,0,0,1,1,0,0
-0.449249641025162,0.7178532386027215,-1.3231790220511994,0,0,0,1,0,1,0,0,1,0,1,0
1.4100937103278195,1.125056875803025,0.9750862291785486,1,1,0,1,0,0,1,0,0,0,0,1
-0.9287051778289808,-1.0331224013585834,-1.479387940066815,0,1,0,1,0,1,0,0,0,0,1,0
0.1280602671272526,-0.0151133083578247,0.4831943171293762,1,0,0,1,1,0,0,0,1,0,0,0
-0.4706911308698049,-0.6666391278783103,0.3436033691154218,1,0,0,0,0,0,0,0,0,0,0,0
-0.83102727964783,-1.1552834925186746,1.0199547481830342,1,1,1,0,1,0,0,0,0,0,0,1
-0.7104299288446795,0.0256070553622056,-1.4860351280674795,0,0,0,1,0,0,0,0,1,0,1,0
-0.8558217596739395,-1.1145631287986442,0.0278619390838584,0,1,0,0,0,0,0,1,0,0,0,1
-0.2198786416377177,-0.5037576729981889,0.8620840331672525,1,1,0,0,0,0,0,0,0,0,0,0
0.8088716879865232,1.5322605130033284,-0.2114368289400632,0,1,0,1,0,1,0,1,0,1,0,1
-0.8762264696598393,-1.1960038562387048,1.127971553193832,1,1,1,0,0,0,0,1,0,0,0,1
-0.0071843565738843,-0.3408762181180675,1.0565142821866886,1,1,1,1,1,1,0,0,0,0,0,1
-0.918888857889818,-1.1552834925186746,-0.6468276429835875,0,1,0,0,0,0,0,0,1,0,0,0
-0.4268816670514297,-0.6666391278783103,0.5396954151350245,1,1,1,0,0,1,0,0,0,0,0,0
0.3572989116391128,-0.0151133083578247,1.1329569441943304,1,1,1,1,0,1,0,0,0,0,0,1
-0.1621719158829999,-0.1372743995179157,0.0444799090855196,0,1,1,0,0,0,1,0,0,0,0,1
-0.9421833159926396,-1.2367242199587352,0.5280628361338618,1,1,1,0,0,0,0,0,0,0,0,0
-0.5805015593128419,0.2292088739623573,-1.3198554280508674,0,0,0,1,0,1,0,0,0,0,1,0
1.3713799092194363,1.4915401492832985,0.3652067301175816,0,1,0,1,0,1,1,1,0,0,0,0
1.951689861218427,1.2064976032430856,1.3722557122182522,1,1,0,1,0,1,0,1,0,1,0,1
-0.6117152508047858,-0.8702409464784621,0.7125223031523015,1,0,1,0,0,1,0,0,0,0,0,1
-0.992676701028018,-1.2774445836787656,-1.1653083070354178,0,0,0,0,0,0,1,0,1,0,0,0
0.7483193324067451,1.4508197855632678,-0.1366559639325876,0,1,0,1,1,0,0,1,0,1,0,0
-0.8580717925588712,-1.1145631287986442,0.3186764141129299,1,1,1,1,1,0,0,0,0,0,0,0
0.5254778402147886,0.0663274190822359,1.2974748472107769,1,1,1,0,0,1,1,0,0,1,0,1
-0.9450730641095618,-1.0331224013585834,-1.4876969250676455,0,0,0,0,0,0,0,0,0,0,1,0
-0.4193594982890601,-0.62591876415828,0.5563133851366857,1,0,0,1,1,0,0,0,0,0,0,1
2.188671265951964,1.4915401492832985,1.3489905542159264,1,0,0,1,0,0,0,1,0,0,0,1
-0.9968679387548512,-1.2774445836787656,-1.481049737066981,0,0,0,0,0,0,0,0,1,0,1,0
-0.9394479818972328,-0.9516816739185228,-1.504314895069307,0,0,0,0,0,0,0,0,0,0,1,0
-0.2370185980258734,-0.62591876415828,1.2559299222066236,1,1,1,1,0,0,0,0,0,0,0,1
0.9423736391591347,1.0436161483629645,0.3668685271177476,0,0,0,1,0,1,1,1,1,0,0,0
1.4850506882003467,0.880734693482843,1.307445629211773,1,1,0,1,0,1,1,0,0,0,0,1
0.6069422661368727,0.0256070553622056,1.5184938482328711,1,1,1,0,1,0,0,1,0,0,0,1
1.1538546711967796,0.4328106925625091,1.6713791722481544,1,0,0,0,0,0,1,1,0,0,0,1
0.5665078516458952,1.0436161483629645,-0.1482885429337505,0,0,0,1,0,0,1,0,0,1,0,0
-0.2561438775477925,1.369379058123207,-1.3065610520495383,0,0,0,0,0,0,0,0,0,1,1,0
0.3010039712239601,1.6137012404433893,-0.7531826509942192,0,0,0,1,0,0,1,0,0,0,0,0
1.4365205671528012,1.002895784642934,1.0049985751815391,1,1,1,1,0,1,0,0,0,1,0,1
-0.9700660764490476,-1.2367242199587352,-0.6435040489832552,0,1,1,0,0,0,0,0,0,0,0,0
0.163840201826852,0.0256070553622056,0.5264010391336954,1,0,0,0,0,0,0,1,0,0,0,0
-0.6581056346970532,-0.1372743995179157,-1.326502616051532,0,1,0,0,0,0,0,0,1,1,0,0
-0.9417421330740255,-1.2367242199587352,0.1624674960973147,1,0,1,0,0,0,0,0,0,0,0,0
-0.4695440552814083,-0.4630373092781585,-0.196480655938568,0,1,0,1,0,1,0,0,0,1,0,0
0.4208292519195359,0.2292088739623573,0.6360796411446599,1,1,0,0,0,0,1,0,0,0,0,0
0.3826889886053514,0.2292088739623573,0.6211234681431647,1,1,1,1,1,0,1,0,0,0,0,1
-0.9592350357970728,-1.0738427650786138,-1.520932865070968,0,0,0,1,0,1,0,0,0,1,1,0
-0.912800533612944,-1.1145631287986442,-0.8395960950028577,0,0,1,0,0,0,0,0,0,0,0,1
-0.9506319688840988,-0.9924020376385532,-1.5009913010689746,0,0,0,1,0,1,0,0,0,0,1,0
1.8146363875509728,1.4508197855632678,0.9119379431722362,0,1,0,1,0,1,1,1,0,0,0,1
1.580324139475051,1.0843365120829946,1.15456030519649,1,1,0,1,0,1,0,0,0,0,0,1
-0.1286861323601936,1.6137012404433893,-1.2799723000468803,0,1,0,1,0,1,0,0,0,0,1,0
-0.752651134156044,-1.0738427650786138,1.0299255301840309,1,1,1,1,1,0,0,0,0,0,0,1
-0.9221977297794234,-0.9109613101984924,-1.5009913010689746,0,0,0,1,0,0,0,0,0,1,1,0
-0.9093813659936852,-0.9109613101984924,-1.4860351280674795,0,1,0,1,0,1,0,0,0,0,1,0
-0.9968458796089206,-1.2774445836787656,-1.479387940066815,0,1,0,0,0,0,0,0,1,0,1,0
0.3539900397495074,-0.055833672077855,1.1063681921916724,1,0,0,1,0,1,1,0,0,1,0,0
0.7961656199304387,0.9621754209229036,0.2605135191071156,0,1,0,1,1,1,1,1,0,0,0,1
-0.9743676099055348,-1.1960038562387048,-1.479387940066815,0,0,0,0,0,0,0,0,1,1,1,0
-0.931264038756942,-0.9924020376385532,-1.4976677070686424,0,1,0,0,0,0,0,0,0,0,1,0
1.6491045564869808,1.0436161483629645,1.2791950802089491,1,1,0,0,0,0,0,0,0,1,0,1
1.511190776128229,1.5729808767233588,0.5297246331340278,0,1,0,1,0,0,0,1,0,0,0,1
0.5797433392043168,0.5549717837226001,0.4798707231290441,0,0,0,0,0,0,1,0,1,0,0,1
0.0744565425156455,0.3106496014024181,-0.1482885429337505,0,0,0,1,0,1,0,1,1,1,0,1
-0.8027253954187387,-1.0738427650786138,0.6011819041411709,1,1,1,1,0,0,0,0,0,0,0,0
-0.9828383219429244,-1.2367242199587352,-1.4926823160681442,0,0,0,1,0,0,0,0,0,0,1,0
0.281437508783427,-0.0965540357978854,1.221032185203135,1,1,1,1,1,0,0,1,0,0,0,1
-0.0717073584211891,1.1657772395230557,-1.03568814102246,0,0,0,1,0,1,1,0,0,0,0,0
-0.2680778754963026,1.5729808767233588,-1.3597385560548545,0,0,0,1,0,0,0,0,1,0,1,0
-0.6332229180872208,0.3920903288424788,-1.462769970065154,0,1,0,0,0,0,0,0,0,0,1,0
-0.9971988259438118,-1.2774445836787656,-1.505976692069473,0,1,0,0,0,1,0,0,1,0,1,0
1.9574031800144789,1.6137012404433893,0.8438042661654253,0,1,0,1,1,1,1,1,0,0,0,1
-0.2477393429481948,1.4915401492832985,-1.3397969920528607,0,0,0,1,0,1,0,0,0,0,1,0
-0.7749970489838457,-0.8295205827584317,-0.6551366279844181,0,1,1,0,0,0,0,0,0,0,0,0
1.002264220360992,1.5322605130033284,0.006258578081699,0,0,0,0,0,1,1,1,0,1,0,0
0.1822154703871272,1.5322605130033284,-0.8512286740040206,0,1,0,1,0,0,1,1,0,0,0,0
-0.8576526687861878,-1.1960038562387048,1.0000131841810405,1,1,1,0,1,0,0,0,0,0,0,1
1.671869595087466,1.3286586944031769,0.9568064621767214,1,0,1,0,0,0,1,1,0,1,0,1
1.2550840918727733,0.5956921474426305,1.4885815022298807,1,1,1,1,0,0,0,1,0,0,0,1
-0.8003209485122921,-1.0331224013585834,-0.196480655938568,0,0,0,1,0,1,1,0,1,0,0,1
0.3711961735754553,-0.0965540357978854,1.307445629211773,1,1,1,0,1,0,0,0,0,0,0,1
-0.2682984669556096,-0.5037576729981889,0.5546515881365197,1,1,1,0,1,0,0,0,0,0,0,1
2.453358957974463,1.6137012404433893,1.4437129832253957,1,1,1,1,0,0,0,1,0,0,0,1
-0.3262699024614957,-0.3001558543980371,-0.1233615879312587,0,0,1,0,0,0,1,0,0,1,0,1
2.0203158642088423,1.5322605130033284,0.9983513871808744,0,1,0,1,0,0,1,1,0,0,0,1
0.5429045655000436,0.5956921474426305,0.3220000081132624,0,0,0,0,0,0,0,1,1,0,0,1
2.213862810604826,1.4915401492832985,1.3373579752147635,1,1,1,1,0,1,0,0,0,0,0,1
-0.2474084557592343,-0.1372743995179157,-0.2064514379395648,0,1,0,0,1,0,1,0,0,0,0,0
-0.3737632436502981,1.6137012404433893,-1.4694171580658184,0,0,1,1,0,1,0,0,0,0,1,0
-0.8687484191893312,-0.62591876415828,-1.4893587220678115,0,0,0,0,0,0,0,0,1,1,1,0
-0.301188653538287,0.2699292376823877,-0.7864185909975417,0,0,0,0,0,0,0,1,0,0,0,0
-0.939271508729787,-1.0331224013585834,-1.4727407520661506,0,0,0,1,0,1,0,0,1,0,1,0
-0.0402730754699381,0.7178532386027215,-0.6750781919864114,0,1,0,1,0,0,1,1,0,1,0,0
2.019389380079753,1.5729808767233588,1.0266019361836989,1,0,0,1,0,0,1,0,1,1,0,0
1.063654823486137,0.6771328748826912,0.9983513871808744,1,1,1,1,0,0,0,0,0,0,0,1
0.9689107917137696,0.758573602322752,0.7573908221567865,1,0,0,0,0,0,0,0,0,1,0,1
1.198083258787838,1.247217966963116,0.5164302571326987,0,1,0,0,0,0,1,1,0,0,0,1
-0.930381672919714,-0.9924020376385532,-1.4893587220678115,0,0,0,0,0,1,0,0,1,0,1,0
-0.9341758460197946,-0.9924020376385532,-1.4727407520661506,0,1,0,0,0,0,0,0,0,0,1,0
1.3079819238145978,0.7992939660427822,1.181149057199148,1,0,1,1,0,1,1,0,0,1,0,1
-0.9816250689167358,-1.2774445836787656,-0.3327480099521901,0,1,0,0,0,0,0,0,1,0,0,1
-0.8970282442724917,-1.1960038562387048,0.4765471291287116,1,1,1,0,0,0,1,0,0,0,0,0
-0.9702425496164933,-1.2774445836787656,0.5247392421335293,1,1,1,0,0,0,0,0,0,0,0,0
-0.1146785746941975,-0.055833672077855,0.0544506910865167,0,1,0,1,0,0,0,1,0,0,0,1
-0.3684249303350681,-0.7073594915983407,0.9501592741760568,1,1,1,0,0,0,0,0,0,0,0,1
-0.8458069074214006,-0.9109613101984924,-1.004113998019304,0,1,0,1,1,1,0,0,0,0,0,1
2.6710165508727046,1.6137012404433893,1.6580847962468257,1,1,0,1,1,0,1,1,0,0,0,1
-0.3461672520909894,-0.5444780367182193,0.4632527531273829,1,1,0,0,0,0,0,0,0,0,0,0
-0.9896545980355116,-1.2367242199587352,-1.341458789053027,0,1,0,1,0,1,0,0,1,0,0,0
-0.8186520987807058,-1.1145631287986442,0.682609957149311,1,1,1,0,0,0,0,0,0,0,0,0
-0.5295449322129191,0.880734693482843,-1.4843733310673135,0,0,0,0,0,0,0,0,1,0,1,0
-0.9954340942693556,-1.2774445836787656,-1.3730329320561832,0,1,1,1,0,0,0,0,0,0,0,0
1.904218579175555,1.6137012404433893,0.830509890164096,0,0,0,1,0,1,1,1,0,0,0,1
-0.4415068808034855,0.8400143297628127,-1.3348116010523623,0,0,0,0,0,0,0,0,1,0,1,0
-0.9441245208345416,-0.9924020376385532,-1.4527991880641573,0,0,0,1,0,1,0,0,0,0,1,0
-0.1127814881441571,-0.3815965818380978,0.8388188751649267,1,1,1,1,1,0,1,0,0,0,0,1
-0.7703646283383981,-1.0331224013585834,0.3186764141129299,1,0,0,0,0,0,1,0,1,0,0,0
-0.7062166319719153,0.0663274190822359,-1.4860351280674795,0,0,0,1,0,0,0,0,0,0,1,0
-0.3269757951312782,1.1657772395230557,-1.3065610520495383,0,0,0,1,0,0,0,0,0,0,1,0
-0.6231418883968898,0.5142514200025698,-1.5259182560714666,0,0,0,0,0,0,0,0,0,1,1,0
1.464094499566179,1.4100994218432374,0.6659919871476498,1,0,0,1,0,1,1,0,0,1,0,0
0.156273914772621,0.6771328748826912,-0.3128064459501966,0,1,1,1,0,0,1,0,0,1,0,0
1.5640003714863309,1.6137012404433893,0.534710024134526,0,0,0,1,0,1,1,1,0,0,0,1
1.7382014469010885,1.0436161483629645,1.325725396213601,1,1,1,0,0,0,0,1,0,1,0,1
-0.7297537406799748,-0.3815965818380978,-1.3597385560548545,0,0,0,1,0,1,0,0,1,0,1,0
1.9710357321996528,1.6137012404433893,0.9933659961803764,1,1,1,1,0,0,0,0,0,0,0,1
-0.6953855913199404,-0.9516816739185228,0.328647196113927,0,1,1,0,0,0,1,0,0,0,0,1
-0.0565306660208657,0.4328106925625091,-0.4490737999638187,0,1,0,1,0,1,1,1,0,1,0,0
-0.8529540707029482,-1.1145631287986442,0.1757618720986434,0,1,1,0,0,0,0,0,0,0,0,1
1.791077219696982,1.125056875803025,1.3157546142126038,1,1,1,1,1,0,0,0,0,1,0,1
-0.9724484642095634,-1.2774445836787656,0.358559542116917,1,0,1,0,0,0,0,0,0,0,0,0
1.536823503699705,1.6137012404433893,0.468238144127881,0,0,0,1,0,0,1,1,0,0,0,1
0.2744447595233943,-0.0151133083578247,0.8255244991635975,1,0,1,1,0,1,1,0,0,0,0,0
1.3363279263355503,1.1657772395230557,0.827186296163764,0,0,1,0,0,0,1,1,0,0,0,1
2.0813094027072347,1.2879383306831464,1.5135084572323727,1,0,0,1,0,1,1,1,0,0,0,1
-0.8758514641790174,-0.748079855318371,-1.502653098069141,0,0,0,1,0,1,0,0,1,1,1,0
-0.5593909566571595,-0.7888002190384014,0.5230774451333633,1,1,1,0,0,0,0,0,0,0,0,1
-0.7873281115591083,-0.3001558543980371,-1.4561227820644893,0,1,0,1,0,0,0,0,0,1,1,0
-0.9896987163273728,-1.2774445836787656,-0.9409657120129912,0,1,1,0,1,0,0,0,0,0,0,0
-0.9176535457176986,-1.1552834925186746,-0.626886078981594,0,1,1,0,0,0,0,0,0,0,0,0
-0.5897443414578062,0.5956921474426305,-1.4727407520661506,0,0,0,0,0,0,0,0,0,0,1,0
0.6396559795521046,0.8400143297628127,0.1641292930974807,0,1,0,1,0,1,1,1,1,0,0,0
-0.6399950758879465,-0.9516816739185228,1.0216165451832002,1,1,1,0,0,0,0,0,0,0,0,1
2.493043361503797,1.5322605130033284,1.4420511862252297,1,1,0,1,0,1,1,0,0,1,0,1
1.1432442220041117,0.5956921474426305,1.1728400721983174,1,1,1,1,1,0,0,0,0,0,0,1
-0.6950547041309799,-0.9516816739185228,0.3003966471111027,1,1,1,0,0,0,0,0,0,0,0,0
-0.3891605275099284,1.5322605130033284,-1.4943441130683104,0,0,0,1,0,0,0,0,0,0,1,0
-0.9971105893600888,-1.2774445836787656,-1.4993295040688086,0,1,0,0,0,0,0,0,0,0,1,0
0.4984774455956087,0.0256070553622056,1.3174164112127704,1,1,1,1,0,0,0,0,0,0,0,1
-0.4936767609295969,1.0436161483629645,-1.477726143066649,0,0,0,1,0,1,0,0,0,0,1,0
-1.005779833710855,-1.318164947398796,-0.4058670779594996,0,1,0,1,0,1,1,1,0,0,0,0
-0.8068945739996415,-1.0331224013585834,0.1990270301009692,0,1,0,0,0,0,0,1,0,0,0,1
-0.6482231373200984,0.3513699651224484,-1.4926823160681442,0,1,0,0,0,0,0,0,1,0,1,0
-0.8268360419209965,-0.3815965818380978,-1.4827115340671475,0,0,0,0,0,0,0,0,0,1,1,0
0.7159806244723351,1.1657772395230557,-0.0236537679212913,0,0,0,1,1,0,0,0,0,1,0,1
-0.9336023082255964,-0.9924020376385532,-1.4860351280674795,0,0,0,0,0,1,0,0,1,0,1,0
-0.6174506287467685,-0.4223169455581282,-0.8213163280010305,0,0,0,1,1,1,1,0,1,0,0,1
1.606618641424448,1.002895784642934,1.3207400052131024,1,1,0,1,0,0,0,0,0,0,0,1
-0.9746102605107724,-1.2774445836787656,0.1957034361006372,1,1,0,1,0,1,0,0,1,0,0,0
0.9589400577530924,1.125056875803025,0.3186764141129299,1,0,0,1,0,1,0,0,0,0,0,0
1.2001568185053242,0.758573602322752,1.0099839661820376,1,1,0,1,0,1,1,1,1,1,0,0
1.8033200456885217,1.5322605130033284,0.830509890164096,0,0,0,0,0,0,1,1,0,0,0,1
-0.9664042582245512,-1.2774445836787656,0.8138919201624348,1,1,1,0,0,0,0,0,0,0,0,1
-0.6574438603191322,-0.0965540357978854,-1.3181936310507012,0,1,0,1,0,1,0,0,1,0,1,0
-0.7840412988154337,-1.1145631287986442,0.8321716871642622,1,1,1,0,1,0,0,0,0,0,0,1
-0.8445054178114891,-0.9924020376385532,-0.4956041159684701,0,1,1,0,0,0,1,0,0,0,0,0
-0.8862413219123783,-1.0738427650786138,-0.6651074099854147,0,0,1,0,0,0,0,0,0,0,0,0
-0.6070387118674769,0.2699292376823877,-1.3614003530550205,0,1,0,1,0,1,0,0,1,0,1,0
-0.6646572010384718,-0.748079855318371,-0.3493659799538514,0,1,0,0,0,0,0,0,1,1,0,0
1.5798608974105055,1.1657772395230557,0.96179185317722,1,0,0,1,0,0,1,1,0,1,0,1
2.620920230464079,1.6137012404433893,1.6896589392499817,1,1,0,1,0,1,1,1,0,0,0,1
0.0015731243606046,0.3106496014024181,-0.2978502729487016,0,0,1,1,1,0,0,0,0,1,0,1
-0.5983474083707802,-0.9516816739185228,1.114677177192503,1,0,0,0,0,0,0,0,0,0,0,1
-0.2122461771456945,0.5956921474426305,-0.8346107040023594,0,0,0,0,0,0,1,1,0,1,0,0
-0.6916796548035823,-0.5851984004382496,-0.8163309370005319,0,1,0,0,0,0,1,1,1,1,0,0
-0.9730440611496928,-1.2774445836787656,0.3136910231124318,1,1,1,0,1,0,0,0,0,0,0,0
-0.612972622122836,0.5549717837226001,-1.479387940066815,0,0,0,1,0,1,0,0,0,0,1,0
-0.9069328007953772,-1.1960038562387048,0.5197538511330312,1,1,1,1,1,0,0,0,0,0,0,0
-0.7467613421925465,-1.0331224013585834,0.7141841001524675,1,1,1,1,0,0,0,0,0,0,0,0
-0.2636881054560928,-0.1779947632379461,-0.1582593249347472,0,1,0,1,0,1,0,1,0,1,0,1
-0.5659425229985782,0.758573602322752,-1.4926823160681442,0,1,0,0,0,0,0,0,0,1,1,0
-0.8296375534541957,-1.1552834925186746,1.1994288242009752,1,1,0,0,0,0,0,1,1,0,0,1
0.1135012308129889,-0.2594354906780068,1.126309756193666,1,1,1,0,0,0,0,1,0,0,0,1
0.5009701290857781,0.188488510242327,0.936864898174728,1,1,1,1,0,1,0,0,0,0,0,0
-0.986125134686599,-1.2774445836787656,-0.6717545979860794,0,1,0,0,0,0,0,0,0,0,0,0
-0.9679263392937696,-1.2774445836787656,0.6992279271509723,1,0,0,0,0,0,0,0,1,0,0,1
-0.3741603082770507,0.9621754209229036,-1.3397969920528607,0,1,0,1,0,1,0,0,1,1,1,0
-0.6731279130758616,0.1070477828022663,-1.4677553610656522,0,0,0,0,0,0,0,0,0,1,1,0
2.3243129542798533,1.5729808767233588,1.3406815692150955,1,1,0,1,1,1,1,0,0,0,0,1
0.637847129585787,1.4100994218432374,-0.3277626189516918,0,0,1,0,1,0,0,0,0,0,0,0
-0.6748485264584564,-0.7888002190384014,-0.0984346329287668,0,0,0,1,0,1,0,1,0,0,0,0
-0.3956679755594857,0.3106496014024181,-0.9559218850144864,0,0,0,0,0,0,0,1,0,1,0,0
-0.9853530645790244,-1.2774445836787656,-0.613591702980265,0,0,1,0,1,0,0,0,0,0,0,0
0.3713285284510396,1.4915401492832985,-0.6152534999804311,0,0,0,1,0,1,1,1,0,0,0,0
-0.6419142215839175,-0.8702409464784621,0.3253236021135945,1,1,1,0,0,0,0,0,0,0,0,0
-0.9882207535500158,-1.2367242199587352,-1.4843733310673135,0,0,0,0,0,0,0,0,1,0,1,0
-0.9880222212366396,-1.2367242199587352,-1.477726143066649,0,0,0,1,0,1,0,0,1,0,1,0
0.5174262519500822,0.1070477828022663,1.2393119522049625,1,0,0,1,1,0,0,0,0,0,0,1
1.468263678147082,1.4508197855632678,0.6726391751483144,0,1,0,1,0,1,1,1,0,0,0,1
1.4199320894129128,1.5322605130033284,0.4167224371227313,0,0,0,1,0,0,1,1,0,0,0,1
-0.2895634836328067,0.7992939660427822,-1.152013931034089,0,0,0,0,0,0,0,0,1,1,0,0
-0.3920282164809198,-0.6666391278783103,0.6743009721484804,1,1,0,1,1,0,0,0,0,0,0,0
-0.96322774121053,-1.2367242199587352,-0.6567984249845842,0,1,0,0,0,0,0,0,1,0,0,0
-0.8418142020079434,-1.1145631287986442,0.5396954151350245,1,1,1,1,1,0,0,0,0,0,0,0
2.3080774228748564,1.4508197855632678,1.5617005702371902,1,0,0,1,0,1,1,1,0,0,0,1
1.4143290663465145,0.8400143297628127,1.2991366442109429,1,1,1,1,1,0,0,0,0,0,0,1
1.1625900929853374,0.7178532386027215,0.9850570111795456,1,1,0,1,0,0,1,0,0,0,0,1
-0.4296170011468368,1.1657772395230557,-1.4694171580658184,0,0,0,1,0,1,0,0,0,0,1,0
-0.9138152543257564,-1.1552834925186746,-0.5155456799704636,0,0,0,0,0,0,0,0,1,0,0,0
-0.7768500172420246,-0.8295205827584317,-0.6435040489832552,0,1,0,0,0,0,0,0,0,0,0,0
-0.9727352331066628,-1.2774445836787656,0.3369561811147576,1,1,1,0,0,0,0,0,0,0,0,0
0.0548900800751125,-0.0151133083578247,0.3834864971194088,0,0,0,1,0,1,1,1,0,0,0,1
-0.2883943488984796,0.3920903288424788,-0.8179927340006982,0,1,0,1,0,0,1,0,0,0,0,0
-0.9341096685820028,-1.1552834925186746,-0.8213163280010305,0,1,1,0,0,0,0,1,0,0,0,1
1.7706725097110825,1.5322605130033284,0.8055829351616043,0,1,0,1,0,1,1,1,0,0,0,1
0.2092379241522377,0.5956921474426305,-0.1715537009360761,0,0,0,0,1,0,0,1,0,0,0,0
1.5057201079374147,1.2879383306831464,0.8205391081630994,1,0,0,1,0,0,1,0,0,1,0,0
-0.9972870625275344,-1.2774445836787656,-1.5126238800701377,0,1,0,0,0,0,0,0,0,0,1,0
0.1846860947313658,-0.1372743995179157,0.8122301231622688,1,1,1,1,0,1,0,0,0,0,0,1
-0.7790118135432335,-1.1145631287986442,1.1877962451998123,1,1,1,0,0,0,0,0,0,0,0,1
-0.9502128451114156,-1.2367242199587352,-0.1183761969307601,0,1,0,0,0,1,1,0,0,0,0,1
-0.8060563264542747,-1.1145631287986442,0.9219087251732327,1,1,1,0,0,0,0,0,0,0,0,0
-0.9729778837119004,-1.2774445836787656,0.3186764141129299,1,1,1,0,0,1,0,0,0,0,0,0
1.4082628012155711,0.9621754209229036,1.0266019361836989,1,0,1,1,1,0,1,1,0,1,0,0
0.3306073450629628,0.1070477828022663,0.720831288153132,1,1,1,0,0,0,0,0,0,0,0,0
1.7363264194969787,1.247217966963116,1.1894580421999783,1,1,1,1,0,1,1,0,0,0,0,0
-0.0344053426523711,-0.0151133083578247,0.1907180451001386,0,0,0,1,0,0,1,1,1,1,0,1
2.427880644424502,1.5729808767233588,1.48027251722905,1,0,0,1,0,1,1,1,0,0,0,1
2.660692870577136,1.5729808767233588,1.7062769092516428,1,1,0,1,0,0,1,1,0,0,0,1
-0.9970664710682277,-1.2774445836787656,-1.4960059100684764,0,0,1,1,0,1,0,0,0,0,1,0
0.3312691194408839,0.1070477828022663,0.677624566148813,1,1,1,0,0,1,0,0,0,1,0,0
-0.3887414037372452,-0.5037576729981889,-0.0120211889201281,0,0,0,0,0,0,1,0,0,0,0,1
-0.6785544629748144,-0.9516816739185228,0.50313588113137,1,1,1,1,0,0,0,0,0,0,0,0
-0.6967532583676439,0.1070477828022663,-1.462769970065154,0,0,0,0,0,0,0,0,1,1,1,0
0.6775094739691901,0.9621754209229036,0.1325551500943243,0,0,0,1,0,1,1,0,0,1,0,1
-0.9971988259438118,-1.2774445836787656,-1.505976692069473,0,0,0,1,0,1,0,0,1,0,1,0
1.682480044280134,1.6137012404433893,0.6244470621434968,0,1,0,1,0,1,1,1,0,0,0,1
0.9034392465914448,0.3920903288424788,1.2974748472107769,1,1,0,0,0,0,0,1,0,0,0,1
-0.3330420602622214,-0.4630373092781585,0.2089978121019659,0,0,0,0,0,0,1,1,0,0,0,0
-0.9682351673367996,-1.1145631287986442,-1.4843733310673135,0,0,0,1,0,1,0,0,1,1,1,0
0.8198571426600133,0.3920903288424788,1.152898508196324,1,1,1,1,0,0,0,1,0,0,0,1
-0.5897664006037369,0.5956921474426305,-1.491020519067978,0,0,0,1,0,0,0,0,0,1,1,0
-0.6010165650283952,0.5549717837226001,-1.481049737066981,0,1,0,1,0,1,0,0,1,0,1,0
0.8843360262154565,1.2064976032430856,0.2405719551051223,0,1,0,1,0,0,1,0,0,0,0,0
-0.244320175328936,-0.5444780367182193,0.7623762131572851,1,1,0,0,0,0,0,1,0,1,0,1
-0.0023754627609912,-0.2594354906780068,0.7989357471609396,1,1,0,0,0,0,0,0,0,0,0,1
1.5228159460337092,0.7992939660427822,1.48027251722905,1,1,1,0,0,0,1,1,0,0,0,1
-0.9630512680430844,-1.1552834925186746,-1.504314895069307,0,0,0,1,0,1,0,0,0,0,1,0
0.4153806428746525,1.247217966963116,-0.4690153639658123,0,1,0,1,0,1,1,0,0,0,0,0
-0.755099699354352,-0.9109613101984924,-0.3410569949530208,0,1,0,0,0,0,1,0,0,0,0,0
-0.9490437103770882,-1.0738427650786138,-1.502653098069141,0,0,0,0,0,1,0,0,1,0,1,0
2.0170511106110984,1.4508197855632678,1.177825463198816,1,1,1,1,1,0,0,0,0,0,0,1
0.7074657941430841,0.880734693482843,0.1707764810981453,0,1,0,0,0,0,1,1,1,0,0,0
0.9417339239271444,0.4328106925625091,1.270886095208119,1,1,1,1,1,0,0,0,0,0,0,1
-0.2629601536403795,-0.5037576729981889,0.5396954151350245,1,1,0,1,0,0,0,1,1,0,0,0
-0.4336538248521554,-0.3001558543980371,-0.3477041829536853,0,0,1,1,0,1,1,1,0,0,0,0
1.4778814657728685,1.2064976032430856,0.8321716871642622,1,1,0,1,1,0,0,0,0,0,0,1
2.0546398952770155,1.369379058123207,1.3440051632154282,1,1,1,1,0,0,0,0,0,0,0,1
-0.5031842528257296,-0.748079855318371,0.677624566148813,1,1,1,1,0,0,0,0,0,0,0,1
-0.8405568306898934,-0.5037576729981889,-1.5076384890696393,0,1,1,0,0,1,0,0,0,0,1,0
-0.1752309302739758,-0.6666391278783103,1.6015836982411773,1,1,1,1,0,1,1,1,0,0,0,1
-0.8627262723502495,-1.0738427650786138,-0.3144682429503628,0,1,0,1,0,1,0,0,1,0,0,0
-0.5404200911567555,-0.748079855318371,0.3768393091187442,0,0,0,0,0,1,1,1,0,0,0,1
-0.9191535676409864,-0.8702409464784621,-1.4876969250676455,0,1,0,1,0,1,0,0,1,1,1,0
-0.9536099535847437,-1.1552834925186746,-1.158661119034753,0,1,1,1,1,0,0,0,0,0,0,0
0.1956274311129943,-0.0965540357978854,0.8354952811645946,1,1,0,0,0,0,0,1,0,0,0,1
-0.863498342457824,-1.0331224013585834,-0.6684310039857471,0,1,0,0,0,0,0,0,0,0,0,0
0.1430384272141995,0.4735310562825394,-0.1632447159352455,0,1,0,1,0,0,1,1,0,1,0,0
-0.6401053716176,0.3920903288424788,-1.46443176706532,0,0,0,1,0,1,0,0,1,0,1,0
-0.8666748594718452,-1.1960038562387048,1.1013828011911744,1,1,1,0,0,0,0,1,0,0,0,1
1.5878904265292817,1.4915401492832985,0.6626683931473177,0,1,0,1,0,0,1,1,1,0,0,1
0.7766873940736284,0.4735310562825394,0.8122301231622688,1,1,1,1,1,0,0,0,0,0,0,0
-0.8905207962229346,-1.1552834925186746,0.1292315560939922,0,1,0,0,0,0,0,0,0,0,0,1
-0.4717720290204092,-0.3408762181180675,-0.5055748979694671,0,1,0,0,0,0,1,0,0,0,0,0
-0.8306302150210773,-0.4630373092781585,-1.5009913010689746,0,0,0,0,0,1,0,0,1,0,1,0
-0.1896134934207938,-0.3815965818380978,0.6310942501441613,1,1,1,1,0,1,0,0,0,0,0,0
-0.963073327189015,-1.2367242199587352,-0.4440884089633204,0,0,1,0,0,0,0,0,0,0,0,1
-0.7757691190914203,-1.0331224013585834,0.1591439020969822,1,1,1,0,0,0,0,0,0,0,0,0
-0.6245095554445933,0.5549717837226001,-1.5126238800701377,0,1,0,1,0,1,0,0,1,0,1,0
-0.7962179473691814,-1.0331224013585834,-0.0186683769207927,0,0,1,1,1,0,1,1,0,0,0,0
0.1533621075097683,0.6364125111626608,-0.3078210549496983,0,0,0,0,0,0,1,0,0,0,0,0
0.2466061173588477,-0.0965540357978854,0.9850570111795456,1,1,1,1,0,1,1,0,0,0,0,0
-0.4709558406209733,1.0436161483629645,-1.461108173064988,0,0,0,0,0,0,0,0,1,0,1,0
-0.9964929332740292,-1.2774445836787656,-1.4527991880641573,0,1,0,0,0,1,0,0,1,0,1,0
-0.8042254173420265,-0.3408762181180675,-1.4827115340671475,0,0,0,1,0,0,0,0,1,1,1,0
-0.1164433063686537,-0.2594354906780068,0.4831943171293762,1,0,0,1,0,0,0,0,0,0,0,0
-0.3984915462386156,1.4915401492832985,-1.481049737066981,0,0,0,1,0,1,0,0,0,0,1,0
-0.4762941539362033,-0.8295205827584317,1.152898508196324,1,1,1,0,1,0,0,0,0,0,0,1
0.1148688978606925,1.0436161483629645,-0.6451658459834212,0,1,1,1,0,0,1,0,0,1,0,0
-0.7984900394000438,-0.4223169455581282,-1.4694171580658184,0,1,1,0,0,1,0,0,0,0,1,0
2.120221736128994,1.5322605130033284,1.2044142152014738,1,0,0,1,0,0,1,1,0,0,0,1
-0.8676895801846575,-0.8295205827584317,-1.3082228490497043,0,1,0,1,0,1,0,0,0,0,1,0
-0.971963162999088,-1.1552834925186746,-1.491020519067978,0,0,0,1,0,1,0,0,1,0,1,0
0.5849492976439624,0.2292088739623573,1.0049985751815391,1,0,0,0,0,0,0,1,0,1,0,0
-0.9452936555688688,-1.2367242199587352,0.5214156481331973,1,1,1,0,0,0,1,0,0,0,0,0
0.6712887948167321,1.0843365120829946,0.0245383450835263,0,0,0,1,0,1,1,1,1,1,0,0
0.8194821371791912,0.5956921474426305,0.8404806721650927,1,0,1,1,0,1,1,0,0,0,0,1
-0.4506173080728656,-0.4630373092781585,-0.1499503399339166,0,1,1,0,0,0,1,1,0,1,0,0
0.9815506823320624,0.5956921474426305,1.0066603721817051,1,1,1,0,1,0,0,1,0,0,0,0
-0.932014049718586,-1.1145631287986442,-1.1387195550327598,0,1,1,1,0,1,0,0,0,0,0,0
2.285003556231341,1.6137012404433893,1.3190782082129364,1,1,0,1,0,1,0,0,0,1,0,1
-0.0256699208638129,0.5142514200025698,-0.4823097399671412,0,1,0,1,0,0,0,0,0,0,0,0
-0.1328332517951656,0.6364125111626608,-0.84291968900319,0,0,0,1,0,1,1,1,1,0,0,0
-0.2326288279856636,-0.62591876415828,1.2310029672041316,1,1,1,0,1,0,0,0,0,0,0,1
-0.383116321524916,-0.2187151269579764,-0.4789861459668089,0,0,0,0,0,0,1,0,1,0,0,0
1.1563032363950874,0.5142514200025698,1.4952286902305454,1,1,0,1,0,1,0,1,0,0,0,1
-0.9840295158231824,-1.2774445836787656,-0.5138838829702976,0,1,1,0,0,0,0,1,0,0,0,0
-0.0604130757046693,-0.4223169455581282,1.003336778181373,1,1,0,0,0,0,0,1,0,0,0,1
-0.3468510856148412,-0.5037576729981889,0.1923798421003046,1,0,0,0,0,0,0,0,0,0,0,0
-0.9400215196914308,-1.0331224013585834,-1.33148800705203,0,1,1,1,0,1,0,0,0,0,0,0
-0.9834118597371228,-1.2774445836787656,-0.467353566965646,0,1,0,0,0,0,1,0,1,0,0,0
-0.4254698817118648,-0.3408762181180675,-0.3709693409560109,0,0,0,1,0,0,1,1,1,0,0,0
-0.2715191022614922,1.4508197855632678,-1.3547531650543558,0,1,0,1,0,1,0,0,0,0,1,0
-0.2358274041456155,-0.5037576729981889,0.6510358141461546,1,1,1,0,1,0,0,0,0,0,0,0
-0.5776559294877812,-0.3001558543980371,-0.8861264110075091,0,1,0,1,0,0,0,0,0,1,0,0
0.2079143753963956,1.2879383306831464,-0.6950197559884049,0,1,1,0,1,0,0,1,0,0,0,0
-0.2223272068360256,-0.5444780367182193,0.7789941831589463,1,1,1,0,1,0,0,0,0,0,0,0
-0.7819236208060861,-0.5037576729981889,-1.303237458049206,0,1,0,1,0,1,0,0,0,0,1,0
0.5524782348339684,0.1070477828022663,1.1462513201956597,1,1,1,0,0,0,0,1,0,1,0,1
2.549514775086395,1.6137012404433893,1.6464522172456624,1,1,0,1,0,1,1,1,0,0,0,1
0.7242307450504181,0.4328106925625091,0.9833952141793793,1,0,0,0,0,0,0,0,1,1,0,1
1.2164144090562516,0.8400143297628127,1.0365727181846955,1,0,1,0,0,1,1,0,0,1,0,1
1.539735310962558,0.8400143297628127,1.3739175092184182,1,1,0,1,0,0,1,0,0,1,0,1
0.3086364357159832,-0.0151133083578247,0.9518210711762232,1,1,0,0,0,0,1,0,0,0,0,1
-0.4002783370590025,1.5729808767233588,-1.517609271070636,0,0,0,1,0,0,0,0,0,0,1,0
-0.7014739155968143,0.0256070553622056,-1.4760643460664828,0,0,0,0,0,0,0,0,1,0,1,0
-0.9206094712724128,-0.9109613101984924,-1.4926823160681442,0,1,0,0,0,0,0,0,1,0,1,0
-0.6035974851022874,0.188488510242327,-1.2733251120462157,0,0,0,1,0,1,0,0,1,0,1,0
-0.7782397434356589,-1.0331224013585834,0.2189685941029625,0,1,0,1,0,1,1,1,0,0,0,1
0.4042407741796477,1.002895784642934,-0.3659839499555126,0,1,1,0,0,0,1,0,0,0,0,1
-0.5514496641221067,0.5956921474426305,-1.479387940066815,0,0,0,0,0,0,0,0,0,0,1,0
-0.8507040378180165,-1.1145631287986442,0.1392023380949889,1,1,1,1,0,0,0,0,0,0,0,0
-0.11004615404875,-0.4630373092781585,1.0648232671875193,1,1,0,0,1,0,0,0,0,0,0,1
1.684068302787144,1.6137012404433893,0.6294324531439953,0,1,0,1,0,1,1,1,0,0,0,1
-0.7027092277689336,0.1070477828022663,-1.5009913010689746,0,0,0,1,0,1,0,0,1,0,1,0
0.6526488165052885,0.2699292376823877,1.0266019361836989,1,1,0,0,1,0,0,0,0,0,0,1
0.4505870397800537,0.1477681465222966,0.9036289581714056,1,1,0,1,1,0,0,0,0,0,0,0
-0.1093182022330367,-0.5037576729981889,1.1229861621933337,1,1,0,0,0,0,0,1,1,0,0,1
0.3932773786520886,0.188488510242327,0.6959043331506402,1,1,1,1,1,0,0,0,0,0,0,0
1.4712196037017962,0.9621754209229036,1.181149057199148,1,0,0,1,0,0,0,0,0,1,0,1
0.3850493172199365,-0.1779947632379461,1.3755793062185846,1,1,1,0,1,0,0,0,0,0,0,1
-0.9331611253069824,-0.9516816739185228,-1.491020519067978,0,1,1,0,0,0,0,0,0,1,1,0
1.6583252794860146,1.4100994218432374,0.8238627021634315,1,0,1,1,0,1,1,1,0,1,0,0
-0.9861692529784606,-1.2774445836787656,-0.6750781919864114,0,0,0,0,0,0,0,0,1,0,0,0
0.745429584289823,0.5956921474426305,0.6792863631489789,1,1,0,0,1,0,0,0,0,0,0,0
-0.7060842770963311,-0.9924020376385532,0.5097830691320341,1,1,0,0,0,0,0,0,0,0,0,0
-0.1512746977932329,-0.3815965818380978,0.6526976111463211,1,0,0,1,0,1,1,1,1,0,0,0
-0.9749190885538024,-1.2774445836787656,0.1724382780983114,1,1,0,0,0,0,0,0,1,0,0,0
-0.4746397179914006,-0.748079855318371,0.6659919871476498,1,1,1,1,0,1,0,0,0,0,0,0
-0.6238257219207415,-0.5851984004382496,-0.4956041159684701,0,1,0,0,1,0,0,0,0,0,0,0
-0.9319699314267244,-1.2367242199587352,0.7008897241511383,1,1,1,0,0,0,0,0,0,0,0,1
-0.5670013620032519,-0.7073594915983407,-0.0037122039192975,0,1,0,0,0,0,1,0,0,0,0,1
-0.6724661386979405,0.2292088739623573,-1.5109620830699717,0,0,0,0,0,0,0,0,1,1,1,0
0.0548680209291817,-0.2594354906780068,0.9584682591768874,1,1,1,0,1,0,0,0,0,0,0,1
-0.9735734806520294,-1.2774445836787656,0.2738078951084448,1,1,1,0,1,0,0,0,0,0,0,0
0.3713505875969702,0.758573602322752,-0.1416413549330859,0,0,0,1,0,1,1,1,0,0,0,0
-0.6588777048046278,-0.9109613101984924,0.3419415721152558,1,0,1,0,0,0,0,0,0,0,0,0
-0.8759838190546015,-1.1552834925186746,0.1907180451001386,1,0,1,1,0,0,0,0,0,0,0,0
1.46380773066908,1.0843365120829946,0.9966895901807084,1,1,1,1,0,0,1,0,0,0,0,0
-0.8501966774616103,-1.1145631287986442,-0.0136829859202946,0,1,1,0,0,0,1,1,0,0,0,0
-0.9483598768532364,-1.1960038562387048,-0.6202388909809294,0,1,0,1,0,0,0,0,1,0,0,0
-0.7168711994564446,-0.8295205827584317,-0.2695997239458775,0,0,0,0,0,0,1,1,1,0,0,0
-0.1799515875031462,1.6137012404433893,-1.326502616051532,0,0,0,1,0,0,0,0,0,0,1,0
-0.5640674955944684,-0.8295205827584317,0.4998122871310375,1,1,1,0,0,0,1,0,0,0,0,0
0.00331579688913,-0.2187151269579764,0.6809481601491449,1,1,1,0,1,0,0,0,0,0,0,1
2.4308586291251464,1.6137012404433893,1.475287126228552,1,0,0,1,0,0,0,1,0,1,0,1
-0.6669292930693342,-0.5851984004382496,-0.6784017859867437,0,1,0,1,0,0,0,0,0,0,0,0
0.5531841275037508,0.5142514200025698,0.5396954151350245,0,1,0,1,0,1,1,1,1,0,0,1
-0.022912527622475,-0.055833672077855,0.3751775121185782,1,1,1,0,0,0,0,0,0,0,0,0
-0.9181167877822436,-0.9109613101984924,-1.4876969250676455,0,0,0,0,0,0,0,0,0,0,1,0
-0.974941147699733,-1.2774445836787656,0.1707764810981453,1,1,0,1,0,1,0,0,1,0,0,0
-0.9341096685820028,-1.2367242199587352,0.3901336851200734,1,1,1,0,0,0,0,0,0,0,0,0
1.1091628415411765,0.9621754209229036,0.7008897241511383,1,1,0,1,0,1,0,1,1,1,0,0
2.132685153579841,1.5729808767233588,1.1894580421999783,1,0,0,1,0,1,0,0,0,1,0,1
-0.8243874767226884,-0.3001558543980371,-1.5009913010689746,0,0,1,1,0,1,0,0,0,1,1,0
-0.9073298654221298,-0.8702409464784621,-1.502653098069141,0,0,0,0,0,0,0,0,0,0,1,0
-0.8701602045288961,-1.1960038562387048,1.0083221691818711,1,1,1,0,0,0,0,0,0,0,0,1
1.5461545224283926,1.6137012404433893,0.5779167461388456,0,0,0,1,0,0,0,0,0,0,0,1
2.520727589646828,1.5729808767233588,1.608230886241842,1,1,0,0,0,0,1,1,0,0,0,1
-0.988286930987808,-1.2774445836787656,-0.8346107040023594,0,1,1,0,1,0,0,0,0,0,0,1
-0.5912002450892325,-0.7073594915983407,-0.2047896409393986,0,1,0,0,0,0,0,1,0,0,0,0
0.0164851070097594,-0.4223169455581282,1.2160467942026365,1,1,0,0,0,0,1,0,0,0,0,1
-0.1962312372000045,-0.2594354906780068,0.3386179781149237,1,1,0,0,0,0,0,0,0,0,0,0
0.6327514668757946,0.5142514200025698,0.6576830021468192,1,1,0,1,0,0,1,0,1,0,0,0
-0.5121843843654563,1.002895784642934,-1.462769970065154,0,0,0,0,0,0,0,0,1,0,1,0
-0.1017739743247364,0.3920903288424788,-0.6534748309842519,0,1,0,1,0,1,0,0,0,1,0,1
-0.9857501292057772,-1.2774445836787656,-0.6435040489832552,0,1,0,0,0,0,0,0,1,0,0,0
-0.6741646929346046,-0.9516816739185228,0.534710024134526,1,1,1,0,1,0,0,0,0,0,0,0
-0.8028577502943228,-0.3408762181180675,-1.477726143066649,0,1,0,0,1,0,0,0,1,0,1,0
-0.9329846521395369,-1.2367242199587352,0.4964886931307054,1,0,0,1,0,0,0,0,0,0,0,0
-0.737672974069097,-0.0151133083578247,-1.4943441130683104,0,0,0,0,0,0,0,0,1,1,1,0
0.0562798062687468,-0.3408762181180675,1.1296333501939984,1,1,1,0,0,0,0,0,0,0,0,1
-0.7537982097444406,-0.8295205827584317,-0.5172074769706297,0,1,1,1,0,1,1,0,0,0,0,0
-0.5957223700050266,-0.9109613101984924,0.8005975441611056,1,1,1,1,0,1,0,0,0,0,0,1
-0.9853310054330938,-1.2367242199587352,-1.5093002860698053,0,0,0,0,0,0,0,0,1,0,1,0
-0.6505834659346836,-0.2187151269579764,-1.1304105700319294,0,0,0,1,1,0,1,0,0,0,0,0
-0.9786691433620216,-1.1960038562387048,-1.479387940066815,0,1,1,0,0,0,0,0,0,0,1,0
0.2470252411315311,0.188488510242327,0.4715617381282135,1,1,0,1,0,0,0,0,0,0,0,0
1.2369955922095972,0.6364125111626608,1.3406815692150955,1,1,0,1,0,0,0,1,0,0,0,1
-0.9082342904052888,-1.1960038562387048,0.3220000081132624,1,0,0,0,0,0,0,0,0,0,0,0
-0.0192065911061172,0.3106496014024181,-0.3393951979528547,0,1,0,0,0,0,1,1,0,1,0,1
-0.8765794159947307,-1.1960038562387048,1.0116457631822036,1,1,1,1,0,0,0,0,0,0,0,1
-0.867424870433489,-1.1960038562387048,1.435403998224565,1,0,0,0,0,0,0,0,1,0,0,1
0.3209674982912458,0.5956921474426305,-0.0319627529221219,0,0,0,1,0,1,0,1,0,0,0,1
-0.5137947020183975,-0.8295205827584317,1.0216165451832002,1,0,0,0,0,0,0,0,1,1,0,1
0.4420280911589411,1.4100994218432374,-0.4607063789649817,0,0,0,1,0,1,1,0,0,0,0,1
-0.8365200069845748,-0.5444780367182193,-1.479387940066815,0,0,0,0,0,0,0,0,0,1,1,0
-0.5279787328518393,0.9214550572028734,-1.5076384890696393,0,0,0,1,0,1,0,0,0,0,1,0
2.292106601221028,1.5322605130033284,1.3755793062185846,1,1,1,1,0,1,0,1,0,1,0,1
0.2641872566656177,1.0436161483629645,-0.4806479429669752,0,0,0,1,0,0,0,0,0,1,0,0
1.2536502473872777,0.6364125111626608,1.4171242312227377,1,1,0,0,0,0,0,0,0,0,0,1
-0.9629850906052922,-1.2367242199587352,-0.5155456799704636,0,0,0,0,0,0,0,0,1,0,0,0
-0.7466069281710316,-0.7888002190384014,-0.4922805219681379,0,1,0,1,0,1,1,0,1,0,0,0
-0.8738440818993235,-0.9109613101984924,-1.16863190103575,0,1,0,0,0,0,0,1,1,0,0,0
1.126898394869461,0.6364125111626608,1.1728400721983174,1,1,0,1,0,0,0,1,0,0,0,1
-0.706459282577153,-0.9516816739185228,0.3087056321119333,1,1,1,0,1,0,0,0,0,0,0,0
-0.5867442976112307,0.1070477828022663,-1.3082228490497043,0,1,0,1,0,1,0,0,0,0,1,0
0.0937582952050102,1.4915401492832985,-0.9642308700153168,0,1,0,0,0,0,0,0,0,1,0,0
-0.3513952696765658,-0.6666391278783103,0.9800716201790473,1,1,1,0,0,0,1,0,0,0,0,1
-0.9970664710682277,-1.2774445836787656,-1.4960059100684764,0,0,1,0,0,0,0,0,0,0,1,0
-0.8711749252417085,-1.0738427650786138,-0.5587524019747828,0,1,1,0,0,0,0,0,0,0,0,1
-0.7370773771289681,-0.3408762181180675,-1.3481059770536914,0,0,0,1,0,1,0,0,1,0,1,0
-0.9255727791068208,-0.9516816739185228,-1.4744025490663168,0,0,0,0,0,0,0,0,1,0,1,0
-0.0857149160871852,-0.3815965818380978,1.068146861187852,1,1,0,0,0,0,0,1,0,0,0,0
-0.3607483475511837,1.5322605130033284,-1.502653098069141,0,1,0,1,1,0,0,0,0,0,1,0
-0.996889997900782,-1.2774445836787656,-1.4827115340671475,0,0,0,0,0,0,0,0,1,0,1,0
0.427799942033638,0.5549717837226001,0.2671607071077802,1,0,0,0,0,0,0,0,0,0,0,0
-0.5404421503026862,0.7992939660427822,-1.5142856770703037,0,0,0,1,0,1,0,0,1,0,1,0
-0.2808060026983179,1.6137012404433893,-1.3447823830533592,0,0,0,1,0,1,0,0,0,0,1,0
-0.5139270568939818,-0.6666391278783103,0.1159371800926631,0,0,0,1,0,1,1,1,0,0,0,1
0.9260719303163456,1.2879383306831464,0.1175989770928291,0,1,0,1,0,0,0,1,1,0,0,1
-0.7878134127695838,-0.9516816739185228,-0.3393951979528547,0,0,1,0,1,0,1,0,0,0,0,0
1.8909610324712032,1.6137012404433893,0.8537750481664219,1,0,0,1,0,1,0,1,0,0,0,0
0.1364206834349887,1.247217966963116,-0.803036560999203,0,1,0,0,0,1,1,1,0,1,0,0
-0.679172119060874,-0.9924020376385532,0.9950277931805424,1,1,1,0,0,0,0,0,0,0,0,1
1.1207880114466564,1.3286586944031769,0.3336325871144251,0,1,0,1,0,1,1,1,0,0,0,1
-0.1321052999794524,1.0843365120829946,-0.9958050130184734,0,0,0,1,0,1,1,0,1,1,0,0
0.810526123931326,0.758573602322752,0.531386430134194,1,1,1,1,0,1,0,1,0,0,0,0
-0.8518952316982745,-1.0738427650786138,-0.0452571289234508,0,1,0,0,0,0,1,1,1,0,0,1
0.7123629245397001,1.002895784642934,0.1657910900976468,0,0,0,0,0,0,0,1,1,0,0,0
1.0915375839425452,0.5549717837226001,1.179487260198982,1,0,1,1,1,0,0,1,0,1,0,1
-0.6652086796867394,-0.748079855318371,-0.3244390249513595,0,1,1,0,0,0,0,1,0,0,0,1
-0.8824471488122975,-1.1960038562387048,0.9917041991802098,1,1,1,1,1,0,0,0,0,0,0,1
-0.9785588476323682,-1.1960038562387048,-1.4876969250676455,0,1,0,0,0,0,0,0,1,0,1,0
0.1567371568371658,0.3106496014024181,-0.0286391589217896,0,0,0,1,0,0,0,0,0,1,0,0
0.1310603109738282,0.0256070553622056,0.4732235351283796,1,1,0,0,0,0,0,0,0,0,0,0
-0.6596938932040637,-0.9516816739185228,0.544680806135523,1,1,1,0,0,0,1,0,0,0,0,0
-0.0693911480984653,-0.3408762181180675,1.0382345151848615,1,1,1,0,0,0,0,1,0,0,0,1
-0.8594835778984362,-0.7073594915983407,-1.5009913010689746,0,0,0,0,0,0,0,0,1,0,1,0
-1.005779833710855,-1.318164947398796,-1.2965902700485417,0,0,0,1,0,1,0,0,1,0,1,0
-0.9032048051330884,-1.1960038562387048,0.2937494591104381,1,1,0,0,0,0,0,0,0,0,0,0
-0.9230800956166516,-1.2367242199587352,0.6909189421501416,1,1,1,0,1,0,0,0,0,0,0,0
-0.8214977286057664,-0.4630373092781585,-1.4876969250676455,0,0,0,0,0,0,0,0,1,0,1,0
-0.8480128220144709,-1.0738427650786138,-0.1765390919365744,0,0,1,0,0,0,0,0,0,0,0,0
-0.6238036627748108,-0.9516816739185228,0.896981770170741,1,0,0,1,0,0,1,0,0,0,0,0
-0.9405950574856292,-1.1960038562387048,-0.4740007549663106,0,1,0,0,0,0,0,1,1,0,0,0
-0.4562423902851948,1.247217966963116,-1.502653098069141,0,0,0,1,0,1,0,0,1,0,1,0
-0.5897002231659448,0.7178532386027215,-1.4926823160681442,0,1,0,1,0,0,0,0,0,1,1,0
2.129707168879196,1.3286586944031769,1.5384354122348645,1,1,0,0,0,0,1,0,0,0,0,1
0.3717697113696537,0.4735310562825394,0.3020584441112687,1,0,1,0,1,0,0,0,0,0,0,0
-0.9073298654221298,-1.1145631287986442,-0.5853411539774409,0,0,1,0,0,0,0,0,0,0,0,0
-0.933050829577329,-1.0331224013585834,-1.4860351280674795,0,0,0,0,0,0,0,0,1,0,1,0
-0.9853530645790244,-1.2774445836787656,-0.613591702980265,0,0,0,0,0,0,0,0,1,0,0,0
-0.1261493305781628,-0.4223169455581282,0.8388188751649267,1,1,1,0,0,0,0,1,0,0,0,0
-0.7385332807603945,-0.8295205827584317,-0.4590445819648154,0,1,0,0,0,0,1,1,0,0,0,0
-0.2105255637630998,1.6137012404433893,-1.3215172250510334,0,1,0,1,1,0,0,0,0,0,1,0
-0.657598274340647,-0.055833672077855,-1.3215172250510334,0,0,0,0,0,1,0,0,0,0,0,0
-0.4794265526583631,-0.4223169455581282,-0.3194536339508612,0,1,0,0,0,0,0,1,0,1,0,0
-0.4805515691008289,-0.2594354906780068,-0.562075995975115,0,0,0,1,0,0,1,0,0,1,0,0
1.4537046418328183,1.0843365120829946,0.966777244177718,1,1,0,1,1,0,0,0,0,0,0,1
0.4789771605928677,0.1070477828022663,0.9900424021800438,1,1,1,1,1,0,1,0,0,0,0,1
0.1803183838370867,-0.1779947632379461,1.177825463198816,1,0,1,0,0,0,0,0,0,1,0,1
-0.0177948057665521,-0.4630373092781585,1.3224018022132684,1,1,0,0,0,0,0,1,1,1,0,1
-0.6388259411536192,-0.7888002190384014,0.0544506910865167,0,0,0,0,0,1,0,0,0,0,0,1
2.139611725402081,1.6137012404433893,1.126309756193666,1,1,0,1,0,1,0,1,0,0,0,1
2.027815973825281,1.1657772395230557,1.5567151792366918,1,1,0,0,0,0,1,1,0,0,0,1
-0.9708822648484836,-1.2774445836787656,0.4765471291287116,1,1,1,0,1,0,0,0,0,0,0,0
-0.9743014324677426,-1.2774445836787656,0.2189685941029625,1,0,1,0,0,0,0,0,0,0,0,0
-0.6341935205081717,-0.7888002190384014,0.1009810070911679,0,0,0,0,0,0,1,1,0,0,0,1
2.4530280707855026,1.4100994218432374,1.7062769092516428,1,1,0,0,1,0,1,1,0,0,0,1
0.5032863394085019,0.6364125111626608,0.1923798421003046,0,1,0,1,0,0,0,0,0,1,0,1
0.8180482926936955,0.3513699651224484,1.3174164112127704,1,1,1,0,1,0,0,0,0,0,0,1
0.832342619256791,1.002895784642934,0.3170146171127639,0,1,0,0,0,0,1,1,0,0,0,0
-0.9859486615191536,-1.2774445836787656,-0.6584602219847502,0,1,0,0,0,0,0,0,1,0,0,0
-0.8495790213755507,-1.0331224013585834,-0.4573827849646494,0,1,0,0,0,0,1,0,1,0,0,0
-0.8130270165683767,-0.3815965818380978,-1.4993295040688086,0,0,0,1,0,1,0,0,1,1,1,0
0.1952083073403109,0.4735310562825394,-0.1084054149297635,0,1,0,1,0,0,1,0,1,1,0,0
1.838989684658468,1.0843365120829946,1.5085230662318745,1,1,1,1,0,0,1,0,0,1,0,1
-0.5936488102875405,-0.62591876415828,-0.3078210549496983,0,1,0,0,0,0,1,0,0,0,0,0
-0.3409171753594822,-0.2594354906780068,-0.1765390919365744,0,0,0,0,0,0,0,1,0,1,0,0
0.4282631840981826,0.4735310562825394,0.2056742181016338,0,1,1,1,0,0,0,1,0,1,0,0
0.685891949422857,0.1477681465222966,1.3722557122182522,1,1,0,1,0,0,1,1,0,0,0,1
-0.9859707206650842,-1.2774445836787656,-0.6601220189849164,0,1,0,0,0,0,0,0,0,0,0,0
-0.9336243673715272,-1.1145631287986442,-1.0140847800203006,0,0,1,1,0,1,0,1,0,0,0,0
1.205583368404277,1.002895784642934,0.8238627021634315,0,0,0,0,0,1,1,1,1,0,0,1
1.0552944071784007,1.6137012404433893,0.0810394430891746,0,0,0,0,0,1,1,1,0,0,0,1
-0.7755264684861825,-0.8702409464784621,-0.626886078981594,0,1,0,1,0,0,0,0,0,0,0,0
-0.9313963936325262,-1.1960038562387048,-0.2014660469390663,0,1,0,1,0,1,0,0,0,0,0,0
-0.2024298572065319,-0.4223169455581282,0.5629605731373504,1,0,1,0,1,0,1,0,0,0,0,0
-0.4384186003731871,1.0843365120829946,-1.4677553610656522,0,0,0,1,0,1,0,0,1,0,1,0
1.8394749858689432,1.1657772395230557,1.300798441211109,1,0,0,1,0,1,0,1,0,1,0,1
1.1574061936916225,1.0843365120829946,0.6045054981415035,1,1,0,1,1,0,1,0,0,1,0,0
1.7663047988168032,1.2064976032430856,1.17616366619865,1,1,1,1,0,1,0,0,0,0,0,1
-0.9573379492470324,-1.1145631287986442,-1.479387940066815,0,0,0,0,0,0,0,0,1,0,1,0
-0.9836545103423604,-1.2774445836787656,-0.4856333339674735,0,1,1,0,0,0,0,0,0,0,0,0
-0.6404583179524912,-0.8295205827584317,0.2837786771094415,1,1,0,0,1,0,0,0,0,0,0,0
-0.9966694064414748,-1.2774445836787656,-1.4660935640654862,0,0,1,0,0,0,0,0,0,0,1,0
0.2832463587497446,0.3106496014024181,0.1990270301009692,0,0,0,1,0,0,0,1,0,1,0,0
0.7039804490860331,0.3920903288424788,0.9102761461720702,1,1,1,1,0,1,0,0,0,0,0,1
-0.389491414698889,1.4915401492832985,-1.4976677070686424,0,0,0,1,0,1,0,0,0,0,1,0
-0.97924268115622,-1.2774445836787656,-0.1532739339342488,0,1,1,0,0,0,0,0,0,0,0,1
1.5182055845341924,1.0436161483629645,1.1429277261953277,1,0,0,0,0,0,1,0,0,1,0,1
2.772841568488827,1.5729808767233588,1.7112623002521414,1,1,1,1,0,0,1,1,0,0,0,1
1.4031671385055788,1.5322605130033284,0.5264010391336954,0,1,0,1,0,1,1,1,0,0,0,1
-0.4635219084423266,0.7992939660427822,-1.328164413051698,0,0,0,1,0,1,0,0,1,0,1,0
-0.7993724052372719,-0.5851984004382496,-1.303237458049206,0,0,0,1,0,1,0,0,0,0,0,0
1.6327366702064,1.6137012404433893,0.5829021371393436,0,1,0,1,0,0,1,1,0,0,0,1
0.8139452915505848,1.002895784642934,0.1857326540996401,0,1,0,1,0,0,1,1,0,0,0,0
-0.2765265283877616,-0.2187151269579764,-0.2679379269457112,0,1,0,0,0,0,1,0,1,0,0,0
-0.8722117051004515,-1.1552834925186746,0.534710024134526,1,0,1,1,0,1,0,0,0,0,0,1
-0.1855325514236138,1.6137012404433893,-1.3248408190513656,0,0,0,1,0,1,0,0,1,0,1,0
-0.9383009063088362,-1.0331224013585834,-1.3198554280508674,0,1,0,0,0,0,0,0,0,0,1,0
0.6574797694641122,0.880734693482843,0.1973652331008032,0,1,1,1,0,1,0,1,0,1,0,0
0.6135820690620143,0.4735310562825394,0.677624566148813,1,1,1,1,1,0,1,1,0,0,0,0
0.2594224811445859,-0.2187151269579764,1.3140928172124378,1,1,0,1,1,0,1,1,0,0,0,1
-0.9971547076519502,-1.2774445836787656,-1.502653098069141,0,0,0,0,0,0,0,0,1,0,1,0
-0.8853368969292195,-1.1552834925186746,0.2040124211014678,1,1,0,0,0,0,0,0,0,0,0,0
-0.9861692529784606,-1.2774445836787656,-0.6750781919864114,0,1,0,0,0,0,0,0,1,0,0,0
-0.8125417153579013,-1.0738427650786138,0.356897745116751,1,1,1,1,0,0,0,0,0,0,0,0
2.2162010800734806,1.6137012404433893,1.3091074262119398,1,1,1,1,0,1,1,0,0,1,0,1
1.3946523081763276,0.880734693482843,1.1745018691984834,1,1,1,0,0,0,0,1,0,0,0,1
0.2526503233438603,-0.0965540357978854,1.0049985751815391,1,1,0,0,0,0,1,1,0,0,0,0
-0.5540526433419295,-0.6666391278783103,-0.1782008889367407,0,0,1,0,1,0,0,1,0,0,0,0
1.9999773316607343,1.3286586944031769,1.3124310202122718,1,1,1,1,0,0,1,0,0,0,0,1
0.7177894744386527,0.6771328748826912,0.6560212051466532,1,1,1,0,0,0,0,0,0,0,0,1
-0.8697851990480742,-1.1145631287986442,-0.3510277769540174,0,0,1,0,0,0,1,1,0,0,0,0
0.6170232958272039,0.6771328748826912,0.3469269631157543,1,0,0,0,0,1,0,0,0,0,0,0
-0.9863016078540446,-1.2774445836787656,-0.6850489739874083,0,0,0,0,0,0,0,0,0,0,0,0
1.7680695304912597,1.5729808767233588,0.8487896571659234,0,0,0,1,0,1,1,1,0,0,0,1
-0.9844045213040044,-1.2774445836787656,-0.5421344319731216,0,1,0,0,0,0,1,0,0,0,0,0
1.433476405014364,1.5322605130033284,0.4865179111297087,0,0,0,1,0,0,1,1,0,1,0,0
0.4634034035657917,0.7992939660427822,0.0494653000860181,0,0,0,1,0,0,1,1,0,0,0,1
1.2515766876697916,0.9621754209229036,0.8570986421667539,1,0,1,1,0,0,0,1,0,0,0,0
-0.8529320115570175,-0.8702409464784621,-1.16863190103575,0,1,1,1,0,1,1,0,0,0,0,0
-0.9729558245659696,-1.2774445836787656,0.3203382111130964,1,1,1,0,1,0,0,0,0,0,0,0
-0.8105784513700687,-0.8295205827584317,-1.0223937650211312,0,0,0,0,0,0,0,1,1,0,0,0
-0.9580659010627456,-1.2367242199587352,-0.3626603559551803,0,1,0,0,0,0,1,0,1,0,0,0
1.26785633736665,0.7178532386027215,1.272547892208285,1,0,0,1,0,1,0,1,1,1,0,1
0.1649652182693179,-0.1372743995179157,0.9867188081797118,1,1,1,1,1,0,0,0,0,0,0,1
1.5895889807659456,1.4508197855632678,0.722493085153298,0,1,0,0,0,1,1,1,0,0,0,1
-0.4522276257258069,-0.4223169455581282,-0.1914952649380696,0,0,1,0,0,0,1,0,0,0,0,0
1.4201967991640814,0.758573602322752,1.397182667220744,1,1,0,1,0,0,0,0,0,1,0,1
-0.1063402175323919,-0.0965540357978854,0.1392023380949889,0,1,0,0,0,0,0,0,0,1,0,0
0.5331323638527423,0.3106496014024181,0.8255244991635975,1,1,0,0,0,0,0,1,0,1,0,1
1.794650801337756,1.3286586944031769,1.1495749141959914,1,1,1,1,0,0,1,0,0,0,0,0
-0.479205961199056,1.4508197855632678,-1.504314895069307,0,0,0,1,1,1,0,0,0,1,1,0
-0.723886007862408,-0.9109613101984924,-0.1698919039359101,0,1,0,0,0,0,0,0,1,0,0,0
0.7752094312962713,0.3106496014024181,1.3207400052131024,1,1,0,0,0,0,0,0,0,0,0,1
-0.1364288925818701,-0.1372743995179157,0.1358787440946564,0,1,0,0,0,0,1,0,0,0,0,1
-0.9000062289731366,-0.7073594915983407,-1.504314895069307,0,1,0,1,0,1,0,0,1,1,1,0
2.207465658284922,1.5729808767233588,1.395520870220578,1,1,0,0,0,0,1,0,0,0,0,1
0.9117776037532505,0.3513699651224484,1.327387193213767,1,1,1,0,0,0,0,0,0,0,0,1
-0.9535878944388128,-1.2367242199587352,-0.0901256479279362,0,0,0,0,0,0,0,0,0,0,0,1
0.5256101950903728,0.4735310562825394,0.4250314221235619,0,1,0,0,0,1,0,0,1,1,0,1
-0.8325493607170483,-1.1145631287986442,0.3452651661155883,0,0,0,0,0,0,0,1,0,0,0,1
-0.360505696945946,0.0256070553622056,-0.6717545979860794,0,1,0,1,0,0,0,0,0,0,0,0
-0.983764806072014,-1.2774445836787656,-0.4939423189683041,0,1,1,0,0,1,0,0,0,0,0,0
-0.4157197392104942,-0.748079855318371,0.935203101174562,1,1,1,0,0,0,0,0,0,0,0,1
-0.8105122739322767,-0.5037576729981889,-1.4760643460664828,0,0,0,1,0,1,0,0,1,0,1,0
-0.8728073020405804,-1.1552834925186746,0.328647196113927,1,1,1,1,0,0,0,0,0,0,0,0
-0.7583423938061653,-0.9924020376385532,0.1641292930974807,1,1,1,0,1,0,0,0,0,0,0,0
-0.4392127296266924,1.4100994218432374,-1.5076384890696393,0,1,0,1,0,1,0,0,0,0,1,0
1.84565154672954,1.6137012404433893,0.7573908221567865,0,1,0,1,0,1,1,1,0,0,0,1
-0.8652630741322802,-1.1145631287986442,0.142525932095321,1,1,0,0,1,0,0,0,1,0,0,0
0.2503561721670671,0.3106496014024181,0.2189685941029625,0,1,0,1,0,1,1,1,1,0,0,1
-0.3411818851106505,1.125056875803025,-1.3564149620545218,0,0,0,1,0,1,0,0,0,1,1,0
0.1258322933882515,0.9621754209229036,-0.6617838159850825,0,1,0,0,0,0,0,0,0,0,0,1
-0.1088329010225613,-0.3408762181180675,0.611152686142168,1,0,0,1,0,1,0,0,0,1,0,0
1.1363176501818713,1.6137012404433893,0.1209225710931616,0,0,0,1,0,1,1,1,0,0,0,0
-0.9165505884211634,-0.8295205827584317,-1.4943441130683104,0,0,0,1,0,0,0,0,0,1,1,0
-0.0016033926534166,0.7992939660427822,-0.681725379987076,0,0,0,1,0,1,1,0,0,1,0,1
-0.9616836009953807,-1.1552834925186746,-1.3165318340505352,0,1,1,1,0,0,0,0,0,0,0,0
2.3801005343386,1.5322605130033284,1.4869197052297147,1,1,1,1,0,0,0,1,0,1,0,1
-0.964043929609966,-1.2774445836787656,0.9917041991802098,1,1,1,0,0,0,0,0,0,0,0,1
-0.3976312395473182,1.5729808767233588,-1.505976692069473,0,0,0,1,0,1,0,0,1,0,1,0
-0.7004371357380713,-0.3001558543980371,-1.329826210051864,0,0,0,0,0,0,0,0,0,0,1,0
-0.9971105893600888,-1.2774445836787656,-1.4993295040688086,0,0,0,0,0,0,0,0,1,0,1,0
-0.6684734332844834,-0.7888002190384014,-0.291203084948037,0,1,1,0,0,1,1,0,0,0,0,0
1.4500207644623908,0.8400143297628127,1.305783832211607,1,1,0,1,0,1,1,1,0,0,0,1
-0.9009106539562954,-0.8702409464784621,-1.4860351280674795,0,0,0,0,0,0,0,0,0,1,1,0
-0.4694558186976855,-0.7888002190384014,0.7042133181514708,1,1,1,0,0,0,0,0,0,0,0,1
-0.8976238412126207,-0.8702409464784621,-1.3148700370503688,0,0,1,0,0,0,0,0,0,1,1,0
-0.7320037735649065,0.0256070553622056,-1.4843733310673135,0,0,0,1,0,1,0,0,0,1,1,0
-0.4481908020204884,1.247217966963116,-1.5093002860698053,0,0,1,1,0,1,0,0,0,0,1,0
-0.5837221946187243,-0.7888002190384014,0.2987348501109366,1,1,0,0,0,0,1,0,0,0,0,0
-0.5389641875253292,-0.5851984004382496,-0.3177918369506949,0,0,0,0,0,0,0,1,0,0,0,0
0.205355514468434,-0.1372743995179157,1.034910921184529,1,1,1,1,1,0,0,0,0,0,0,1
2.317276086727959,1.5729808767233588,1.438727592224897,1,1,1,0,0,0,1,1,0,0,0,1
-0.614296170878678,-0.9109613101984924,0.5014740841312035,1,1,0,0,0,0,1,0,1,0,0,0
-0.470161711367468,-0.62591876415828,0.1873944510998066,1,1,0,1,0,0,0,0,0,0,0,0
-0.2680558163503718,1.4100994218432374,-1.3181936310507012,0,0,0,0,1,0,0,0,0,0,1,0
-0.9262566126306726,-1.2367242199587352,1.0083221691818711,1,1,0,0,1,0,0,1,0,0,0,1
-0.3809765843696379,-0.5037576729981889,0.1308933530941583,0,1,1,0,0,0,0,1,0,1,0,0
-0.996735583879267,-1.2774445836787656,-1.4710789550659844,0,0,0,0,0,0,0,0,1,0,1,0
0.8233866060089257,0.758573602322752,0.6460504231456565,1,1,1,1,1,1,0,0,0,0,0,0
0.7407971636443754,0.5549717837226001,0.6659919871476498,1,1,0,0,0,1,0,1,0,0,0,0
-0.589016389642093,-0.748079855318371,0.1475113230958195,0,0,0,1,0,1,1,0,1,0,0,1
-0.9365802929262412,-0.9924020376385532,-1.5142856770703037,0,0,0,0,0,0,0,0,1,0,1,0
1.0941846814542295,0.4328106925625091,1.3240635992134344,1,1,1,0,0,0,0,0,0,0,0,1
0.5438751679209944,0.1477681465222966,0.9950277931805424,1,1,1,0,0,1,0,0,0,0,0,1
2.414402506260842,1.4100994218432374,1.7096005032519754,1,0,0,0,0,0,1,1,0,0,0,1
-0.4618454133515931,-0.4223169455581282,-0.454059190964317,0,1,1,1,0,1,0,1,0,0,0,0
-0.9604482888232614,-1.2367242199587352,-0.3227772279511935,0,1,0,0,0,0,0,1,0,0,0,0
-0.0379789242931449,-0.2594354906780068,0.6992279271509723,1,1,0,0,1,0,1,0,0,0,0,0
0.4836095812383152,0.3920903288424788,0.5214156481331973,0,0,0,1,0,0,1,1,0,1,0,1
-0.3263360798992878,-0.6666391278783103,0.8903345821700764,1,1,1,1,1,0,0,1,0,0,0,1
-0.2648572401904199,-0.5851984004382496,1.0066603721817051,1,1,0,0,0,0,0,1,0,0,0,1
-0.9863898444377676,-1.2774445836787656,-0.6916961619880726,0,0,0,0,0,0,0,0,1,0,0,0
-0.3943664859495743,0.9621754209229036,-1.3397969920528607,0,1,0,1,0,1,0,0,1,0,1,0
-0.7833354061456511,-0.2594354906780068,-1.5109620830699717,0,0,0,0,1,0,0,0,0,1,1,0
-0.226672858584374,0.0663274190822359,-0.2828940999472064,0,1,1,0,1,0,0,0,0,0,0,1
-0.4599042085096914,-0.2594354906780068,-0.518869273970796,0,0,0,0,0,0,0,1,0,0,0,0
-0.2047460675292557,-0.2594354906780068,0.142525932095321,1,1,0,0,0,0,0,0,0,0,0,0
-0.996581169857752,-1.2774445836787656,-1.4594463760648215,0,1,0,1,1,0,0,0,1,0,1,0
-0.6912825901768298,-0.1372743995179157,-1.3181936310507012,0,1,0,0,0,0,0,0,0,0,0,0
-0.9731322977334154,-1.2774445836787656,0.3070438351117673,1,0,1,0,0,0,0,1,0,0,0,0
-0.7368126673777996,-1.0331224013585834,0.6510358141461546,1,1,1,0,1,0,0,0,0,0,0,0
-0.5047283930408788,-0.7888002190384014,0.8753784091685812,1,1,1,0,0,0,0,0,0,0,0,1
-0.9695366569467108,-1.1960038562387048,-1.1420431490330922,0,0,1,0,0,0,0,1,0,0,0,0
-0.9866766133348666,-1.2774445836787656,-0.7132995229902325,0,1,1,0,1,0,0,0,0,0,0,1
1.0809050756039464,0.7178532386027215,1.0282637331838649,1,1,1,0,0,0,0,0,0,0,0,1
-0.9971105893600888,-1.2774445836787656,-1.4993295040688086,0,0,0,0,0,0,0,0,1,0,1,0
-0.9236536334108496,-0.9516816739185228,-1.479387940066815,0,0,0,0,0,0,0,0,1,0,1,0
-0.9857942474976384,-1.2774445836787656,-0.6468276429835875,0,0,1,0,0,0,0,0,0,0,0,0
-0.9697351892600872,-1.2774445836787656,0.5629605731373504,1,1,1,0,0,0,1,0,0,0,0,0
0.9583003425211022,0.4328106925625091,1.3140928172124378,1,1,0,1,0,1,0,1,0,1,0,1
0.5131247184935952,1.5322605130033284,-0.5437962289732878,0,0,0,0,0,0,1,1,0,0,0,1
-0.3932194103611777,1.5729808767233588,-1.4943441130683104,0,0,0,1,1,1,0,0,0,0,1,0
0.8131732214430102,0.4735310562825394,0.936864898174728,1,1,0,1,0,1,0,0,0,0,0,1
-0.9720955178746724,-1.1552834925186746,-1.4760643460664828,0,0,0,1,0,1,0,0,1,0,1,0
-0.966117489327452,-1.2774445836787656,0.8354952811645946,1,1,1,0,0,0,0,0,0,0,0,1
-0.9643748167989264,-1.2774445836787656,0.966777244177718,1,1,1,0,0,0,0,0,0,0,0,1
-0.1818266149072559,-0.1779947632379461,-0.0103593919199621,0,0,0,0,1,0,0,1,0,0,0,0
-0.0072064157198149,-0.1372743995179157,0.3502505571160864,1,1,0,1,0,0,0,0,0,0,0,0
-0.9748749702619408,-1.2774445836787656,0.1757618720986434,1,1,1,0,1,0,0,0,0,0,0,0
-0.8602777071519415,-0.9109613101984924,-0.9991286070188056,0,1,1,0,1,0,0,0,0,0,0,1
-0.1313111707259472,0.7992939660427822,-0.8528904710041867,0,0,0,0,0,0,1,1,1,0,0,0
-0.6459951635810975,-0.8702409464784621,0.3386179781149237,1,0,1,0,0,0,0,0,0,0,0,0
-0.761254201069018,-0.1372743995179157,-1.5076384890696393,0,0,0,0,0,0,0,0,1,0,1,0
0.2658196334644896,0.3920903288424788,0.0976574130908358,0,1,0,0,0,0,1,1,1,1,0,1
1.4244100960368455,0.9621754209229036,1.113015380192337,1,1,1,1,0,0,0,0,0,1,0,1
-0.8206153627685383,-0.748079855318371,-1.1187779910307665,0,1,0,0,0,0,0,0,1,0,0,0
-0.4346244272731063,-0.5851984004382496,0.3303089931140931,1,1,1,0,1,0,0,0,0,0,0,0
-0.6567379676493496,0.2699292376823877,-1.491020519067978,0,0,0,0,0,0,0,0,1,1,1,0
0.1493694020963113,1.2064976032430856,-0.7000051469889033,0,1,0,0,0,0,1,1,0,0,0,0
-0.9965370515658908,-1.2774445836787656,-1.4561227820644893,0,0,0,0,0,0,0,0,0,0,1,0
1.8360558182496844,1.125056875803025,1.3705939152180862,1,1,1,0,1,0,0,1,0,1,0,1
-0.4547864866537683,-0.6666391278783103,0.5247392421335293,1,1,0,0,0,0,0,0,1,0,0,0
-0.9780735464218926,-1.2774445836787656,-0.0651986929254444,0,1,0,0,0,0,0,0,1,0,0,1
1.9863888977674216,1.6137012404433893,0.9052907551715716,0,1,0,1,0,0,1,1,0,0,0,1
-0.2405480613747858,-0.1372743995179157,-0.2247312049413921,0,0,0,0,0,0,1,1,0,1,0,0
-0.8590203358338914,-0.7073594915983407,-1.4993295040688086,0,0,0,1,0,1,0,0,1,1,1,0
2.2500618690771086,1.4508197855632678,1.4088152462219072,1,1,0,1,1,1,0,1,0,1,0,1
-0.7641660083318706,-1.0738427650786138,1.1695164781979852,1,1,0,0,0,0,0,1,1,0,0,1
-0.1403554205575352,-0.4223169455581282,0.684271754149477,1,0,0,1,1,1,0,0,0,0,0,0
0.4717858790194587,0.5142514200025698,0.2920876621102721,0,0,0,0,0,0,1,1,1,0,0,1
1.912601054629222,1.6137012404433893,0.9036289581714056,0,1,0,1,0,1,1,1,0,0,0,1
2.3327395480253816,1.4100994218432374,1.5467443972356951,1,1,0,1,0,0,0,1,0,0,0,1
-0.5550894232006726,-0.9109613101984924,1.0133075601823696,1,1,1,0,0,0,0,0,0,0,0,1
-0.3310126188365967,0.758573602322752,-1.153675728034255,0,1,0,1,0,0,0,0,0,0,0,0
2.062272359769038,1.6137012404433893,1.034910921184529,1,1,0,1,0,1,1,0,0,0,0,0
-0.905829843498842,-0.9109613101984924,-1.3547531650543558,0,1,1,0,0,0,0,0,0,0,1,0
-0.79617382907732,-0.4223169455581282,-1.477726143066649,0,0,0,0,0,0,0,0,1,1,1,0
-0.9633821552320448,-1.1145631287986442,-1.4694171580658184,0,0,0,0,0,0,0,0,0,0,1,0
0.0316397402641519,-0.0965540357978854,0.4366640011247251,1,0,0,1,1,0,0,0,1,0,0,0
-0.2140109088201507,-0.5851984004382496,1.2143849972024705,1,0,0,0,0,0,0,0,0,0,0,1
-0.9663821990786204,-1.2367242199587352,-0.6800635829869099,0,1,1,0,1,0,0,0,0,0,0,0
0.0396913285288583,0.880734693482843,-0.6867107709875744,0,0,0,0,0,0,1,1,0,1,0,1
-0.3624910200797092,1.5322605130033284,-1.4760643460664828,0,0,0,1,0,1,0,0,0,0,1,0
-0.9058739617907036,-0.9924020376385532,-1.140381352032926,0,1,1,0,0,0,1,0,0,0,0,0
1.1934508381423907,1.125056875803025,0.6709773781481484,0,1,1,0,0,1,1,1,0,0,0,1
0.0458237710975937,-0.2187151269579764,0.8122301231622688,1,1,1,0,0,0,0,1,0,0,0,1
-0.6231418883968898,0.3920903288424788,-1.5093002860698053,0,0,0,1,0,1,0,0,1,0,1,0
1.623890952688188,1.2879383306831464,0.898643567170907,1,1,1,1,0,1,1,0,0,0,0,0
-0.2491070099958984,1.3286586944031769,-1.329826210051864,0,0,0,1,0,1,0,0,0,0,1,0
-0.9511613883864356,-1.2367242199587352,0.179085466098976,1,1,1,0,0,0,0,0,0,0,0,0
0.3554238842350031,1.4508197855632678,-0.6584602219847502,0,0,1,0,0,0,0,1,0,0,0,1
2.5182128470107283,1.5322605130033284,1.6032454952413433,1,1,0,1,1,0,1,1,0,0,0,1
0.6838404488513017,0.7992939660427822,0.2721460981082788,1,1,0,0,1,0,0,0,0,0,0,0
1.1383470916074956,1.4508197855632678,0.2006888271011353,0,0,0,1,0,1,0,1,0,0,0,1
-0.4306978992974413,1.5322605130033284,-1.505976692069473,0,0,0,1,0,0,0,0,0,0,1,0
0.7015980613255172,1.4100994218432374,-0.1416413549330859,0,0,0,0,0,0,1,1,0,1,0,0
0.0044849316234573,-0.1779947632379461,0.6875953481498096,1,0,1,1,0,1,0,0,0,0,0,0
-0.1018842700543899,-0.3408762181180675,0.6676537841478158,1,1,0,0,0,0,0,0,0,0,0,0
-0.9199476968944916,-1.2367242199587352,0.5114448661322006,1,1,1,1,0,0,1,1,0,0,0,0
1.347203085279387,1.4508197855632678,0.4549437681265523,0,1,1,1,0,1,1,1,0,1,0,1
1.1518252297711549,1.0436161483629645,0.7091987091519689,0,1,1,1,0,0,1,0,0,0,0,1
-0.8338067320350985,-0.9109613101984924,-0.9642308700153168,0,0,1,0,0,0,0,1,0,0,0,0
-0.9947061424536424,-1.2774445836787656,-1.3181936310507012,0,1,1,0,1,0,0,0,0,0,0,0
-0.718393280525663,-0.9516816739185228,0.2704843011081128,0,1,0,0,0,1,0,1,1,0,0,1
-0.4696984693029233,1.247217966963116,-1.504314895069307,0,0,0,0,0,1,0,0,0,0,1,0
-0.9466392634706416,-1.0331224013585834,-1.4660935640654862,0,0,0,1,0,1,0,0,1,1,1,0
0.8949464754081244,0.880734693482843,0.5014740841312035,1,1,0,0,0,0,0,0,0,0,0,0
-0.4815662898136412,0.4328106925625091,-1.2982520670487077,0,1,0,0,0,0,0,0,0,0,1,0
-0.54527310326151,-0.748079855318371,0.468238144127881,1,0,1,0,1,0,1,0,0,0,0,0
-0.9971105893600888,-1.2774445836787656,-1.4993295040688086,0,0,0,1,0,1,0,0,1,1,1,0
-0.9685881136716904,-1.2774445836787656,0.6493740171459885,1,0,1,0,0,0,0,0,0,0,0,0
-0.4334111742469177,1.2064976032430856,-1.4727407520661506,0,0,0,1,0,1,0,0,0,0,1,0
1.564331258675291,1.247217966963116,0.8537750481664219,1,0,0,0,0,0,0,0,0,1,0,1
-0.0299714543202998,-0.1372743995179157,0.5097830691320341,0,0,0,1,0,1,0,0,0,0,0,1
0.1508914831655297,-0.1372743995179157,0.7656998071576172,1,1,0,1,0,1,0,0,0,0,0,1
-0.5659866412904396,-0.3815965818380978,-0.6584602219847502,0,1,1,0,0,0,0,0,0,0,0,1
-0.9227933267195524,-1.2367242199587352,0.5247392421335293,1,0,0,0,0,1,1,0,0,0,0,0
-0.7302169827445196,-0.9924020376385532,0.5064594751317021,1,1,0,0,0,0,0,0,0,0,0,0
-0.9724264050636328,-1.2367242199587352,-1.160322916034919,0,0,0,0,0,0,0,1,0,0,0,0
2.0346101907719376,1.369379058123207,1.3340343812144315,1,1,1,1,1,1,0,0,0,1,0,1
0.9303072863350405,0.4328106925625091,1.2044142152014738,1,1,1,1,1,0,0,0,0,0,0,1
-1.005779833710855,-1.318164947398796,-0.0951110389284345,0,1,0,0,0,1,1,1,0,0,0,0
1.5038671396792358,1.3286586944031769,0.6975661301508063,1,1,1,1,1,1,1,0,0,0,0,0
1.2734593604330482,0.6771328748826912,1.270886095208119,1,0,0,0,1,0,1,1,0,1,0,1
-0.2405480613747858,-0.5037576729981889,0.6809481601491449,1,1,1,0,0,0,0,0,0,0,0,0
0.0708167834370796,-0.1372743995179157,0.6992279271509723,1,1,1,1,0,0,0,0,0,0,0,0
-0.7483716598454877,-0.9924020376385532,0.5214156481331973,1,1,0,1,1,1,0,0,0,0,0,0
1.6643694854710271,1.6137012404433893,0.641065032145158,1,1,0,1,0,0,1,0,0,0,0,0
-0.4681322699418433,1.3286586944031769,-1.502653098069141,0,1,0,0,0,0,0,0,0,0,1,0
-0.609707868525092,-0.9516816739185228,1.2575917192067896,1,1,0,1,0,1,0,0,0,0,0,1
-0.3948517871600497,-0.8295205827584317,1.6015836982411773,1,1,0,0,0,0,0,1,1,0,0,1
0.7524885109876478,1.5729808767233588,-0.2762469119465419,0,1,1,0,1,0,1,0,0,1,0,1
-0.7878134127695838,-0.3408762181180675,-1.4976677070686424,0,1,0,1,0,1,0,0,1,0,1,0
-0.2377686089875174,1.2879383306831464,-1.299913864048874,0,0,0,1,1,0,0,0,0,0,1,0
-0.2163932965806666,-0.5444780367182193,1.0099839661820376,1,1,1,0,0,0,1,0,0,0,0,1
1.1242733565037075,1.0436161483629645,0.5895493251400082,1,0,0,1,0,1,0,0,0,0,0,0
-0.5933620413904415,-0.62591876415828,-0.3377334009526884,0,0,1,1,0,0,0,1,0,1,0,1
-0.8299463814972255,-1.1145631287986442,0.5097830691320341,1,1,0,0,0,0,0,0,1,0,0,0
0.8287690376160171,1.1657772395230557,0.1092899920919985,0,1,0,1,0,1,1,1,0,0,0,0
1.6658253891024537,1.4915401492832985,0.749081837155956,1,0,0,1,1,0,1,0,0,1,0,1
1.5491545662749682,0.7178532386027215,1.6481140142458286,1,0,0,0,0,0,1,1,0,1,0,1
-0.4890222811382186,0.5142514200025698,-1.3331498040521963,0,1,0,1,0,1,0,0,0,0,1,0
-0.9189770944735408,-0.9109613101984924,-1.4943441130683104,0,1,0,1,0,1,0,0,0,0,1,0
1.4001670946590032,1.125056875803025,0.8703930181680831,1,0,1,1,0,1,0,0,0,1,0,0
-0.2423789704870342,-0.4223169455581282,0.4848561141295422,1,1,1,0,0,0,0,0,0,0,0,0
-0.7646954278342075,-0.9924020376385532,0.0494653000860181,0,1,1,0,0,0,0,0,0,0,0,1
0.0898979446671373,-0.3815965818380978,1.3838882912194153,1,1,1,0,1,0,0,0,0,0,0,1
0.5699490784110848,0.3920903288424788,0.6510358141461546,0,0,0,1,0,0,1,1,0,0,0,1
-0.5060298826507903,-0.8295205827584317,1.1695164781979852,1,1,0,0,0,0,0,1,1,0,0,1
-0.5150520733364476,-0.748079855318371,0.5081212721318681,1,1,0,0,0,0,0,1,0,0,0,0
1.7127451924970574,1.4508197855632678,0.7723469951582818,0,0,0,1,0,1,1,1,0,0,0,1
-0.7130329080645024,-0.9516816739185228,0.4017662641212361,1,1,1,0,0,0,0,0,0,0,0,0
-0.8906752102444494,-1.1960038562387048,0.50313588113137,1,1,1,0,1,0,0,0,0,0,0,0
1.4744843572995403,0.7992939660427822,1.3872118852197473,1,1,1,1,1,0,0,0,0,1,0,1
0.3922185396474149,0.3106496014024181,0.5064594751317021,1,1,1,1,0,0,0,0,0,0,0,0
2.222885001290483,1.4915401492832985,1.4503601712260603,1,1,0,1,1,0,0,1,0,0,0,1
-0.6241124908178407,-0.9109613101984924,1.0083221691818711,1,1,0,0,0,0,0,1,0,0,0,1
-0.9555511584266456,-1.1145631287986442,-1.4527991880641573,0,0,0,0,0,0,0,0,1,0,1,0
-0.6056048673819813,0.5549717837226001,-1.4893587220678115,0,0,1,0,0,0,0,0,0,0,1,0
-0.7235551206734474,-1.0331224013585834,1.044881703185526,1,0,1,0,0,0,0,0,0,0,0,1
-0.2159962319539139,1.5322605130033284,-1.3165318340505352,0,0,0,1,0,1,0,0,0,0,1,0
-0.8006077174093913,-1.1145631287986442,1.1429277261953277,1,1,0,1,0,1,0,1,1,0,0,1
-0.3695058284856726,-0.6666391278783103,0.8654076271675846,1,1,0,1,0,1,0,0,0,0,0,0
-0.7607468407126118,-0.4223169455581282,-1.3132082400502028,0,0,0,1,0,1,0,0,0,0,1,0
-0.9692278289036812,-1.1960038562387048,-1.1304105700319294,0,1,1,1,1,0,0,0,0,0,0,0
-0.749540794579815,-0.8702409464784621,-0.304497460949366,0,1,1,0,1,0,1,0,0,0,0,0
-0.9877354523395404,-1.2367242199587352,-1.4876969250676455,0,1,0,0,0,0,0,0,1,0,1,0
0.1682520310129925,-0.0151133083578247,0.682609957149311,1,0,1,1,1,0,0,0,0,0,0,1
-0.5297875828181567,-0.8702409464784621,0.9717626351782166,1,1,1,1,0,0,0,0,0,0,0,1
-0.9968679387548512,-1.2774445836787656,-1.481049737066981,0,0,0,0,0,0,0,0,1,0,1,0
-0.9863677852918368,-1.2774445836787656,-0.6900343649879066,0,0,1,0,0,1,0,0,0,0,0,0
-0.1835031099979892,-0.3001558543980371,0.3170146171127639,0,0,0,0,0,0,1,1,1,1,0,0
0.7379735929652455,1.6137012404433893,-0.3643221529553466,0,1,0,1,0,1,1,0,0,0,0,1
2.7859226420257333,1.6137012404433893,1.7345274582544672,1,1,0,1,0,0,1,1,0,0,0,1
1.0358602996134518,1.4100994218432374,0.1026428040913339,0,0,0,1,0,1,1,1,1,0,0,1
0.1842669709586825,-0.055833672077855,0.7241548821534641,1,1,0,0,0,1,0,0,0,0,0,0
-0.709062261796976,-0.9516816739185228,0.2073360151017999,1,0,1,0,0,0,0,0,0,0,0,0
0.5583680267974659,0.188488510242327,1.2343265612044645,1,1,0,0,0,0,0,0,0,0,0,1
-0.1802604155461759,-0.5037576729981889,0.8188773111629334,1,1,0,0,0,0,1,0,0,0,0,0
2.058014944604413,1.5322605130033284,1.1495749141959914,1,1,0,1,0,0,1,0,0,0,0,0
0.3105555814119543,1.4508197855632678,-0.6634456129852487,0,0,0,1,0,1,1,0,1,1,0,0
0.8292984571183538,0.6771328748826912,0.7789941831589463,1,1,1,1,1,0,1,0,0,0,0,0
0.6682887509701564,1.4508197855632678,-0.3543513709543497,0,1,0,1,0,0,1,0,0,0,0,1
-0.7300184504311433,-0.0965540357978854,-1.4976677070686424,0,0,0,0,0,0,0,0,1,1,1,0
-0.1000092426502802,0.0663274190822359,-0.0136829859202946,0,0,1,0,0,0,1,0,0,1,0,1
-0.6024062912220294,-0.9109613101984924,0.8321716871642622,1,1,1,1,1,0,0,0,0,0,0,1
-0.901748901501662,-0.8295205827584317,-1.4527991880641573,0,0,0,0,0,1,0,0,0,0,1,0
0.3182983416336307,0.3513699651224484,0.2738078951084448,0,1,1,1,0,0,0,0,0,1,0,1
-0.0089932065402019,-0.3408762181180675,0.8238627021634315,1,1,1,0,0,0,0,1,0,0,0,1
-0.9750514434293864,-1.2774445836787656,0.1624674960973147,1,1,1,0,0,1,0,0,0,0,0,0
-0.7558497103159959,-0.4223169455581282,-1.3132082400502028,0,0,0,0,0,0,0,0,1,0,1,0
0.3000333688030092,0.9621754209229036,-0.3560131679545159,0,1,0,1,0,0,0,1,0,1,0,1
-0.9680807533152844,-1.2774445836787656,0.6875953481498096,1,1,0,0,0,0,0,0,1,0,0,1
-0.9973091216734652,-1.2774445836787656,-1.5142856770703037,0,0,1,0,0,0,0,0,0,0,1,0
2.456844303031514,1.6137012404433893,1.3739175092184182,1,1,0,1,0,1,1,0,0,1,0,1
1.316717345603156,1.5322605130033284,0.3768393091187442,0,0,0,1,0,0,0,1,0,0,0,0
1.4368293951958309,1.5322605130033284,0.4782089261288781,0,0,0,1,0,0,1,1,1,0,0,0
1.205870137301376,1.369379058123207,0.3436033691154218,0,1,1,1,0,1,1,1,0,1,0,0
-0.8525128877843341,-1.1145631287986442,0.1741000750984774,0,1,0,0,0,0,0,0,1,1,0,1
-0.9445215854612944,-1.0738427650786138,-1.4926823160681442,0,0,0,1,0,1,0,0,0,0,1,0
-0.8707999197608866,-1.1145631287986442,-0.4573827849646494,0,1,0,0,0,0,0,0,1,0,0,1
-0.9746764379485644,-1.2774445836787656,0.1907180451001386,1,0,1,0,0,0,0,0,0,0,0,0
2.825805577868443,1.6137012404433893,1.7627780072572912,1,1,0,1,0,0,1,1,0,1,0,1
-0.5880016689292806,-0.62591876415828,-0.2878794909477047,0,0,0,0,0,0,1,0,1,1,0,0
-0.9965370515658908,-1.2774445836787656,-1.4561227820644893,0,0,0,0,0,0,0,0,1,0,1,0
1.7400544151592674,1.5729808767233588,0.6975661301508063,0,0,0,1,0,0,1,1,0,0,0,1
1.5367352671159824,1.4508197855632678,0.720831288153132,1,0,0,1,0,0,0,0,0,1,0,0
-0.9729337654200392,-1.2774445836787656,0.3220000081132624,1,1,0,0,1,0,0,0,1,0,0,0
0.1780021735143629,-0.055833672077855,0.7939503561604415,1,0,0,1,0,0,0,0,0,0,0,0
1.8833726862710407,1.2879383306831464,1.28750406520978,1,1,0,0,1,0,1,0,0,0,0,1
0.8621665845551005,0.7992939660427822,0.5380336181348585,0,1,0,0,0,0,0,1,0,0,0,1
0.5515738098508095,0.880734693482843,0.0162293600826957,0,0,0,0,1,0,0,1,0,1,0,1
-0.888932537715924,-1.1960038562387048,0.6643301901474837,1,1,0,1,0,1,0,0,0,0,0,1
-0.7720411234291316,-0.2187151269579764,-1.5076384890696393,0,1,1,0,0,0,0,0,0,0,1,0
-0.8404244758143092,-1.1145631287986442,0.5297246331340278,1,0,1,0,1,0,1,0,0,0,0,0
1.622280635035247,1.5729808767233588,0.6460504231456565,0,0,0,1,0,0,0,1,0,0,0,1
-0.9709043239944144,-1.2774445836787656,0.4748853321285456,1,1,1,0,0,0,0,0,0,0,0,0
-0.9572276535173788,-1.1552834925186746,-1.1835880740372453,0,1,0,0,0,0,1,0,1,0,0,0
-0.7664822186545944,-0.9516816739185228,-0.1615829189350795,0,0,0,0,0,0,0,0,1,0,0,1
2.402953809522808,1.6137012404433893,1.4586691562268908,1,1,0,1,0,1,1,1,0,0,0,1
1.2665548477567383,1.2064976032430856,0.6709773781481484,0,1,1,1,0,0,1,1,0,0,0,1
-0.2882399348769646,1.5729808767233588,-1.3580767590546885,0,0,0,1,0,1,0,0,0,0,1,0
0.8411442184831411,0.3920903288424788,0.9784098231788813,1,1,1,1,0,1,0,0,0,0,0,1
-0.9527275877475156,-1.2367242199587352,0.1857326540996401,1,1,1,1,0,0,0,0,0,0,0,0
-0.9743896690514654,-1.2774445836787656,0.2123214061022984,1,1,1,0,1,0,0,0,0,0,0,0
2.6086553453266084,1.6137012404433893,1.5949365102405126,1,1,0,0,0,0,1,1,0,0,0,1
-0.8106887470997223,-0.9516816739185228,-0.532163649972125,0,1,1,1,0,0,0,0,0,0,0,1
1.2526134675285343,0.5956921474426305,1.4154624342225712,1,1,0,1,0,1,0,1,0,0,0,1
0.8912846571836278,0.880734693482843,0.5264010391336954,0,0,1,0,0,0,1,1,0,0,0,1
0.6025524960966631,0.0256070553622056,1.422109622223236,1,0,1,0,0,0,0,0,0,0,0,1
-0.7925561291446849,-1.0738427650786138,0.4615909561272169,0,0,0,0,0,0,1,1,0,0,0,1
0.2217675190408768,1.002895784642934,-0.4939423189683041,0,1,0,1,0,0,1,1,0,0,0,1
-0.8443951220818356,-0.62591876415828,-1.4710789550659844,0,1,0,0,0,0,0,0,1,1,1,0
-0.9968017613170592,-1.2774445836787656,-1.4760643460664828,0,0,0,1,0,1,0,0,1,0,1,0
-0.4893531683271792,1.002895784642934,-1.5009913010689746,0,1,0,0,0,1,0,0,1,0,1,0
-0.1883340629568131,-0.4630373092781585,0.5845639341395097,1,1,1,0,0,0,0,0,0,0,0,0
-0.0751706443323094,0.3106496014024181,-0.2978502729487016,0,1,1,0,1,0,1,0,0,0,0,1
1.5583752892740017,1.125056875803025,1.0182929511828682,1,1,0,1,0,1,1,0,0,1,0,0
-0.9699337215734636,-1.2367242199587352,-0.6784017859867437,0,0,1,0,0,0,0,0,0,0,0,0
-0.822049207254034,-0.9516816739185228,-0.6518130339840859,0,0,1,0,0,0,0,0,0,0,0,0
1.2660916056921938,0.8400143297628127,1.1180007711928357,1,1,0,1,0,0,0,0,0,0,0,1
0.5119997020511293,0.1477681465222966,1.0049985751815391,1,1,0,1,0,0,0,0,0,0,0,1
2.525360010292276,1.6137012404433893,1.4536837652263923,1,1,0,1,0,0,0,1,0,1,0,1
-0.9348155612517852,-1.1960038562387048,-0.4856333339674735,0,1,0,0,0,0,1,0,1,0,0,0
-0.996956175338574,-1.2774445836787656,-1.4876969250676455,0,0,1,1,0,1,0,0,0,0,1,0
0.8806080305531678,0.9621754209229036,0.4017662641212361,1,1,0,1,1,0,0,1,0,0,0,0
1.761937087922524,1.369379058123207,1.0149693571825356,1,0,1,1,0,0,0,0,0,1,0,1
1.603353887826704,1.002895784642934,1.3340343812144315,1,1,0,0,1,0,0,1,0,0,0,1
1.1821124371340093,1.2064976032430856,0.6543594081464871,1,0,1,0,1,0,0,0,0,1,0,0
0.6606342273322027,0.2292088739623573,1.1462513201956597,1,1,0,0,0,1,0,0,0,0,0,1
0.288783204378351,0.6771328748826912,-0.1665683099355778,0,1,0,0,0,0,1,0,0,0,0,0
-0.7289816705724003,-0.9924020376385532,0.6792863631489789,1,1,0,1,0,0,0,0,0,0,0,1
0.7652166381896631,1.247217966963116,-0.0402717379229525,0,0,0,1,0,1,1,1,1,0,0,0
1.4986611812395898,0.9214550572028734,1.2924894562102784,1,1,0,1,0,0,0,0,0,0,0,1
2.288753611039561,1.4508197855632678,1.5101848632320405,1,1,1,1,0,1,1,0,0,0,0,1
-0.7917178815993181,-0.3815965818380978,-1.462769970065154,0,1,1,1,1,0,0,0,0,1,1,0
1.6277733623719917,1.5729808767233588,0.6526976111463211,0,1,0,1,0,0,1,1,0,0,0,1
-0.4772206380652928,1.2879383306831464,-1.4860351280674795,0,1,0,0,1,0,0,0,0,0,1,0
-0.4063887204818072,-0.5851984004382496,0.4333404071243925,1,0,1,0,0,0,0,0,0,0,0,0
-0.7619600937388005,-1.0738427650786138,0.830509890164096,1,1,1,0,0,0,0,0,0,0,0,0
-0.9479628122264836,-1.1145631287986442,-1.2068532320395708,0,0,1,0,1,0,0,0,0,0,0,0
-0.9858824840813616,-1.2774445836787656,-0.6534748309842519,0,0,0,0,1,0,0,0,1,0,0,0
2.1529575086901565,1.5729808767233588,1.1861344481996463,1,0,1,1,0,1,1,1,0,0,0,1
-0.9529481792068226,-1.2367242199587352,0.1392023380949889,1,0,1,0,0,0,0,0,0,0,0,0
-0.3050710632220906,-0.62591876415828,1.0598378761870213,1,1,0,1,0,0,0,0,0,1,0,1
-0.584119259245477,0.2292088739623573,-1.326502616051532,0,1,1,1,1,0,0,0,0,0,0,0
-0.8205271261848155,-0.4223169455581282,-1.4827115340671475,0,0,0,1,0,1,0,0,1,1,1,0
-0.9418303696577486,-1.0331224013585834,-1.5109620830699717,0,0,0,0,0,0,0,0,1,0,1,0
1.2993788569016238,1.5729808767233588,0.2106596091021319,0,0,0,1,0,1,1,1,1,0,0,0
0.7387015447809587,0.4328106925625091,0.893658176170409,1,1,1,0,0,0,0,0,0,0,0,0
-0.8368950124653969,-0.62591876415828,-1.3181936310507012,0,0,0,0,0,0,0,0,0,0,0,0
-0.6578629840918155,-0.9516816739185228,0.785641371159611,1,1,0,0,0,0,0,0,1,0,0,1
-0.4606762786172659,-0.748079855318371,0.7091987091519689,1,1,1,1,0,0,0,0,0,0,0,0
1.5324557928054263,1.6137012404433893,0.4848561141295422,0,1,0,1,0,0,1,1,0,0,0,1
0.0678387987364348,-0.1779947632379461,0.8354952811645946,1,0,0,1,0,0,0,0,0,0,0,1
-0.2659381383410244,-0.3815965818380978,0.4782089261288781,1,1,1,0,0,0,0,0,0,0,0,0
1.6400382475094624,1.6137012404433893,0.6493740171459885,0,0,0,0,0,0,1,1,0,0,0,1
1.3509310809416757,0.7178532386027215,1.3689321182179202,1,0,0,1,0,1,1,0,0,0,0,1
-0.3619395414314417,0.758573602322752,-1.1736172920362484,0,1,0,1,1,0,0,0,0,0,0,0
-0.9880442803825704,-1.2774445836787656,-0.8163309370005319,0,0,1,1,1,0,0,0,0,0,0,0
-0.8375567868433179,-1.1552834925186746,0.7042133181514708,1,1,1,1,0,1,0,0,0,0,0,1
-0.8166447165010119,-0.9109613101984924,-0.6484894399837535,0,0,0,0,0,0,0,0,1,0,0,0
0.1281485037109753,-0.0965540357978854,0.574593152138513,1,0,0,1,0,1,0,0,0,0,0,0
-0.0486776100695356,0.4328106925625091,-0.4839715369673072,0,0,0,1,0,1,0,0,1,0,0,0
-0.2325847096938023,-0.5851984004382496,1.0199547481830342,1,1,1,0,1,0,0,0,0,0,0,1
-0.7845927774637013,-0.2187151269579764,-1.51594747407047,0,0,0,0,0,0,0,0,1,1,1,0
-0.6239139585044644,-0.9109613101984924,0.6593447991469852,1,1,0,0,1,0,0,0,0,0,0,1
-0.1481643582170038,-0.2187151269579764,0.1923798421003046,1,1,1,1,1,0,0,0,0,0,0,0
0.6506855525174559,0.188488510242327,1.1445895231954937,1,1,1,1,0,0,1,1,0,1,0,1
-0.9722940501880486,-1.2774445836787656,0.3701921211180801,1,1,1,0,0,0,0,1,0,0,0,0
1.2111643323247443,0.6771328748826912,1.151236711196158,1,0,1,1,0,0,0,0,0,0,0,1
-0.9920149266500968,-1.2367242199587352,-1.4993295040688086,0,1,1,0,0,0,0,0,0,0,1,0
0.3802845416989047,0.2292088739623573,0.5679459641378485,1,1,0,0,0,1,0,0,1,0,0,0
-0.9833677414452612,-1.2774445836787656,-0.4640299729653139,0,0,1,0,0,0,0,0,0,0,0,0
-0.8185197439051216,-1.1552834925186746,0.9817334171792133,1,1,1,0,1,0,0,0,0,0,0,1
-0.8140858555730505,-1.0738427650786138,0.4748853321285456,1,1,1,0,0,0,1,0,0,0,0,0
1.3028862611046053,0.7178532386027215,1.3174164112127704,1,1,0,1,0,0,1,0,1,1,0,1
-0.9482054628317216,-1.2367242199587352,-0.1748772949364084,0,0,0,1,0,1,1,1,1,0,0,0
-0.9684998770879678,-1.2367242199587352,-0.6235624849812617,0,1,0,0,0,0,0,0,0,0,0,0
0.779091840980075,0.5956921474426305,0.682609957149311,1,1,1,1,0,0,0,0,0,0,0,1
2.224782087840524,1.4508197855632678,1.3622849302172555,1,0,0,1,0,1,0,1,0,1,0,1
-0.343895160060127,0.4328106925625091,-1.0406735320229583,0,1,0,0,1,0,1,0,0,0,0,0
-0.5306037712175928,-0.62591876415828,0.0644214730875133,0,1,0,1,0,1,0,1,1,0,0,0
-0.9750514434293864,-1.2774445836787656,0.1624674960973147,1,1,1,0,1,0,0,0,0,0,0,0
-0.4596615579044537,-0.7888002190384014,1.1047063951915064,1,1,1,1,1,0,0,0,0,0,0,1
2.8203569688235604,1.6137012404433893,1.7943521502604476,1,1,0,1,0,1,1,1,0,0,0,1
-0.8644027674409828,-0.7073594915983407,-1.491020519067978,0,0,0,0,0,0,0,0,1,0,1,0
-0.6866722286773129,-0.0965540357978854,-1.3098846460498703,0,0,0,0,0,1,0,0,0,1,1,0
-0.6308184711807742,-0.4223169455581282,-0.8495668770038544,0,0,1,1,0,1,0,0,0,0,0,0
1.157891494902098,0.6364125111626608,1.2542681252064576,1,1,0,0,0,0,1,1,0,0,0,1
-0.8550717487122957,-1.1145631287986442,0.1524967140963176,1,1,1,1,1,0,0,0,0,0,0,0
-0.8299463814972255,-0.5444780367182193,-1.4710789550659844,0,0,0,0,0,1,0,0,1,0,1,0
-0.32357868665795,-0.1779947632379461,-0.3477041829536853,0,0,0,0,0,0,1,1,1,1,0,0
0.5440516410884401,0.880734693482843,0.0178911570828617,0,1,0,0,0,0,1,0,0,0,0,0
-0.2413863089201526,-0.3408762181180675,0.1741000750984774,1,0,0,0,1,0,0,0,0,0,0,0
-0.6620101035267875,0.2699292376823877,-1.5093002860698053,0,0,0,0,0,1,0,0,0,1,1,0
-0.7658645625685349,-0.1779947632379461,-1.502653098069141,0,1,0,1,0,1,0,0,0,0,1,0
-0.4060137150009852,-0.5851984004382496,0.2920876621102721,1,1,1,0,1,0,0,0,0,0,0,0
0.3583577506437865,0.0256070553622056,0.9501592741760568,1,1,1,1,0,0,0,0,0,0,0,1
0.6099423099834483,0.4328106925625091,0.6759627691486464,0,0,0,0,0,0,0,1,0,1,0,1
1.453528168665373,1.5729808767233588,0.4250314221235619,0,0,0,1,0,1,1,0,0,0,0,1
-0.9857942474976384,-1.2774445836787656,-0.6468276429835875,0,0,1,0,0,0,0,0,0,0,0,0
0.3087246722997059,-0.1779947632379461,1.3606231332170895,1,1,1,0,0,0,0,0,0,0,0,1
-0.8921311138758758,-1.1960038562387048,0.3768393091187442,1,0,1,0,0,0,0,0,0,0,0,0
0.8622548211388232,1.247217966963116,0.0827012400893406,0,0,0,1,0,0,0,1,1,0,0,1
-0.8278287034878782,-0.9516816739185228,-0.683387176987242,0,1,0,0,0,0,0,0,0,0,0,0
2.200274376711513,1.2879383306831464,1.5517297882361936,1,1,1,1,0,1,0,1,0,1,0,1
0.3379530406578867,0.8400143297628127,-0.3277626189516918,0,0,0,0,0,0,0,1,0,1,0,1
-0.5442142642568363,0.5956921474426305,-1.4827115340671475,0,0,0,0,0,0,0,0,1,0,1,0
-0.2529232422419099,-0.3408762181180675,0.184070857099474,0,1,0,1,0,1,1,1,0,0,0,1
-0.9970002936304354,-1.2774445836787656,-1.491020519067978,0,0,0,1,0,1,0,0,1,0,1,0
-0.9971105893600888,-1.2774445836787656,-1.4993295040688086,0,0,0,0,0,0,0,0,1,0,1,0
-0.9857942474976384,-1.2774445836787656,-0.6468276429835875,0,1,0,0,0,0,0,0,1,0,0,0
-0.2590336256647146,-0.4223169455581282,0.3203382111130964,1,1,0,0,1,0,0,0,0,0,0,0
0.3470855270731975,-0.055833672077855,1.285842268209614,1,1,1,0,0,0,0,0,0,1,0,1
-0.5925237938450747,0.6364125111626608,-1.4893587220678115,0,0,0,0,0,1,0,0,1,1,1,0
0.875181480654215,1.2064976032430856,0.1990270301009692,0,1,0,1,0,1,1,1,0,1,0,0
-0.7980047381895683,-1.1145631287986442,0.6975661301508063,1,1,1,1,0,1,0,1,0,0,0,0
-0.7063269277015688,-0.3815965818380978,-1.1437049460332582,0,1,0,1,0,1,0,1,0,0,0,0
1.6664209860425825,1.369379058123207,0.9102761461720702,1,1,0,0,0,0,0,0,0,1,0,0
-0.3577262445586774,0.9621754209229036,-1.3231790220511994,0,1,0,1,0,1,0,0,0,0,1,0
-0.8901678498880433,-1.1960038562387048,0.7839795741594444,1,1,0,0,0,0,0,1,1,0,0,0
-1.005779833710855,-1.318164947398796,-1.4926823160681442,0,0,0,1,0,1,0,0,1,0,1,0
-0.8133358446114065,-0.9109613101984924,-0.6302096729819263,0,1,0,0,0,0,0,0,0,0,0,0
0.487183162879089,0.3920903288424788,0.4383257981248911,1,1,0,1,0,1,0,0,0,0,0,0
0.991896421773562,0.4328106925625091,1.217708591202803,1,1,1,0,0,0,0,0,0,0,0,1
-0.981823601230112,-1.2774445836787656,-0.3477041829536853,0,0,1,0,0,0,0,0,0,0,0,0
-0.911035801938488,-0.8702409464784621,-1.4893587220678115,0,0,0,1,1,0,0,0,1,0,1,0
2.658707547443372,1.6137012404433893,1.654761202246493,1,0,0,1,0,1,1,1,0,0,0,1
0.4386309826856128,0.880734693482843,-0.1582593249347472,0,0,0,1,0,1,1,1,0,0,0,0
0.3672034681619983,0.9214550572028734,-0.2646143329453791,0,0,0,1,0,0,1,1,1,0,0,0
0.9871537053984608,0.8400143297628127,0.6875953481498096,1,0,0,0,0,0,0,0,0,0,0,0
-0.0284493732510814,-0.1372743995179157,0.3735157151184122,1,1,0,0,0,0,0,0,0,0,0,0
-0.6628262919262236,0.3106496014024181,-1.4827115340671475,0,0,0,1,0,1,0,0,0,0,1,0
-0.8089901928630582,-1.1145631287986442,0.611152686142168,1,1,0,0,1,0,0,0,0,0,0,0
-0.7851442561119688,-1.1145631287986442,1.0565142821866886,1,0,1,0,0,0,0,0,0,0,0,1
1.9019685462906235,1.247217966963116,1.3207400052131024,1,0,0,0,0,0,1,1,0,1,0,0
-0.983169209131885,-1.2774445836787656,-0.4490737999638187,0,0,0,0,0,0,1,0,1,0,0,0
2.3947257480906554,1.5729808767233588,1.478610720228884,1,0,1,1,0,0,0,1,0,0,0,1
-0.7927767206039918,-0.3408762181180675,-1.4744025490663168,0,0,0,1,0,0,0,0,0,1,1,0
-0.9575585407063392,-1.0738427650786138,-1.4660935640654862,0,0,0,0,0,0,0,0,1,0,1,0
